brand,model,reference,year,price_amount,price_currency,price_nature,price_date,estimate_low,estimate_high,case_material,case_size_mm,movement,dial_color,condition,seller,source_id,source_type,source_url,external_id,collected_at
Rolex,,1655,,35560.0,USD,realised,2026-06-05,18000.0,24000.0,,,,,,Christie's,christies,auction,https://www.christies.com/en/sso?ObjectID=23588.201&LotNumber=201&ldp_breadcrumb=back,23588-201,2026-08-09T16:47:32+00:00
Rolex,,1680,,10795.0,USD,realised,2026-06-05,8000.0,12000.0,,,,,,Christie's,christies,auction,https://www.christies.com/en/sso?ObjectID=23588.202&LotNumber=202&ldp_breadcrumb=back,23588-202,2026-08-09T16:47:32+00:00
Rolex,,1675,,21590.0,USD,realised,2026-06-05,15000.0,25000.0,,,,,,Christie's,christies,auction,https://www.christies.com/en/sso?ObjectID=23588.203&LotNumber=203&ldp_breadcrumb=back,23588-203,2026-08-09T16:47:32+00:00
Rolex,,18038,,9525.0,USD,realised,2026-06-05,8000.0,12000.0,,,,,,Christie's,christies,auction,https://www.christies.com/en/sso?ObjectID=23588.204&LotNumber=204&ldp_breadcrumb=back,23588-204,2026-08-09T16:47:32+00:00
,,346,,15240.0,USD,realised,2026-06-05,15000.0,25000.0,,,,,,Christie's,christies,auction,https://www.christies.com/en/sso?ObjectID=23588.206&LotNumber=206&ldp_breadcrumb=back,23588-206,2026-08-09T16:47:32+00:00
Tudor,,9401,,19050.0,USD,realised,2026-06-05,12000.0,18000.0,,,,,,Christie's,christies,auction,https://www.christies.com/en/sso?ObjectID=23588.207&LotNumber=207&ldp_breadcrumb=back,23588-207,2026-08-09T16:47:32+00:00
Rolex,,16030,,7620.0,USD,realised,2026-06-05,5000.0,8000.0,,,,,,Christie's,christies,auction,https://www.christies.com/en/sso?ObjectID=23588.208&LotNumber=208&ldp_breadcrumb=back,23588-208,2026-08-09T16:47:32+00:00
Rolex,,6234,,30480.0,USD,realised,2026-06-05,8000.0,16000.0,,,,,,Christie's,christies,auction,https://www.christies.com/en/sso?ObjectID=23588.209&LotNumber=209&ldp_breadcrumb=back,23588-209,2026-08-09T16:47:32+00:00
Omega,,3570.31,,19050.0,USD,realised,2026-06-05,10000.0,20000.0,,,,,,Christie's,christies,auction,https://www.christies.com/en/sso?ObjectID=23588.210&LotNumber=210&ldp_breadcrumb=back,23588-210,2026-08-09T16:47:32+00:00
Rolex,,116264,,8255.0,USD,realised,2026-06-05,4000.0,6000.0,,,,,,Christie's,christies,auction,https://www.christies.com/en/sso?ObjectID=23588.211&LotNumber=211&ldp_breadcrumb=back,23588-211,2026-08-09T16:47:32+00:00
Rolex,,126720VTNR,,17780.0,USD,realised,2026-06-05,12000.0,18000.0,,,,,,Christie's,christies,auction,https://www.christies.com/en/sso?ObjectID=23588.212&LotNumber=212&ldp_breadcrumb=back,23588-212,2026-08-09T16:47:32+00:00
Chopard,,161984-1001,,12700.0,USD,realised,2026-06-05,8000.0,16000.0,,,,,,Christie's,christies,auction,https://www.christies.com/en/sso?ObjectID=23588.213&LotNumber=213&ldp_breadcrumb=back,23588-213,2026-08-09T16:47:32+00:00
Chopard,,16/1907/13,,6350.0,USD,realised,2026-06-05,4000.0,8000.0,,,,,,Christie's,christies,auction,https://www.christies.com/en/sso?ObjectID=23588.214&LotNumber=214&ldp_breadcrumb=back,23588-214,2026-08-09T16:47:32+00:00
A. Lange & Söhne,,107.031,,19050.0,USD,realised,2026-06-05,10000.0,15000.0,,,,,,Christie's,christies,auction,https://www.christies.com/en/sso?ObjectID=23588.215&LotNumber=215&ldp_breadcrumb=back,23588-215,2026-08-09T16:47:32+00:00
Vacheron Constantin,,820350,,25400.0,USD,realised,2026-06-05,10000.0,20000.0,,,,,,Christie's,christies,auction,https://www.christies.com/en/sso?ObjectID=23588.216&LotNumber=216&ldp_breadcrumb=back,23588-216,2026-08-09T16:47:32+00:00
Jaeger-Lecoultre,,Q1502420,,10160.0,USD,realised,2026-06-05,6000.0,9000.0,,,,,,Christie's,christies,auction,https://www.christies.com/en/sso?ObjectID=23588.217&LotNumber=217&ldp_breadcrumb=back,23588-217,2026-08-09T16:47:32+00:00
Blancpain,,5395,,10160.0,USD,realised,2026-06-05,5000.0,10000.0,,,,,,Christie's,christies,auction,https://www.christies.com/en/sso?ObjectID=23588.218&LotNumber=218&ldp_breadcrumb=back,23588-218,2026-08-09T16:47:32+00:00
Audemars Piguet,,,,25400.0,USD,realised,2026-06-05,20000.0,30000.0,,,,,,Christie's,christies,auction,https://www.christies.com/en/sso?ObjectID=23588.219&LotNumber=219&ldp_breadcrumb=back,23588-219,2026-08-09T16:47:32+00:00
Vacheron Constantin,,47300,,15240.0,USD,realised,2026-06-05,12000.0,18000.0,,,,,,Christie's,christies,auction,https://www.christies.com/en/sso?ObjectID=23588.220&LotNumber=220&ldp_breadcrumb=back,23588-220,2026-08-09T16:47:32+00:00
Vacheron Constantin,,,,12700.0,USD,realised,2026-06-05,6000.0,12000.0,,,,,,Christie's,christies,auction,https://www.christies.com/en/sso?ObjectID=23588.221&LotNumber=221&ldp_breadcrumb=back,23588-221,2026-08-09T16:47:32+00:00
Patek Philippe,,438,,21590.0,USD,realised,2026-06-05,5000.0,10000.0,,,,,,Christie's,christies,auction,https://www.christies.com/en/sso?ObjectID=23588.222&LotNumber=222&ldp_breadcrumb=back,23588-222,2026-08-09T16:47:32+00:00
Rolex,,3372,,4826.0,USD,realised,2026-06-05,3000.0,5000.0,,,,,,Christie's,christies,auction,https://www.christies.com/en/sso?ObjectID=23588.223&LotNumber=223&ldp_breadcrumb=back,23588-223,2026-08-09T16:47:32+00:00
Patek Philippe,,3970EP,,6985.0,USD,realised,2026-06-05,5000.0,8000.0,,,,,,Christie's,christies,auction,https://www.christies.com/en/sso?ObjectID=23588.224&LotNumber=224&ldp_breadcrumb=back,23588-224,2026-08-09T16:47:32+00:00
Patek Philippe,,2466,,8890.0,USD,realised,2026-06-05,7000.0,12000.0,,,,,,Christie's,christies,auction,https://www.christies.com/en/sso?ObjectID=23588.225&LotNumber=225&ldp_breadcrumb=back,23588-225,2026-08-09T16:47:32+00:00
Patek Philippe,,5134J-001,,17780.0,USD,realised,2026-06-05,12000.0,18000.0,,,,,,Christie's,christies,auction,https://www.christies.com/en/sso?ObjectID=23588.226&LotNumber=226&ldp_breadcrumb=back,23588-226,2026-08-09T16:47:32+00:00
Rolex,,118205,,27940.0,USD,realised,2026-06-05,12000.0,18000.0,,,,,,Christie's,christies,auction,https://www.christies.com/en/sso?ObjectID=23588.227&LotNumber=227&ldp_breadcrumb=back,23588-227,2026-08-09T16:47:32+00:00
Rolex,,118348,,20320.0,USD,realised,2026-06-05,12000.0,24000.0,,,,,,Christie's,christies,auction,https://www.christies.com/en/sso?ObjectID=23588.228&LotNumber=228&ldp_breadcrumb=back,23588-228,2026-08-09T16:47:32+00:00
Rolex,,18346,,,,realised,2026-06-05,20000.0,40000.0,,,,,,Christie's,christies,auction,https://www.christies.com/en/sso?ObjectID=23588.229&LotNumber=229&ldp_breadcrumb=back,23588-229,2026-08-09T16:47:32+00:00
Patek Philippe,,1593,,15240.0,USD,realised,2026-06-05,6000.0,12000.0,,,,,,Christie's,christies,auction,https://www.christies.com/en/sso?ObjectID=23588.230&LotNumber=230&ldp_breadcrumb=back,23588-230,2026-08-09T16:47:32+00:00
Patek Philippe,,,,38100.0,USD,realised,2026-06-05,8000.0,16000.0,,,,,,Christie's,christies,auction,https://www.christies.com/en/sso?ObjectID=23588.231&LotNumber=231&ldp_breadcrumb=back,23588-231,2026-08-09T16:47:32+00:00
Vacheron Constantin,,4961,,,,realised,2026-06-05,6000.0,12000.0,,,,,,Christie's,christies,auction,https://www.christies.com/en/sso?ObjectID=23588.232&LotNumber=232&ldp_breadcrumb=back,23588-232,2026-08-09T16:47:32+00:00
Patek Philippe,,2458,,12065.0,USD,realised,2026-06-05,6000.0,9000.0,,,,,,Christie's,christies,auction,https://www.christies.com/en/sso?ObjectID=23588.233&LotNumber=233&ldp_breadcrumb=back,23588-233,2026-08-09T16:47:32+00:00
Patek Philippe,,3445G,,10160.0,USD,realised,2026-06-05,6000.0,12000.0,,,,,,Christie's,christies,auction,https://www.christies.com/en/sso?ObjectID=23588.234&LotNumber=234&ldp_breadcrumb=back,23588-234,2026-08-09T16:47:32+00:00
Patek Philippe,,3571,,10795.0,USD,realised,2026-06-05,6000.0,12000.0,,,,,,Christie's,christies,auction,https://www.christies.com/en/sso?ObjectID=23588.235&LotNumber=235&ldp_breadcrumb=back,23588-235,2026-08-09T16:47:32+00:00
Rolex,,69178,,13970.0,USD,realised,2026-06-05,10000.0,20000.0,,,,,,Christie's,christies,auction,https://www.christies.com/en/sso?ObjectID=23588.236&LotNumber=236&ldp_breadcrumb=back,23588-236,2026-08-09T16:47:32+00:00
Rolex,,6917,,11430.0,USD,realised,2026-06-05,10000.0,15000.0,,,,,,Christie's,christies,auction,https://www.christies.com/en/sso?ObjectID=23588.237&LotNumber=237&ldp_breadcrumb=back,23588-237,2026-08-09T16:47:32+00:00
Rolex,,6917,,27940.0,USD,realised,2026-06-05,15000.0,25000.0,,,,,,Christie's,christies,auction,https://www.christies.com/en/sso?ObjectID=23588.238&LotNumber=238&ldp_breadcrumb=back,23588-238,2026-08-09T16:47:32+00:00
Patek Philippe,,4784/12G,,,,realised,2026-06-05,15000.0,25000.0,,,,,,Christie's,christies,auction,https://www.christies.com/en/sso?ObjectID=23588.239&LotNumber=239&ldp_breadcrumb=back,23588-239,2026-08-09T16:47:32+00:00
Cartier,,78095,,20320.0,USD,realised,2026-06-05,8000.0,12000.0,,,,,,Christie's,christies,auction,https://www.christies.com/en/sso?ObjectID=23588.240&LotNumber=240&ldp_breadcrumb=back,23588-240,2026-08-09T16:47:32+00:00
Cartier,,W5000156,,5080.0,USD,realised,2026-06-05,4000.0,8000.0,,,,,,Christie's,christies,auction,https://www.christies.com/en/sso?ObjectID=23588.241&LotNumber=241&ldp_breadcrumb=back,23588-241,2026-08-09T16:47:32+00:00
Cartier,,2966,,4826.0,USD,realised,2026-06-05,3000.0,5000.0,,,,,,Christie's,christies,auction,https://www.christies.com/en/sso?ObjectID=23588.242&LotNumber=242&ldp_breadcrumb=back,23588-242,2026-08-09T16:47:32+00:00
Bulgari,,103233,,38100.0,USD,realised,2026-06-05,30000.0,50000.0,,,,,,Christie's,christies,auction,https://www.christies.com/en/sso?ObjectID=23588.243&LotNumber=243&ldp_breadcrumb=back,23588-243,2026-08-09T16:47:32+00:00
Cartier,,78091,,5715.0,USD,realised,2026-06-05,6000.0,9000.0,,,,,,Christie's,christies,auction,https://www.christies.com/en/sso?ObjectID=23588.244&LotNumber=244&ldp_breadcrumb=back,23588-244,2026-08-09T16:47:32+00:00
Patek Philipipe,,4149,,19050.0,USD,realised,2026-06-05,5000.0,10000.0,,,,,,Christie's,christies,auction,https://www.christies.com/en/sso?ObjectID=23588.245&LotNumber=245&ldp_breadcrumb=back,23588-245,2026-08-09T16:47:32+00:00
Piaget,,,,12065.0,USD,realised,2026-06-05,5000.0,10000.0,,,,,,Christie's,christies,auction,https://www.christies.com/en/sso?ObjectID=23588.246&LotNumber=246&ldp_breadcrumb=back,23588-246,2026-08-09T16:47:32+00:00
Piaget,,17382,,13970.0,USD,realised,2026-06-05,8000.0,12000.0,,,,,,Christie's,christies,auction,https://www.christies.com/en/sso?ObjectID=23588.247&LotNumber=247&ldp_breadcrumb=back,23588-247,2026-08-09T16:47:32+00:00
Audemars Piguet,,5442BA,,27940.0,USD,realised,2026-06-05,10000.0,20000.0,,,,,,Christie's,christies,auction,https://www.christies.com/en/sso?ObjectID=23588.248&LotNumber=248&ldp_breadcrumb=back,23588-248,2026-08-09T16:47:32+00:00
Patek Philippe,,,,15240.0,USD,realised,2026-06-05,10000.0,15000.0,,,,,,Christie's,christies,auction,https://www.christies.com/en/sso?ObjectID=23588.249&LotNumber=249&ldp_breadcrumb=back,23588-249,2026-08-09T16:47:32+00:00
Patek Philippe,,,,10795.0,USD,realised,2026-06-05,10000.0,12000.0,,,,,,Christie's,christies,auction,https://www.christies.com/en/sso?ObjectID=23588.250&LotNumber=250&ldp_breadcrumb=back,23588-250,2026-08-09T16:47:32+00:00
Swiss,,,,6985.0,USD,realised,2026-06-05,5000.0,10000.0,,,,,,Christie's,christies,auction,https://www.christies.com/en/sso?ObjectID=23588.251&LotNumber=251&ldp_breadcrumb=back,23588-251,2026-08-09T16:47:32+00:00
Ulysse Nardin,,,,2159.0,USD,realised,2026-06-05,1000.0,2000.0,,,,,,Christie's,christies,auction,https://www.christies.com/en/sso?ObjectID=23588.252&LotNumber=252&ldp_breadcrumb=back,23588-252,2026-08-09T16:47:32+00:00
Cartier,,WA507231,,,,realised,2026-06-05,10000.0,20000.0,,,,,,Christie's,christies,auction,https://www.christies.com/en/sso?ObjectID=23588.253&LotNumber=253&ldp_breadcrumb=back,23588-253,2026-08-09T16:47:32+00:00
Vacheron Constantin,,,,11430.0,USD,realised,2026-06-05,8000.0,12000.0,,,,,,Christie's,christies,auction,https://www.christies.com/en/sso?ObjectID=23588.254&LotNumber=254&ldp_breadcrumb=back,23588-254,2026-08-09T16:47:32+00:00
Patek Philippe,,4910/41G,,,,realised,2026-06-05,20000.0,40000.0,,,,,,Christie's,christies,auction,https://www.christies.com/en/sso?ObjectID=23588.255&LotNumber=255&ldp_breadcrumb=back,23588-255,2026-08-09T16:47:32+00:00
Patek Philippe,,4934G-001,,20320.0,USD,realised,2026-06-05,15000.0,25000.0,,,,,,Christie's,christies,auction,https://www.christies.com/en/sso?ObjectID=23588.256&LotNumber=256&ldp_breadcrumb=back,23588-256,2026-08-09T16:47:32+00:00
Patek Philippe,,3838,,16510.0,USD,realised,2026-06-05,10000.0,15000.0,,,,,,Christie's,christies,auction,https://www.christies.com/en/sso?ObjectID=23588.257&LotNumber=257&ldp_breadcrumb=back,23588-257,2026-08-09T16:47:32+00:00
Patek Philippe,,3589,,,,realised,2026-06-05,15000.0,30000.0,,,,,,Christie's,christies,auction,https://www.christies.com/en/sso?ObjectID=23588.258&LotNumber=258&ldp_breadcrumb=back,23588-258,2026-08-09T16:47:32+00:00
Patek Philippe,,9102,,3556.0,USD,realised,2026-06-05,2000.0,4000.0,,,,,,Christie's,christies,auction,https://www.christies.com/en/sso?ObjectID=23588.259&LotNumber=259&ldp_breadcrumb=back,23588-259,2026-08-09T16:47:32+00:00
Patek Philippe,,3930A,,10795.0,USD,realised,2026-06-05,6000.0,9000.0,,,,,,Christie's,christies,auction,https://www.christies.com/en/sso?ObjectID=23588.260&LotNumber=260&ldp_breadcrumb=back,23588-260,2026-08-09T16:47:32+00:00
Vulcain,,100508.127,,13970.0,USD,realised,2026-06-05,10000.0,20000.0,,,,,,Christie's,christies,auction,https://www.christies.com/en/sso?ObjectID=23588.261&LotNumber=261&ldp_breadcrumb=back,23588-261,2026-08-09T16:47:32+00:00
Vulcain,,100512.067L,,13970.0,USD,realised,2026-06-05,7000.0,10000.0,,,,,,Christie's,christies,auction,https://www.christies.com/en/sso?ObjectID=23588.262&LotNumber=262&ldp_breadcrumb=back,23588-262,2026-08-09T16:47:32+00:00
Harry Winston,,200-MAB137R,,8255.0,USD,realised,2026-06-05,5000.0,10000.0,,,,,,Christie's,christies,auction,https://www.christies.com/en/sso?ObjectID=23588.263&LotNumber=263&ldp_breadcrumb=back,23588-263,2026-08-09T16:47:32+00:00
Cartier,,WSNM0004,,5715.0,USD,realised,2026-06-05,3000.0,6000.0,,,,,,Christie's,christies,auction,https://www.christies.com/en/sso?ObjectID=23588.264&LotNumber=264&ldp_breadcrumb=back,23588-264,2026-08-09T16:47:32+00:00
Audemars Piguet,,77302BC,,13970.0,USD,realised,2026-06-05,8000.0,12000.0,,,,,,Christie's,christies,auction,https://www.christies.com/en/sso?ObjectID=23588.265&LotNumber=265&ldp_breadcrumb=back,23588-265,2026-08-09T16:47:32+00:00
Chanel,,H4801,,44450.0,USD,realised,2026-06-05,20000.0,40000.0,,,,,,Christie's,christies,auction,https://www.christies.com/en/sso?ObjectID=23588.266&LotNumber=266&ldp_breadcrumb=back,23588-266,2026-08-09T16:47:32+00:00
Bell & Ross,,BR126-94-SC,,1270.0,USD,realised,2026-06-05,2000.0,3000.0,,,,,,Christie's,christies,auction,https://www.christies.com/en/sso?ObjectID=23588.267&LotNumber=267&ldp_breadcrumb=back,23588-267,2026-08-09T16:47:32+00:00
Bell & Ross,,,,,,realised,2026-06-05,10000.0,20000.0,,,,,,Christie's,christies,auction,https://www.christies.com/en/sso?ObjectID=23588.268&LotNumber=268&ldp_breadcrumb=back,23588-268,2026-08-09T16:47:32+00:00
Bulgari,,BB33VLC,,1397.0,USD,realised,2026-06-05,1000.0,2000.0,,,,,,Christie's,christies,auction,https://www.christies.com/en/sso?ObjectID=23588.269&LotNumber=269&ldp_breadcrumb=back,23588-269,2026-08-09T16:47:32+00:00
Omega,,4853.61,,6985.0,USD,realised,2026-06-05,4000.0,6000.0,,,,,,Christie's,christies,auction,https://www.christies.com/en/sso?ObjectID=23588.270&LotNumber=270&ldp_breadcrumb=back,23588-270,2026-08-09T16:47:32+00:00
Longines,,,,8255.0,USD,realised,2026-06-05,2000.0,4000.0,,,,,,Christie's,christies,auction,https://www.christies.com/en/sso?ObjectID=23588.271&LotNumber=271&ldp_breadcrumb=back,23588-271,2026-08-09T16:47:32+00:00
Patek Philippe,,,,15240.0,USD,realised,2026-06-05,5000.0,10000.0,,,,,,Christie's,christies,auction,https://www.christies.com/en/sso?ObjectID=23588.272&LotNumber=272&ldp_breadcrumb=back,23588-272,2026-08-09T16:47:32+00:00
Patek Philippe,,2591,,10160.0,USD,realised,2026-06-05,6000.0,12000.0,,,,,,Christie's,christies,auction,https://www.christies.com/en/sso?ObjectID=23588.273&LotNumber=273&ldp_breadcrumb=back,23588-273,2026-08-09T16:47:32+00:00
Patek Philippe,,,,10160.0,USD,realised,2026-06-05,6000.0,9000.0,,,,,,Christie's,christies,auction,https://www.christies.com/en/sso?ObjectID=23588.274&LotNumber=274&ldp_breadcrumb=back,23588-274,2026-08-09T16:47:32+00:00
Patek Philippe,,3944J,,6985.0,USD,realised,2026-06-05,4000.0,6000.0,,,,,,Christie's,christies,auction,https://www.christies.com/en/sso?ObjectID=23588.275&LotNumber=275&ldp_breadcrumb=back,23588-275,2026-08-09T16:47:32+00:00
Patek Philippe,,5014,,11430.0,USD,realised,2026-06-05,6000.0,9000.0,,,,,,Christie's,christies,auction,https://www.christies.com/en/sso?ObjectID=23588.276&LotNumber=276&ldp_breadcrumb=back,23588-276,2026-08-09T16:47:32+00:00
Patek Philippe,,4864J-001,,13970.0,USD,realised,2026-06-05,6000.0,9000.0,,,,,,Christie's,christies,auction,https://www.christies.com/en/sso?ObjectID=23588.277&LotNumber=277&ldp_breadcrumb=back,23588-277,2026-08-09T16:47:32+00:00
Audemars Piguet,,,,15240.0,USD,realised,2026-06-05,15000.0,25000.0,,,,,,Christie's,christies,auction,https://www.christies.com/en/sso?ObjectID=23588.278&LotNumber=278&ldp_breadcrumb=back,23588-278,2026-08-09T16:47:32+00:00
Rolex,,178158,,25400.0,USD,realised,2026-06-05,8000.0,12000.0,,,,,,Christie's,christies,auction,https://www.christies.com/en/sso?ObjectID=23588.279&LotNumber=279&ldp_breadcrumb=back,23588-279,2026-08-09T16:47:32+00:00
Rolex,,6913,,7620.0,USD,realised,2026-06-05,8000.0,12000.0,,,,,,Christie's,christies,auction,https://www.christies.com/en/sso?ObjectID=23588.280&LotNumber=280&ldp_breadcrumb=back,23588-280,2026-08-09T16:47:32+00:00
Rolex,,6426,,,,realised,2026-06-05,6000.0,9000.0,,,,,,Christie's,christies,auction,https://www.christies.com/en/sso?ObjectID=23588.281&LotNumber=281&ldp_breadcrumb=back,23588-281,2026-08-09T16:47:32+00:00
Rolex,,16030,,,,realised,2026-06-05,6000.0,9000.0,,,,,,Christie's,christies,auction,https://www.christies.com/en/sso?ObjectID=23588.282&LotNumber=282&ldp_breadcrumb=back,23588-282,2026-08-09T16:47:32+00:00
Rolex,,1503,,10795.0,USD,realised,2026-06-05,6000.0,10000.0,,,,,,Christie's,christies,auction,https://www.christies.com/en/sso?ObjectID=23588.284&LotNumber=284&ldp_breadcrumb=back,23588-284,2026-08-09T16:47:32+00:00
Rolex,,8171,,95250.0,USD,realised,2026-06-05,30000.0,50000.0,,,,,,Christie's,christies,auction,https://www.christies.com/en/sso?ObjectID=23588.285&LotNumber=285&ldp_breadcrumb=back,23588-285,2026-08-09T16:47:32+00:00
Rolex,,6542,,27940.0,USD,realised,2026-06-05,20000.0,40000.0,,,,,,Christie's,christies,auction,https://www.christies.com/en/sso?ObjectID=23588.286&LotNumber=286&ldp_breadcrumb=back,23588-286,2026-08-09T16:47:32+00:00
Rolex,,1675,,13970.0,USD,realised,2026-06-05,6000.0,10000.0,,,,,,Christie's,christies,auction,https://www.christies.com/en/sso?ObjectID=23588.287&LotNumber=287&ldp_breadcrumb=back,23588-287,2026-08-09T16:47:32+00:00
Rolex,,1680,,10160.0,USD,realised,2026-06-05,8000.0,12000.0,,,,,,Christie's,christies,auction,https://www.christies.com/en/sso?ObjectID=23588.288&LotNumber=288&ldp_breadcrumb=back,23588-288,2026-08-09T16:47:32+00:00
Rolex,,16600,,8890.0,USD,realised,2026-06-05,6000.0,12000.0,,,,,,Christie's,christies,auction,https://www.christies.com/en/sso?ObjectID=23588.289&LotNumber=289&ldp_breadcrumb=back,23588-289,2026-08-09T16:47:32+00:00
,,,,10160.0,USD,realised,2026-06-01,8000.0,12000.0,,,,,,Christie's,christies,auction,https://www.christies.com/en/sso?ObjectID=24831.701&LotNumber=701&ldp_breadcrumb=back,24831-701,2026-08-09T16:47:32+00:00
,,,,12700.0,USD,realised,2026-06-01,6000.0,8000.0,,,,,,Christie's,christies,auction,https://www.christies.com/en/sso?ObjectID=24831.702&LotNumber=702&ldp_breadcrumb=back,24831-702,2026-08-09T16:47:32+00:00
,,,,24130.0,USD,realised,2026-06-01,10000.0,15000.0,,,,,,Christie's,christies,auction,https://www.christies.com/en/sso?ObjectID=24831.703&LotNumber=703&ldp_breadcrumb=back,24831-703,2026-08-09T16:47:32+00:00
,,,,21590.0,USD,realised,2026-06-01,20000.0,30000.0,,,,,,Christie's,christies,auction,https://www.christies.com/en/sso?ObjectID=24831.704&LotNumber=704&ldp_breadcrumb=back,24831-704,2026-08-09T16:47:32+00:00
,,,,40640.0,USD,realised,2026-06-01,30000.0,50000.0,,,,,,Christie's,christies,auction,https://www.christies.com/en/sso?ObjectID=24831.705&LotNumber=705&ldp_breadcrumb=back,24831-705,2026-08-09T16:47:32+00:00
,,,,38100.0,USD,realised,2026-06-01,15000.0,20000.0,,,,,,Christie's,christies,auction,https://www.christies.com/en/sso?ObjectID=24831.706&LotNumber=706&ldp_breadcrumb=back,24831-706,2026-08-09T16:47:32+00:00
,,,,12065.0,USD,realised,2026-06-01,8000.0,12000.0,,,,,,Christie's,christies,auction,https://www.christies.com/en/sso?ObjectID=24831.707&LotNumber=707&ldp_breadcrumb=back,24831-707,2026-08-09T16:47:32+00:00
,,,,76200.0,USD,realised,2026-06-01,50000.0,70000.0,,,,,,Christie's,christies,auction,https://www.christies.com/en/sso?ObjectID=24831.708&LotNumber=708&ldp_breadcrumb=back,24831-708,2026-08-09T16:47:32+00:00
,,,,48260.0,USD,realised,2026-06-01,20000.0,30000.0,,,,,,Christie's,christies,auction,https://www.christies.com/en/sso?ObjectID=24831.709&LotNumber=709&ldp_breadcrumb=back,24831-709,2026-08-09T16:47:32+00:00
Bulgari Suite Of Ruby,,,,69850.0,USD,realised,2026-06-01,40000.0,60000.0,,,,,,Christie's,christies,auction,https://www.christies.com/en/sso?ObjectID=24831.710&LotNumber=710&ldp_breadcrumb=back,24831-710,2026-08-09T16:47:32+00:00
,,,,13970.0,USD,realised,2026-06-01,10000.0,15000.0,,,,,,Christie's,christies,auction,https://www.christies.com/en/sso?ObjectID=24831.711&LotNumber=711&ldp_breadcrumb=back,24831-711,2026-08-09T16:47:32+00:00
,,,,38100.0,USD,realised,2026-06-01,12000.0,18000.0,,,,,,Christie's,christies,auction,https://www.christies.com/en/sso?ObjectID=24831.712&LotNumber=712&ldp_breadcrumb=back,24831-712,2026-08-09T16:47:32+00:00
Bulgari Suite Of Carnelian,,,,95250.0,USD,realised,2026-06-01,30000.0,50000.0,,,,,,Christie's,christies,auction,https://www.christies.com/en/sso?ObjectID=24831.713&LotNumber=713&ldp_breadcrumb=back,24831-713,2026-08-09T16:47:32+00:00
,,,,82550.0,USD,realised,2026-06-01,15000.0,20000.0,,,,,,Christie's,christies,auction,https://www.christies.com/en/sso?ObjectID=24831.714&LotNumber=714&ldp_breadcrumb=back,24831-714,2026-08-09T16:47:32+00:00
,,,,82550.0,USD,realised,2026-06-01,10000.0,15000.0,,,,,,Christie's,christies,auction,https://www.christies.com/en/sso?ObjectID=24831.715&LotNumber=715&ldp_breadcrumb=back,24831-715,2026-08-09T16:47:32+00:00
,,,,50800.0,USD,realised,2026-06-01,12000.0,18000.0,,,,,,Christie's,christies,auction,https://www.christies.com/en/sso?ObjectID=24831.716&LotNumber=716&ldp_breadcrumb=back,24831-716,2026-08-09T16:47:32+00:00
,,,,25400.0,USD,realised,2026-06-01,10000.0,15000.0,,,,,,Christie's,christies,auction,https://www.christies.com/en/sso?ObjectID=24831.717&LotNumber=717&ldp_breadcrumb=back,24831-717,2026-08-09T16:47:32+00:00
Bulgari Tanzanite,,,,53340.0,USD,realised,2026-06-01,20000.0,30000.0,,,,,,Christie's,christies,auction,https://www.christies.com/en/sso?ObjectID=24831.718&LotNumber=718&ldp_breadcrumb=back,24831-718,2026-08-09T16:47:32+00:00
Bulgari Diamond,,,,50800.0,USD,realised,2026-06-01,20000.0,30000.0,,,,,,Christie's,christies,auction,https://www.christies.com/en/sso?ObjectID=24831.719&LotNumber=719&ldp_breadcrumb=back,24831-719,2026-08-09T16:47:32+00:00
,,,,127000.0,USD,realised,2026-06-01,40000.0,60000.0,,,,,,Christie's,christies,auction,https://www.christies.com/en/sso?ObjectID=24831.720&LotNumber=720&ldp_breadcrumb=back,24831-720,2026-08-09T16:47:32+00:00
Sapphire And Diamond Necklace,,,,48260.0,USD,realised,2026-06-01,20000.0,30000.0,,,,,,Christie's,christies,auction,https://www.christies.com/en/sso?ObjectID=24831.721&LotNumber=721&ldp_breadcrumb=back,24831-721,2026-08-09T16:47:32+00:00
Diamond Pendant Earrings,,,,88900.0,USD,realised,2026-06-01,50000.0,70000.0,,,,,,Christie's,christies,auction,https://www.christies.com/en/sso?ObjectID=24831.722&LotNumber=722&ldp_breadcrumb=back,24831-722,2026-08-09T16:47:32+00:00
,,,,20320.0,USD,realised,2026-06-01,15000.0,20000.0,,,,,,Christie's,christies,auction,https://www.christies.com/en/sso?ObjectID=24831.723&LotNumber=723&ldp_breadcrumb=back,24831-723,2026-08-09T16:47:32+00:00
Ruby And Diamond Ring,,,,69850.0,USD,realised,2026-06-01,60000.0,80000.0,,,,,,Christie's,christies,auction,https://www.christies.com/en/sso?ObjectID=24831.724&LotNumber=724&ldp_breadcrumb=back,24831-724,2026-08-09T16:47:32+00:00
,,,,30480.0,USD,realised,2026-06-01,10000.0,15000.0,,,,,,Christie's,christies,auction,https://www.christies.com/en/sso?ObjectID=24831.725&LotNumber=725&ldp_breadcrumb=back,24831-725,2026-08-09T16:47:32+00:00
,,,,95250.0,USD,realised,2026-06-01,80000.0,120000.0,,,,,,Christie's,christies,auction,https://www.christies.com/en/sso?ObjectID=24831.726&LotNumber=726&ldp_breadcrumb=back,24831-726,2026-08-09T16:47:32+00:00
Graff Diamond Earrings,,,,27940.0,USD,realised,2026-06-01,10000.0,15000.0,,,,,,Christie's,christies,auction,https://www.christies.com/en/sso?ObjectID=24831.727&LotNumber=727&ldp_breadcrumb=back,24831-727,2026-08-09T16:47:32+00:00
,,,,35560.0,USD,realised,2026-06-01,15000.0,20000.0,,,,,,Christie's,christies,auction,https://www.christies.com/en/sso?ObjectID=24831.728&LotNumber=728&ldp_breadcrumb=back,24831-728,2026-08-09T16:47:32+00:00
,,,,25400.0,USD,realised,2026-06-01,12000.0,18000.0,,,,,,Christie's,christies,auction,https://www.christies.com/en/sso?ObjectID=24831.729&LotNumber=729&ldp_breadcrumb=back,24831-729,2026-08-09T16:47:32+00:00
,,,,63500.0,USD,realised,2026-06-01,40000.0,60000.0,,,,,,Christie's,christies,auction,https://www.christies.com/en/sso?ObjectID=24831.730&LotNumber=730&ldp_breadcrumb=back,24831-730,2026-08-09T16:47:32+00:00
,,,,69850.0,USD,realised,2026-06-01,30000.0,50000.0,,,,,,Christie's,christies,auction,https://www.christies.com/en/sso?ObjectID=24831.731&LotNumber=731&ldp_breadcrumb=back,24831-731,2026-08-09T16:47:32+00:00
,,,,76200.0,USD,realised,2026-06-01,20000.0,30000.0,,,,,,Christie's,christies,auction,https://www.christies.com/en/sso?ObjectID=24831.732&LotNumber=732&ldp_breadcrumb=back,24831-732,2026-08-09T16:47:32+00:00
,,,,13970.0,USD,realised,2026-06-01,10000.0,15000.0,,,,,,Christie's,christies,auction,https://www.christies.com/en/sso?ObjectID=24831.733&LotNumber=733&ldp_breadcrumb=back,24831-733,2026-08-09T16:47:32+00:00
Boucheron Diamond Earrings,,,,44450.0,USD,realised,2026-06-01,12000.0,18000.0,,,,,,Christie's,christies,auction,https://www.christies.com/en/sso?ObjectID=24831.734&LotNumber=734&ldp_breadcrumb=back,24831-734,2026-08-09T16:47:32+00:00
,,,,13970.0,USD,realised,2026-06-01,10000.0,15000.0,,,,,,Christie's,christies,auction,https://www.christies.com/en/sso?ObjectID=24831.735&LotNumber=735&ldp_breadcrumb=back,24831-735,2026-08-09T16:47:32+00:00
,,,,10795.0,USD,realised,2026-06-01,8000.0,12000.0,,,,,,Christie's,christies,auction,https://www.christies.com/en/sso?ObjectID=24831.736&LotNumber=736&ldp_breadcrumb=back,24831-736,2026-08-09T16:47:32+00:00
Chopard Colored Sapphire,,,,16510.0,USD,realised,2026-06-01,12000.0,18000.0,,,,,,Christie's,christies,auction,https://www.christies.com/en/sso?ObjectID=24831.737&LotNumber=737&ldp_breadcrumb=back,24831-737,2026-08-09T16:47:32+00:00
,,,,15240.0,USD,realised,2026-06-01,10000.0,15000.0,,,,,,Christie's,christies,auction,https://www.christies.com/en/sso?ObjectID=24831.738&LotNumber=738&ldp_breadcrumb=back,24831-738,2026-08-09T16:47:32+00:00
,,,,17780.0,USD,realised,2026-06-01,10000.0,15000.0,,,,,,Christie's,christies,auction,https://www.christies.com/en/sso?ObjectID=24831.739&LotNumber=739&ldp_breadcrumb=back,24831-739,2026-08-09T16:47:32+00:00
Chopard Sapphire,,,,24130.0,USD,realised,2026-06-01,12000.0,18000.0,,,,,,Christie's,christies,auction,https://www.christies.com/en/sso?ObjectID=24831.740&LotNumber=740&ldp_breadcrumb=back,24831-740,2026-08-09T16:47:32+00:00
Chopard Diamond Earrings,,,,9525.0,USD,realised,2026-06-01,6000.0,8000.0,,,,,,Christie's,christies,auction,https://www.christies.com/en/sso?ObjectID=24831.741&LotNumber=741&ldp_breadcrumb=back,24831-741,2026-08-09T16:47:32+00:00
Chopard Diamond Heart Ring,,,,7620.0,USD,realised,2026-06-01,5000.0,7000.0,,,,,,Christie's,christies,auction,https://www.christies.com/en/sso?ObjectID=24831.742&LotNumber=742&ldp_breadcrumb=back,24831-742,2026-08-09T16:47:32+00:00
,,,,9525.0,USD,realised,2026-06-01,8000.0,12000.0,,,,,,Christie's,christies,auction,https://www.christies.com/en/sso?ObjectID=24831.743&LotNumber=743&ldp_breadcrumb=back,24831-743,2026-08-09T16:47:32+00:00
Chopard Diamond Heart Earrings,,,,5334.0,USD,realised,2026-06-01,6000.0,8000.0,,,,,,Christie's,christies,auction,https://www.christies.com/en/sso?ObjectID=24831.744&LotNumber=744&ldp_breadcrumb=back,24831-744,2026-08-09T16:47:32+00:00
,,,,9525.0,USD,realised,2026-06-01,5000.0,7000.0,,,,,,Christie's,christies,auction,https://www.christies.com/en/sso?ObjectID=24831.745&LotNumber=745&ldp_breadcrumb=back,24831-745,2026-08-09T16:47:32+00:00
,,,,9525.0,USD,realised,2026-06-01,6000.0,8000.0,,,,,,Christie's,christies,auction,https://www.christies.com/en/sso?ObjectID=24831.746&LotNumber=746&ldp_breadcrumb=back,24831-746,2026-08-09T16:47:32+00:00
,,,,7620.0,USD,realised,2026-06-01,5000.0,7000.0,,,,,,Christie's,christies,auction,https://www.christies.com/en/sso?ObjectID=24831.747&LotNumber=747&ldp_breadcrumb=back,24831-747,2026-08-09T16:47:32+00:00
Chopard Diamond,,,,9525.0,USD,realised,2026-06-01,5000.0,7000.0,,,,,,Christie's,christies,auction,https://www.christies.com/en/sso?ObjectID=24831.748&LotNumber=748&ldp_breadcrumb=back,24831-748,2026-08-09T16:47:32+00:00
Chopard Diamond,,,,15240.0,USD,realised,2026-06-01,8000.0,12000.0,,,,,,Christie's,christies,auction,https://www.christies.com/en/sso?ObjectID=24831.749&LotNumber=749&ldp_breadcrumb=back,24831-749,2026-08-09T16:47:32+00:00
Bulgari Sapphire,,,,24130.0,USD,realised,2026-06-01,6000.0,8000.0,,,,,,Christie's,christies,auction,https://www.christies.com/en/sso?ObjectID=24831.750&LotNumber=750&ldp_breadcrumb=back,24831-750,2026-08-09T16:47:32+00:00
,,,,5715.0,USD,realised,2026-06-01,6000.0,8000.0,,,,,,Christie's,christies,auction,https://www.christies.com/en/sso?ObjectID=24831.751&LotNumber=751&ldp_breadcrumb=back,24831-751,2026-08-09T16:47:32+00:00
,,,,5715.0,USD,realised,2026-06-01,8000.0,12000.0,,,,,,Christie's,christies,auction,https://www.christies.com/en/sso?ObjectID=24831.752&LotNumber=752&ldp_breadcrumb=back,24831-752,2026-08-09T16:47:32+00:00
,,,,60960.0,USD,realised,2026-06-01,20000.0,30000.0,,,,,,Christie's,christies,auction,https://www.christies.com/en/sso?ObjectID=24831.753&LotNumber=753&ldp_breadcrumb=back,24831-753,2026-08-09T16:47:32+00:00
,,,,5334.0,USD,realised,2026-06-01,4000.0,6000.0,,,,,,Christie's,christies,auction,https://www.christies.com/en/sso?ObjectID=24831.754&LotNumber=754&ldp_breadcrumb=back,24831-754,2026-08-09T16:47:32+00:00
,,,,6985.0,USD,realised,2026-06-01,4000.0,6000.0,,,,,,Christie's,christies,auction,https://www.christies.com/en/sso?ObjectID=24831.755&LotNumber=755&ldp_breadcrumb=back,24831-755,2026-08-09T16:47:32+00:00
,,,,5334.0,USD,realised,2026-06-01,6000.0,8000.0,,,,,,Christie's,christies,auction,https://www.christies.com/en/sso?ObjectID=24831.756&LotNumber=756&ldp_breadcrumb=back,24831-756,2026-08-09T16:47:32+00:00
Vhernier Rock Crystal,,,,10160.0,USD,realised,2026-06-01,8000.0,12000.0,,,,,,Christie's,christies,auction,https://www.christies.com/en/sso?ObjectID=24831.757&LotNumber=757&ldp_breadcrumb=back,24831-757,2026-08-09T16:47:32+00:00
,,,,10795.0,USD,realised,2026-06-01,6000.0,8000.0,,,,,,Christie's,christies,auction,https://www.christies.com/en/sso?ObjectID=24831.758&LotNumber=758&ldp_breadcrumb=back,24831-758,2026-08-09T16:47:32+00:00
Vhernier Rock Crystal,,,,16510.0,USD,realised,2026-06-01,6000.0,8000.0,,,,,,Christie's,christies,auction,https://www.christies.com/en/sso?ObjectID=24831.759&LotNumber=759&ldp_breadcrumb=back,24831-759,2026-08-09T16:47:32+00:00
,,,,44450.0,USD,realised,2026-06-01,5000.0,7000.0,,,,,,Christie's,christies,auction,https://www.christies.com/en/sso?ObjectID=24831.760&LotNumber=760&ldp_breadcrumb=back,24831-760,2026-08-09T16:47:32+00:00
,,,,69850.0,USD,realised,2026-06-01,60000.0,80000.0,,,,,,Christie's,christies,auction,https://www.christies.com/en/sso?ObjectID=24831.761&LotNumber=761&ldp_breadcrumb=back,24831-761,2026-08-09T16:47:32+00:00
,,,,20320.0,USD,realised,2026-06-01,15000.0,20000.0,,,,,,Christie's,christies,auction,https://www.christies.com/en/sso?ObjectID=24831.762&LotNumber=762&ldp_breadcrumb=back,24831-762,2026-08-09T16:47:32+00:00
,,,,30480.0,USD,realised,2026-06-01,20000.0,30000.0,,,,,,Christie's,christies,auction,https://www.christies.com/en/sso?ObjectID=24831.763&LotNumber=763&ldp_breadcrumb=back,24831-763,2026-08-09T16:47:32+00:00
Cartier Diamond 'Boudoir' Ring,,,,10795.0,USD,realised,2026-06-01,6000.0,8000.0,,,,,,Christie's,christies,auction,https://www.christies.com/en/sso?ObjectID=24831.764&LotNumber=764&ldp_breadcrumb=back,24831-764,2026-08-09T16:47:32+00:00
Cartier Diamond,,,,38100.0,USD,realised,2026-06-01,20000.0,30000.0,,,,,,Christie's,christies,auction,https://www.christies.com/en/sso?ObjectID=24831.765&LotNumber=765&ldp_breadcrumb=back,24831-765,2026-08-09T16:47:32+00:00
Cartier Diamond Hoop Earrings,,,,10160.0,USD,realised,2026-06-01,6000.0,8000.0,,,,,,Christie's,christies,auction,https://www.christies.com/en/sso?ObjectID=24831.766&LotNumber=766&ldp_breadcrumb=back,24831-766,2026-08-09T16:47:32+00:00
Cartier Set Of Diamond Jewelry,,,,10795.0,USD,realised,2026-06-01,8000.0,12000.0,,,,,,Christie's,christies,auction,https://www.christies.com/en/sso?ObjectID=24831.767&LotNumber=767&ldp_breadcrumb=back,24831-767,2026-08-09T16:47:32+00:00
,,,,44450.0,USD,realised,2026-06-01,20000.0,30000.0,,,,,,Christie's,christies,auction,https://www.christies.com/en/sso?ObjectID=24831.768&LotNumber=768&ldp_breadcrumb=back,24831-768,2026-08-09T16:47:32+00:00
,,,,63500.0,USD,realised,2026-06-01,25000.0,35000.0,,,,,,Christie's,christies,auction,https://www.christies.com/en/sso?ObjectID=24831.769&LotNumber=769&ldp_breadcrumb=back,24831-769,2026-08-09T16:47:32+00:00
,,,,20320.0,USD,realised,2026-06-01,15000.0,20000.0,,,,,,Christie's,christies,auction,https://www.christies.com/en/sso?ObjectID=24831.770&LotNumber=770&ldp_breadcrumb=back,24831-770,2026-08-09T16:47:32+00:00
,,,,38100.0,USD,realised,2026-06-01,15000.0,20000.0,,,,,,Christie's,christies,auction,https://www.christies.com/en/sso?ObjectID=24831.771&LotNumber=771&ldp_breadcrumb=back,24831-771,2026-08-09T16:47:32+00:00
,,,,11430.0,USD,realised,2026-06-01,4000.0,6000.0,,,,,,Christie's,christies,auction,https://www.christies.com/en/sso?ObjectID=24831.772&LotNumber=772&ldp_breadcrumb=back,24831-772,2026-08-09T16:47:32+00:00
,,,,6985.0,USD,realised,2026-06-01,8000.0,12000.0,,,,,,Christie's,christies,auction,https://www.christies.com/en/sso?ObjectID=24831.773&LotNumber=773&ldp_breadcrumb=back,24831-773,2026-08-09T16:47:32+00:00
,,,,15240.0,USD,realised,2026-06-01,8000.0,12000.0,,,,,,Christie's,christies,auction,https://www.christies.com/en/sso?ObjectID=24831.774&LotNumber=774&ldp_breadcrumb=back,24831-774,2026-08-09T16:47:32+00:00
,,,,8255.0,USD,realised,2026-06-01,8000.0,12000.0,,,,,,Christie's,christies,auction,https://www.christies.com/en/sso?ObjectID=24831.775&LotNumber=775&ldp_breadcrumb=back,24831-775,2026-08-09T16:47:32+00:00
,,,,5334.0,USD,realised,2026-06-01,6000.0,8000.0,,,,,,Christie's,christies,auction,https://www.christies.com/en/sso?ObjectID=24831.776&LotNumber=776&ldp_breadcrumb=back,24831-776,2026-08-09T16:47:32+00:00
Cartier Three Pairs Of Gold,,,,13970.0,USD,realised,2026-06-01,6000.0,8000.0,,,,,,Christie's,christies,auction,https://www.christies.com/en/sso?ObjectID=24831.777&LotNumber=777&ldp_breadcrumb=back,24831-777,2026-08-09T16:47:32+00:00
,,,,5080.0,USD,realised,2026-06-01,4000.0,6000.0,,,,,,Christie's,christies,auction,https://www.christies.com/en/sso?ObjectID=24831.778&LotNumber=778&ldp_breadcrumb=back,24831-778,2026-08-09T16:47:32+00:00
Chopard Gold Dress Set,,,,4064.0,USD,realised,2026-06-01,4000.0,6000.0,,,,,,Christie's,christies,auction,https://www.christies.com/en/sso?ObjectID=24831.779&LotNumber=779&ldp_breadcrumb=back,24831-779,2026-08-09T16:47:32+00:00
Vhernier Set Of Rock Crystal,,,,6096.0,USD,realised,2026-06-01,6000.0,8000.0,,,,,,Christie's,christies,auction,https://www.christies.com/en/sso?ObjectID=24831.780&LotNumber=780&ldp_breadcrumb=back,24831-780,2026-08-09T16:47:32+00:00
,,,,6096.0,USD,realised,2026-06-01,4000.0,6000.0,,,,,,Christie's,christies,auction,https://www.christies.com/en/sso?ObjectID=24831.781&LotNumber=781&ldp_breadcrumb=back,24831-781,2026-08-09T16:47:32+00:00
Chopard Diamond Necklace,,,,27940.0,USD,realised,2026-06-01,12000.0,18000.0,,,,,,Christie's,christies,auction,https://www.christies.com/en/sso?ObjectID=24831.782&LotNumber=782&ldp_breadcrumb=back,24831-782,2026-08-09T16:47:32+00:00
Chopard Diamond Earrings,,,,27940.0,USD,realised,2026-06-01,12000.0,18000.0,,,,,,Christie's,christies,auction,https://www.christies.com/en/sso?ObjectID=24831.783&LotNumber=783&ldp_breadcrumb=back,24831-783,2026-08-09T16:47:32+00:00
,,,,44450.0,USD,realised,2026-06-01,50000.0,70000.0,,,,,,Christie's,christies,auction,https://www.christies.com/en/sso?ObjectID=24831.784&LotNumber=784&ldp_breadcrumb=back,24831-784,2026-08-09T16:47:32+00:00
,,,,12700.0,USD,realised,2026-06-01,10000.0,15000.0,,,,,,Christie's,christies,auction,https://www.christies.com/en/sso?ObjectID=24831.785&LotNumber=785&ldp_breadcrumb=back,24831-785,2026-08-09T16:47:32+00:00
,,,,20320.0,USD,realised,2026-06-01,15000.0,20000.0,,,,,,Christie's,christies,auction,https://www.christies.com/en/sso?ObjectID=24831.786&LotNumber=786&ldp_breadcrumb=back,24831-786,2026-08-09T16:47:32+00:00
,,,,12700.0,USD,realised,2026-06-01,10000.0,15000.0,,,,,,Christie's,christies,auction,https://www.christies.com/en/sso?ObjectID=24831.787&LotNumber=787&ldp_breadcrumb=back,24831-787,2026-08-09T16:47:32+00:00
,,,,48260.0,USD,realised,2026-06-01,30000.0,50000.0,,,,,,Christie's,christies,auction,https://www.christies.com/en/sso?ObjectID=24831.788&LotNumber=788&ldp_breadcrumb=back,24831-788,2026-08-09T16:47:32+00:00
,,,,44450.0,USD,realised,2026-06-01,15000.0,20000.0,,,,,,Christie's,christies,auction,https://www.christies.com/en/sso?ObjectID=24831.789&LotNumber=789&ldp_breadcrumb=back,24831-789,2026-08-09T16:47:32+00:00
,,,,63500.0,USD,realised,2026-06-01,20000.0,30000.0,,,,,,Christie's,christies,auction,https://www.christies.com/en/sso?ObjectID=24831.790&LotNumber=790&ldp_breadcrumb=back,24831-790,2026-08-09T16:47:32+00:00
,,,,15240.0,USD,realised,2026-06-01,10000.0,15000.0,,,,,,Christie's,christies,auction,https://www.christies.com/en/sso?ObjectID=24831.791&LotNumber=791&ldp_breadcrumb=back,24831-791,2026-08-09T16:47:32+00:00
Bulgari Aquamarine,,,,50800.0,USD,realised,2026-06-01,12000.0,18000.0,,,,,,Christie's,christies,auction,https://www.christies.com/en/sso?ObjectID=24831.792&LotNumber=792&ldp_breadcrumb=back,24831-792,2026-08-09T16:47:32+00:00
Buccellati Set Of Gold Jewelry,,,,12700.0,USD,realised,2026-06-01,10000.0,15000.0,,,,,,Christie's,christies,auction,https://www.christies.com/en/sso?ObjectID=24831.793&LotNumber=793&ldp_breadcrumb=back,24831-793,2026-08-09T16:47:32+00:00
,,,,63500.0,USD,realised,2026-06-01,15000.0,20000.0,,,,,,Christie's,christies,auction,https://www.christies.com/en/sso?ObjectID=24831.794&LotNumber=794&ldp_breadcrumb=back,24831-794,2026-08-09T16:47:32+00:00
Adler Set Of Multi-Gem,,,,21590.0,USD,realised,2026-06-01,15000.0,20000.0,,,,,,Christie's,christies,auction,https://www.christies.com/en/sso?ObjectID=24831.795&LotNumber=795&ldp_breadcrumb=back,24831-795,2026-08-09T16:47:32+00:00
,,,,88900.0,USD,realised,2026-06-01,15000.0,20000.0,,,,,,Christie's,christies,auction,https://www.christies.com/en/sso?ObjectID=24831.796&LotNumber=796&ldp_breadcrumb=back,24831-796,2026-08-09T16:47:32+00:00
,,,,69850.0,USD,realised,2026-06-01,20000.0,30000.0,,,,,,Christie's,christies,auction,https://www.christies.com/en/sso?ObjectID=24831.797&LotNumber=797&ldp_breadcrumb=back,24831-797,2026-08-09T16:47:32+00:00
,,,,8255.0,USD,realised,2026-06-01,10000.0,15000.0,,,,,,Christie's,christies,auction,https://www.christies.com/en/sso?ObjectID=24831.798&LotNumber=798&ldp_breadcrumb=back,24831-798,2026-08-09T16:47:32+00:00
,,,,6096.0,USD,realised,2026-06-01,5000.0,7000.0,,,,,,Christie's,christies,auction,https://www.christies.com/en/sso?ObjectID=24831.799&LotNumber=799&ldp_breadcrumb=back,24831-799,2026-08-09T16:47:32+00:00
,,,,8890.0,USD,realised,2026-06-01,5000.0,7000.0,,,,,,Christie's,christies,auction,https://www.christies.com/en/sso?ObjectID=24831.800&LotNumber=800&ldp_breadcrumb=back,24831-800,2026-08-09T16:47:32+00:00
,,,,6985.0,USD,realised,2026-06-01,4000.0,6000.0,,,,,,Christie's,christies,auction,https://www.christies.com/en/sso?ObjectID=24831.801&LotNumber=801&ldp_breadcrumb=back,24831-801,2026-08-09T16:47:32+00:00
,,,,8890.0,USD,realised,2026-06-01,4000.0,6000.0,,,,,,Christie's,christies,auction,https://www.christies.com/en/sso?ObjectID=24831.802&LotNumber=802&ldp_breadcrumb=back,24831-802,2026-08-09T16:47:32+00:00
,,,,9525.0,USD,realised,2026-06-01,8000.0,12000.0,,,,,,Christie's,christies,auction,https://www.christies.com/en/sso?ObjectID=24831.803&LotNumber=803&ldp_breadcrumb=back,24831-803,2026-08-09T16:47:32+00:00
,,,,9525.0,USD,realised,2026-06-01,6000.0,8000.0,,,,,,Christie's,christies,auction,https://www.christies.com/en/sso?ObjectID=24831.804&LotNumber=804&ldp_breadcrumb=back,24831-804,2026-08-09T16:47:32+00:00
,,,,3810.0,USD,realised,2026-06-01,5000.0,7000.0,,,,,,Christie's,christies,auction,https://www.christies.com/en/sso?ObjectID=24831.805&LotNumber=805&ldp_breadcrumb=back,24831-805,2026-08-09T16:47:32+00:00
,,,,10795.0,USD,realised,2026-06-01,6000.0,8000.0,,,,,,Christie's,christies,auction,https://www.christies.com/en/sso?ObjectID=24831.806&LotNumber=806&ldp_breadcrumb=back,24831-806,2026-08-09T16:47:32+00:00
,,,,15240.0,USD,realised,2026-06-01,10000.0,15000.0,,,,,,Christie's,christies,auction,https://www.christies.com/en/sso?ObjectID=24831.807&LotNumber=807&ldp_breadcrumb=back,24831-807,2026-08-09T16:47:32+00:00
,,,,6985.0,USD,realised,2026-06-01,6000.0,8000.0,,,,,,Christie's,christies,auction,https://www.christies.com/en/sso?ObjectID=24831.808&LotNumber=808&ldp_breadcrumb=back,24831-808,2026-08-09T16:47:32+00:00
,,,,8890.0,USD,realised,2026-06-01,6000.0,8000.0,,,,,,Christie's,christies,auction,https://www.christies.com/en/sso?ObjectID=24831.809&LotNumber=809&ldp_breadcrumb=back,24831-809,2026-08-09T16:47:32+00:00
,,,,9525.0,USD,realised,2026-06-01,8000.0,12000.0,,,,,,Christie's,christies,auction,https://www.christies.com/en/sso?ObjectID=24831.810&LotNumber=810&ldp_breadcrumb=back,24831-810,2026-08-09T16:47:32+00:00
,,,,76200.0,USD,realised,2026-06-01,40000.0,60000.0,,,,,,Christie's,christies,auction,https://www.christies.com/en/sso?ObjectID=24831.811&LotNumber=811&ldp_breadcrumb=back,24831-811,2026-08-09T16:47:32+00:00
,,,,6096.0,USD,realised,2026-06-01,6000.0,8000.0,,,,,,Christie's,christies,auction,https://www.christies.com/en/sso?ObjectID=24831.812&LotNumber=812&ldp_breadcrumb=back,24831-812,2026-08-09T16:47:32+00:00
,,,,7620.0,USD,realised,2026-06-01,5000.0,7000.0,,,,,,Christie's,christies,auction,https://www.christies.com/en/sso?ObjectID=24831.813&LotNumber=813&ldp_breadcrumb=back,24831-813,2026-08-09T16:47:32+00:00
,,,,21590.0,USD,realised,2026-06-01,10000.0,15000.0,,,,,,Christie's,christies,auction,https://www.christies.com/en/sso?ObjectID=24831.814&LotNumber=814&ldp_breadcrumb=back,24831-814,2026-08-09T16:47:32+00:00
Cartier Diamond,,,,12700.0,USD,realised,2026-06-01,6000.0,8000.0,,,,,,Christie's,christies,auction,https://www.christies.com/en/sso?ObjectID=24831.815&LotNumber=815&ldp_breadcrumb=back,24831-815,2026-08-09T16:47:32+00:00
,,,,20320.0,USD,realised,2026-06-01,10000.0,15000.0,,,,,,Christie's,christies,auction,https://www.christies.com/en/sso?ObjectID=24831.816&LotNumber=816&ldp_breadcrumb=back,24831-816,2026-08-09T16:47:32+00:00
,,,,10795.0,USD,realised,2026-06-01,8000.0,12000.0,,,,,,Christie's,christies,auction,https://www.christies.com/en/sso?ObjectID=24831.817&LotNumber=817&ldp_breadcrumb=back,24831-817,2026-08-09T16:47:32+00:00
,,,,21590.0,USD,realised,2026-06-01,15000.0,20000.0,,,,,,Christie's,christies,auction,https://www.christies.com/en/sso?ObjectID=24831.818&LotNumber=818&ldp_breadcrumb=back,24831-818,2026-08-09T16:47:32+00:00
,,,,17780.0,USD,realised,2026-06-01,8000.0,12000.0,,,,,,Christie's,christies,auction,https://www.christies.com/en/sso?ObjectID=24831.819&LotNumber=819&ldp_breadcrumb=back,24831-819,2026-08-09T16:47:32+00:00
,,,,48260.0,USD,realised,2026-06-01,10000.0,15000.0,,,,,,Christie's,christies,auction,https://www.christies.com/en/sso?ObjectID=24831.820&LotNumber=820&ldp_breadcrumb=back,24831-820,2026-08-09T16:47:32+00:00
,,,,27940.0,USD,realised,2026-06-01,6000.0,8000.0,,,,,,Christie's,christies,auction,https://www.christies.com/en/sso?ObjectID=24831.821&LotNumber=821&ldp_breadcrumb=back,24831-821,2026-08-09T16:47:32+00:00
,,,,10160.0,USD,realised,2026-06-01,10000.0,15000.0,,,,,,Christie's,christies,auction,https://www.christies.com/en/sso?ObjectID=24831.822&LotNumber=822&ldp_breadcrumb=back,24831-822,2026-08-09T16:47:32+00:00
,,,,10160.0,USD,realised,2026-06-01,10000.0,15000.0,,,,,,Christie's,christies,auction,https://www.christies.com/en/sso?ObjectID=24831.823&LotNumber=823&ldp_breadcrumb=back,24831-823,2026-08-09T16:47:32+00:00
,,,,8255.0,USD,realised,2026-06-01,8000.0,12000.0,,,,,,Christie's,christies,auction,https://www.christies.com/en/sso?ObjectID=24831.824&LotNumber=824&ldp_breadcrumb=back,24831-824,2026-08-09T16:47:32+00:00
,,,,35560.0,USD,realised,2026-06-01,20000.0,30000.0,,,,,,Christie's,christies,auction,https://www.christies.com/en/sso?ObjectID=24831.825&LotNumber=825&ldp_breadcrumb=back,24831-825,2026-08-09T16:47:32+00:00
Cartier Diamond Earrings,,,,8255.0,USD,realised,2026-06-01,4000.0,6000.0,,,,,,Christie's,christies,auction,https://www.christies.com/en/sso?ObjectID=24831.826&LotNumber=826&ldp_breadcrumb=back,24831-826,2026-08-09T16:47:32+00:00
,,,,57150.0,USD,realised,2026-06-01,30000.0,50000.0,,,,,,Christie's,christies,auction,https://www.christies.com/en/sso?ObjectID=24831.827&LotNumber=827&ldp_breadcrumb=back,24831-827,2026-08-09T16:47:32+00:00
Cartier Set Of Diamond Jewelry,,,,12700.0,USD,realised,2026-06-01,8000.0,12000.0,,,,,,Christie's,christies,auction,https://www.christies.com/en/sso?ObjectID=24831.828&LotNumber=828&ldp_breadcrumb=back,24831-828,2026-08-09T16:47:32+00:00
,,,,35560.0,USD,realised,2026-06-01,15000.0,20000.0,,,,,,Christie's,christies,auction,https://www.christies.com/en/sso?ObjectID=24831.829&LotNumber=829&ldp_breadcrumb=back,24831-829,2026-08-09T16:47:32+00:00
Cartier Diamond Line Bracelet,,,,50800.0,USD,realised,2026-06-01,15000.0,20000.0,,,,,,Christie's,christies,auction,https://www.christies.com/en/sso?ObjectID=24831.830&LotNumber=830&ldp_breadcrumb=back,24831-830,2026-08-09T16:47:32+00:00
Cartier Diamond Necklace,,,,60960.0,USD,realised,2026-06-01,30000.0,50000.0,,,,,,Christie's,christies,auction,https://www.christies.com/en/sso?ObjectID=24831.831&LotNumber=831&ldp_breadcrumb=back,24831-831,2026-08-09T16:47:32+00:00
Cartier Diamond Earrings,,,,11430.0,USD,realised,2026-06-01,10000.0,15000.0,,,,,,Christie's,christies,auction,https://www.christies.com/en/sso?ObjectID=24831.832&LotNumber=832&ldp_breadcrumb=back,24831-832,2026-08-09T16:47:32+00:00
Cartier Colored Diamond,,,,24130.0,USD,realised,2026-06-01,10000.0,15000.0,,,,,,Christie's,christies,auction,https://www.christies.com/en/sso?ObjectID=24831.833&LotNumber=833&ldp_breadcrumb=back,24831-833,2026-08-09T16:47:32+00:00
,,,,16510.0,USD,realised,2026-06-01,12000.0,18000.0,,,,,,Christie's,christies,auction,https://www.christies.com/en/sso?ObjectID=24831.834&LotNumber=834&ldp_breadcrumb=back,24831-834,2026-08-09T16:47:32+00:00
,,,,16510.0,USD,realised,2026-06-01,8000.0,12000.0,,,,,,Christie's,christies,auction,https://www.christies.com/en/sso?ObjectID=24831.835&LotNumber=835&ldp_breadcrumb=back,24831-835,2026-08-09T16:47:32+00:00
Cartier Diamond Ring,,,,30480.0,USD,realised,2026-06-01,10000.0,15000.0,,,,,,Christie's,christies,auction,https://www.christies.com/en/sso?ObjectID=24831.836&LotNumber=836&ldp_breadcrumb=back,24831-836,2026-08-09T16:47:32+00:00
Bulgari Set Of Chalcedony,,,,215900.0,USD,realised,2026-06-01,30000.0,50000.0,,,,,,Christie's,christies,auction,https://www.christies.com/en/sso?ObjectID=24831.837&LotNumber=837&ldp_breadcrumb=back,24831-837,2026-08-09T16:47:32+00:00
Bulgari Peridot,,,,19050.0,USD,realised,2026-06-01,15000.0,20000.0,,,,,,Christie's,christies,auction,https://www.christies.com/en/sso?ObjectID=24831.838&LotNumber=838&ldp_breadcrumb=back,24831-838,2026-08-09T16:47:32+00:00
,,,,44450.0,USD,realised,2026-06-01,15000.0,20000.0,,,,,,Christie's,christies,auction,https://www.christies.com/en/sso?ObjectID=24831.839&LotNumber=839&ldp_breadcrumb=back,24831-839,2026-08-09T16:47:32+00:00
,,,,190500.0,USD,realised,2026-06-01,40000.0,60000.0,,,,,,Christie's,christies,auction,https://www.christies.com/en/sso?ObjectID=24831.840&LotNumber=840&ldp_breadcrumb=back,24831-840,2026-08-09T16:47:32+00:00
,,,,127000.0,USD,realised,2026-06-01,40000.0,60000.0,,,,,,Christie's,christies,auction,https://www.christies.com/en/sso?ObjectID=24831.841&LotNumber=841&ldp_breadcrumb=back,24831-841,2026-08-09T16:47:32+00:00
,,,,82550.0,USD,realised,2026-06-01,30000.0,50000.0,,,,,,Christie's,christies,auction,https://www.christies.com/en/sso?ObjectID=24831.842&LotNumber=842&ldp_breadcrumb=back,24831-842,2026-08-09T16:47:32+00:00
,,,,20320.0,USD,realised,2026-06-01,10000.0,15000.0,,,,,,Christie's,christies,auction,https://www.christies.com/en/sso?ObjectID=24831.843&LotNumber=843&ldp_breadcrumb=back,24831-843,2026-08-09T16:47:32+00:00
Bulgari Set Of Pink Tourmaline,,,,279400.0,USD,realised,2026-06-01,30000.0,50000.0,,,,,,Christie's,christies,auction,https://www.christies.com/en/sso?ObjectID=24831.844&LotNumber=844&ldp_breadcrumb=back,24831-844,2026-08-09T16:47:32+00:00
,,,,88900.0,USD,realised,2026-06-01,20000.0,30000.0,,,,,,Christie's,christies,auction,https://www.christies.com/en/sso?ObjectID=24831.845&LotNumber=845&ldp_breadcrumb=back,24831-845,2026-08-09T16:47:32+00:00
Cartier Diamond Ring,,,,19050.0,USD,realised,2026-06-01,10000.0,15000.0,,,,,,Christie's,christies,auction,https://www.christies.com/en/sso?ObjectID=24831.846&LotNumber=846&ldp_breadcrumb=back,24831-846,2026-08-09T16:47:32+00:00
,,,,4445.0,USD,realised,2026-06-01,5000.0,7000.0,,,,,,Christie's,christies,auction,https://www.christies.com/en/sso?ObjectID=24831.847&LotNumber=847&ldp_breadcrumb=back,24831-847,2026-08-09T16:47:32+00:00
,,,,38100.0,USD,realised,2026-06-01,10000.0,15000.0,,,,,,Christie's,christies,auction,https://www.christies.com/en/sso?ObjectID=24831.848&LotNumber=848&ldp_breadcrumb=back,24831-848,2026-08-09T16:47:32+00:00
,,,,27940.0,USD,realised,2026-06-01,12000.0,18000.0,,,,,,Christie's,christies,auction,https://www.christies.com/en/sso?ObjectID=24831.849&LotNumber=849&ldp_breadcrumb=back,24831-849,2026-08-09T16:47:32+00:00
,,,,48260.0,USD,realised,2026-06-01,25000.0,35000.0,,,,,,Christie's,christies,auction,https://www.christies.com/en/sso?ObjectID=24831.850&LotNumber=850&ldp_breadcrumb=back,24831-850,2026-08-09T16:47:32+00:00
,,,,22860.0,USD,realised,2026-06-01,10000.0,15000.0,,,,,,Christie's,christies,auction,https://www.christies.com/en/sso?ObjectID=24831.851&LotNumber=851&ldp_breadcrumb=back,24831-851,2026-08-09T16:47:32+00:00
,,,,35560.0,USD,realised,2026-06-01,6000.0,8000.0,,,,,,Christie's,christies,auction,https://www.christies.com/en/sso?ObjectID=24831.852&LotNumber=852&ldp_breadcrumb=back,24831-852,2026-08-09T16:47:32+00:00
,,,,10795.0,USD,realised,2026-06-01,6000.0,8000.0,,,,,,Christie's,christies,auction,https://www.christies.com/en/sso?ObjectID=24831.853&LotNumber=853&ldp_breadcrumb=back,24831-853,2026-08-09T16:47:32+00:00
Cartier Multi-Gem,,,,60960.0,USD,realised,2026-06-01,20000.0,30000.0,,,,,,Christie's,christies,auction,https://www.christies.com/en/sso?ObjectID=24831.854&LotNumber=854&ldp_breadcrumb=back,24831-854,2026-08-09T16:47:32+00:00
Cartier Multi-Gem,,,,24130.0,USD,realised,2026-06-01,12000.0,18000.0,,,,,,Christie's,christies,auction,https://www.christies.com/en/sso?ObjectID=24831.855&LotNumber=855&ldp_breadcrumb=back,24831-855,2026-08-09T16:47:32+00:00
Cartier Emerald,,,,44450.0,USD,realised,2026-06-01,20000.0,30000.0,,,,,,Christie's,christies,auction,https://www.christies.com/en/sso?ObjectID=24831.856&LotNumber=856&ldp_breadcrumb=back,24831-856,2026-08-09T16:47:32+00:00
,,,,114300.0,USD,realised,2026-06-01,60000.0,80000.0,,,,,,Christie's,christies,auction,https://www.christies.com/en/sso?ObjectID=24831.857&LotNumber=857&ldp_breadcrumb=back,24831-857,2026-08-09T16:47:32+00:00
Rolex,,124300,,21420.0,USD,realised,2025-05-29,5000.0,10000.0,,,,,,Christie's,christies,auction,https://www.christies.com/en/sso?ObjectID=23732.201&LotNumber=201&ldp_breadcrumb=back,23732-201,2026-08-09T16:47:32+00:00
Rolex,,124300,,18900.0,USD,realised,2025-05-29,5000.0,10000.0,,,,,,Christie's,christies,auction,https://www.christies.com/en/sso?ObjectID=23732.202&LotNumber=202&ldp_breadcrumb=back,23732-202,2026-08-09T16:47:32+00:00
Rolex,,124300,,18900.0,USD,realised,2025-05-29,5000.0,10000.0,,,,,,Christie's,christies,auction,https://www.christies.com/en/sso?ObjectID=23732.203&LotNumber=203&ldp_breadcrumb=back,23732-203,2026-08-09T16:47:32+00:00
Rolex,,126300,,17640.0,USD,realised,2025-05-29,6000.0,12000.0,,,,,,Christie's,christies,auction,https://www.christies.com/en/sso?ObjectID=23732.204&LotNumber=204&ldp_breadcrumb=back,23732-204,2026-08-09T16:47:32+00:00
Rolex,,128238,,75600.0,USD,realised,2025-05-29,30000.0,60000.0,,,,,,Christie's,christies,auction,https://www.christies.com/en/sso?ObjectID=23732.205&LotNumber=205&ldp_breadcrumb=back,23732-205,2026-08-09T16:47:32+00:00
Rolex,,128238,,56700.0,USD,realised,2025-05-29,25000.0,45000.0,,,,,,Christie's,christies,auction,https://www.christies.com/en/sso?ObjectID=23732.206&LotNumber=206&ldp_breadcrumb=back,23732-206,2026-08-09T16:47:32+00:00
Rolex,,268655,,30240.0,USD,realised,2025-05-29,20000.0,40000.0,,,,,,Christie's,christies,auction,https://www.christies.com/en/sso?ObjectID=23732.207&LotNumber=207&ldp_breadcrumb=back,23732-207,2026-08-09T16:47:32+00:00
Rolex,,116680,,18900.0,USD,realised,2025-05-29,12000.0,18000.0,,,,,,Christie's,christies,auction,https://www.christies.com/en/sso?ObjectID=23732.208&LotNumber=208&ldp_breadcrumb=back,23732-208,2026-08-09T16:47:32+00:00
Rolex,,326934,,21420.0,USD,realised,2025-05-29,15000.0,25000.0,,,,,,Christie's,christies,auction,https://www.christies.com/en/sso?ObjectID=23732.209&LotNumber=209&ldp_breadcrumb=back,23732-209,2026-08-09T16:47:32+00:00
Rolex,,326934,,18900.0,USD,realised,2025-05-29,15000.0,25000.0,,,,,,Christie's,christies,auction,https://www.christies.com/en/sso?ObjectID=23732.210&LotNumber=210&ldp_breadcrumb=back,23732-210,2026-08-09T16:47:32+00:00
Rolex,,16518,,25200.0,USD,realised,2025-05-29,15000.0,25000.0,,,,,,Christie's,christies,auction,https://www.christies.com/en/sso?ObjectID=23732.212&LotNumber=212&ldp_breadcrumb=back,23732-212,2026-08-09T16:47:32+00:00
Patek Philippe,,5236P-001,,69300.0,USD,realised,2025-05-29,60000.0,120000.0,,,,,,Christie's,christies,auction,https://www.christies.com/en/sso?ObjectID=23732.213&LotNumber=213&ldp_breadcrumb=back,23732-213,2026-08-09T16:47:32+00:00
Patek Philippe,,5230G-014,,40320.0,USD,realised,2025-05-29,26000.0,45000.0,,,,,,Christie's,christies,auction,https://www.christies.com/en/sso?ObjectID=23732.214&LotNumber=214&ldp_breadcrumb=back,23732-214,2026-08-09T16:47:32+00:00
Patek Philippe,,5205R-010,,35280.0,USD,realised,2025-05-29,30000.0,50000.0,,,,,,Christie's,christies,auction,https://www.christies.com/en/sso?ObjectID=23732.215&LotNumber=215&ldp_breadcrumb=back,23732-215,2026-08-09T16:47:32+00:00
Patek Philippe,,5212A-001,,37800.0,USD,realised,2025-05-29,20000.0,40000.0,,,,,,Christie's,christies,auction,https://www.christies.com/en/sso?ObjectID=23732.216&LotNumber=216&ldp_breadcrumb=back,23732-216,2026-08-09T16:47:32+00:00
Patek Philippe,,5035J-001,,17640.0,USD,realised,2025-05-29,12000.0,18000.0,,,,,,Christie's,christies,auction,https://www.christies.com/en/sso?ObjectID=23732.217&LotNumber=217&ldp_breadcrumb=back,23732-217,2026-08-09T16:47:32+00:00
De Bethune,,DB2W,,40320.0,USD,realised,2025-05-29,12000.0,18000.0,,,,,,Christie's,christies,auction,https://www.christies.com/en/sso?ObjectID=23732.218&LotNumber=218&ldp_breadcrumb=back,23732-218,2026-08-09T16:47:32+00:00
Jager-Lecoultre,,Q1352470,,8190.0,USD,realised,2025-05-29,6000.0,12000.0,,,,,,Christie's,christies,auction,https://www.christies.com/en/sso?ObjectID=23732.219&LotNumber=219&ldp_breadcrumb=back,23732-219,2026-08-09T16:47:32+00:00
Jaeger-Lecoultre,,Q1666520,,32760.0,USD,realised,2025-05-29,15000.0,30000.0,,,,,,Christie's,christies,auction,https://www.christies.com/en/sso?ObjectID=23732.220&LotNumber=220&ldp_breadcrumb=back,23732-220,2026-08-09T16:47:32+00:00
Vacheron Constantin,,86020/000R-9239,,21420.0,USD,realised,2025-05-29,10000.0,20000.0,,,,,,Christie's,christies,auction,https://www.christies.com/en/sso?ObjectID=23732.221&LotNumber=221&ldp_breadcrumb=back,23732-221,2026-08-09T16:47:32+00:00
Vacheron Constantin,,42005,,11340.0,USD,realised,2025-05-29,6000.0,12000.0,,,,,,Christie's,christies,auction,https://www.christies.com/en/sso?ObjectID=23732.222&LotNumber=222&ldp_breadcrumb=back,23732-222,2026-08-09T16:47:32+00:00
Vacheron Constantin,,7810S/000R-B51,,22680.0,USD,realised,2025-05-29,12000.0,18000.0,,,,,,Christie's,christies,auction,https://www.christies.com/en/sso?ObjectID=23732.223&LotNumber=223&ldp_breadcrumb=back,23732-223,2026-08-09T16:47:32+00:00
Breguet,,3787,,21420.0,USD,realised,2025-05-29,6000.0,12000.0,,,,,,Christie's,christies,auction,https://www.christies.com/en/sso?ObjectID=23732.224&LotNumber=224&ldp_breadcrumb=back,23732-224,2026-08-09T16:47:32+00:00
Breguet,,3657,,32760.0,USD,realised,2025-05-29,30000.0,50000.0,,,,,,Christie's,christies,auction,https://www.christies.com/en/sso?ObjectID=23732.225&LotNumber=225&ldp_breadcrumb=back,23732-225,2026-08-09T16:47:32+00:00
Breguet,,7027BB,,13860.0,USD,realised,2025-05-29,8000.0,12000.0,,,,,,Christie's,christies,auction,https://www.christies.com/en/sso?ObjectID=23732.226&LotNumber=226&ldp_breadcrumb=back,23732-226,2026-08-09T16:47:32+00:00
Breguet,,5707,,20160.0,USD,realised,2025-05-29,10000.0,20000.0,,,,,,Christie's,christies,auction,https://www.christies.com/en/sso?ObjectID=23732.227&LotNumber=227&ldp_breadcrumb=back,23732-227,2026-08-09T16:47:32+00:00
Daniel Roth,,S247,,12600.0,USD,realised,2025-05-29,6000.0,12000.0,,,,,,Christie's,christies,auction,https://www.christies.com/en/sso?ObjectID=23732.228&LotNumber=228&ldp_breadcrumb=back,23732-228,2026-08-09T16:47:32+00:00
,,5153,,40320.0,USD,realised,2025-05-29,10000.0,20000.0,,,,,,Christie's,christies,auction,https://www.christies.com/en/sso?ObjectID=23732.229&LotNumber=229&ldp_breadcrumb=back,23732-229,2026-08-09T16:47:32+00:00
Patek Philippe,,5054G,,17640.0,USD,realised,2025-05-29,10000.0,15000.0,,,,,,Christie's,christies,auction,https://www.christies.com/en/sso?ObjectID=23732.230&LotNumber=230&ldp_breadcrumb=back,23732-230,2026-08-09T16:47:32+00:00
Patek Philippe,,3820,,21420.0,USD,realised,2025-05-29,6000.0,12000.0,,,,,,Christie's,christies,auction,https://www.christies.com/en/sso?ObjectID=23732.231&LotNumber=231&ldp_breadcrumb=back,23732-231,2026-08-09T16:47:32+00:00
Patek Philippe,,3520,,8190.0,USD,realised,2025-05-29,6000.0,8000.0,,,,,,Christie's,christies,auction,https://www.christies.com/en/sso?ObjectID=23732.232&LotNumber=232&ldp_breadcrumb=back,23732-232,2026-08-09T16:47:32+00:00
Patek Philippe,,3666,,6930.0,USD,realised,2025-05-29,6000.0,8000.0,,,,,,Christie's,christies,auction,https://www.christies.com/en/sso?ObjectID=23732.233&LotNumber=233&ldp_breadcrumb=back,23732-233,2026-08-09T16:47:32+00:00
Patek Philippe,,5009,,8820.0,USD,realised,2025-05-29,6000.0,8000.0,,,,,,Christie's,christies,auction,https://www.christies.com/en/sso?ObjectID=23732.234&LotNumber=234&ldp_breadcrumb=back,23732-234,2026-08-09T16:47:32+00:00
Patek Philippe,,2525,,15120.0,USD,realised,2025-05-29,6000.0,9000.0,,,,,,Christie's,christies,auction,https://www.christies.com/en/sso?ObjectID=23732.235&LotNumber=235&ldp_breadcrumb=back,23732-235,2026-08-09T16:47:32+00:00
Patek Philippe,,257,,5670.0,USD,realised,2025-05-29,4000.0,6000.0,,,,,,Christie's,christies,auction,https://www.christies.com/en/sso?ObjectID=23732.236&LotNumber=236&ldp_breadcrumb=back,23732-236,2026-08-09T16:47:32+00:00
Patek Philippe,,570,,25200.0,USD,realised,2025-05-29,20000.0,40000.0,,,,,,Christie's,christies,auction,https://www.christies.com/en/sso?ObjectID=23732.237&LotNumber=237&ldp_breadcrumb=back,23732-237,2026-08-09T16:47:32+00:00
Patek Philippe,,,,27720.0,USD,realised,2025-05-29,15000.0,25000.0,,,,,,Christie's,christies,auction,https://www.christies.com/en/sso?ObjectID=23732.238&LotNumber=238&ldp_breadcrumb=back,23732-238,2026-08-09T16:47:32+00:00
Tudor,,7159,,12600.0,USD,realised,2025-05-29,10000.0,15000.0,,,,,,Christie's,christies,auction,https://www.christies.com/en/sso?ObjectID=23732.239&LotNumber=239&ldp_breadcrumb=back,23732-239,2026-08-09T16:47:32+00:00
Tudor,,7016,,10080.0,USD,realised,2025-05-29,6000.0,12000.0,,,,,,Christie's,christies,auction,https://www.christies.com/en/sso?ObjectID=23732.240&LotNumber=240&ldp_breadcrumb=back,23732-240,2026-08-09T16:47:32+00:00
Rolex,,5512,,15120.0,USD,realised,2025-05-29,12000.0,18000.0,,,,,,Christie's,christies,auction,https://www.christies.com/en/sso?ObjectID=23732.241&LotNumber=241&ldp_breadcrumb=back,23732-241,2026-08-09T16:47:32+00:00
Rolex,,6238,,113400.0,USD,realised,2025-05-29,70000.0,120000.0,,,,,,Christie's,christies,auction,https://www.christies.com/en/sso?ObjectID=23732.242&LotNumber=242&ldp_breadcrumb=back,23732-242,2026-08-09T16:47:32+00:00
Rolex,,1019,,18900.0,USD,realised,2025-05-29,12000.0,18000.0,,,,,,Christie's,christies,auction,https://www.christies.com/en/sso?ObjectID=23732.244&LotNumber=244&ldp_breadcrumb=back,23732-244,2026-08-09T16:47:32+00:00
Patek Philippe,,3700,,88200.0,USD,realised,2025-05-29,60000.0,120000.0,,,,,,Christie's,christies,auction,https://www.christies.com/en/sso?ObjectID=23732.245&LotNumber=245&ldp_breadcrumb=back,23732-245,2026-08-09T16:47:32+00:00
Patek Philippe,,5066A,,32760.0,USD,realised,2025-05-29,15000.0,25000.0,,,,,,Christie's,christies,auction,https://www.christies.com/en/sso?ObjectID=23732.246&LotNumber=246&ldp_breadcrumb=back,23732-246,2026-08-09T16:47:32+00:00
Patek Philippe,,5267/200A-011,,47880.0,USD,realised,2025-05-29,25000.0,45000.0,,,,,,Christie's,christies,auction,https://www.christies.com/en/sso?ObjectID=23732.247&LotNumber=247&ldp_breadcrumb=back,23732-247,2026-08-09T16:47:32+00:00
Patek Philippe,,4910/10A-011,,7560.0,USD,realised,2025-05-29,4000.0,6000.0,,,,,,Christie's,christies,auction,https://www.christies.com/en/sso?ObjectID=23732.248&LotNumber=248&ldp_breadcrumb=back,23732-248,2026-08-09T16:47:32+00:00
Patek Philippe,,4910/11R-001,,18900.0,USD,realised,2025-05-29,5000.0,10000.0,,,,,,Christie's,christies,auction,https://www.christies.com/en/sso?ObjectID=23732.249&LotNumber=249&ldp_breadcrumb=back,23732-249,2026-08-09T16:47:32+00:00
Patek Philippe,,5081,,27720.0,USD,realised,2025-05-29,12000.0,18000.0,,,,,,Christie's,christies,auction,https://www.christies.com/en/sso?ObjectID=23732.250&LotNumber=250&ldp_breadcrumb=back,23732-250,2026-08-09T16:47:32+00:00
Bulgari,,,,25200.0,USD,realised,2025-05-29,15000.0,25000.0,,,,,,Christie's,christies,auction,https://www.christies.com/en/sso?ObjectID=23732.251&LotNumber=251&ldp_breadcrumb=back,23732-251,2026-08-09T16:47:32+00:00
Breguet,,3401BA,,8820.0,USD,realised,2025-05-29,5000.0,10000.0,,,,,,Christie's,christies,auction,https://www.christies.com/en/sso?ObjectID=23732.252&LotNumber=252&ldp_breadcrumb=back,23732-252,2026-08-09T16:47:32+00:00
Breguet,,3400BA/12,,4410.0,USD,realised,2025-05-29,4000.0,6000.0,,,,,,Christie's,christies,auction,https://www.christies.com/en/sso?ObjectID=23732.253&LotNumber=253&ldp_breadcrumb=back,23732-253,2026-08-09T16:47:32+00:00
Breguet,,8671BA/11/AB0,,8190.0,USD,realised,2025-05-29,6000.0,8000.0,,,,,,Christie's,christies,auction,https://www.christies.com/en/sso?ObjectID=23732.254&LotNumber=254&ldp_breadcrumb=back,23732-254,2026-08-09T16:47:32+00:00
Breguet,,8908,,10710.0,USD,realised,2025-05-29,8000.0,12000.0,,,,,,Christie's,christies,auction,https://www.christies.com/en/sso?ObjectID=23732.255&LotNumber=255&ldp_breadcrumb=back,23732-255,2026-08-09T16:47:32+00:00
Hublot,,565.OX.1480.RX.1,,8820.0,USD,realised,2025-05-29,6000.0,12000.0,,,,,,Christie's,christies,auction,https://www.christies.com/en/sso?ObjectID=23732.256&LotNumber=256&ldp_breadcrumb=back,23732-256,2026-08-09T16:47:32+00:00
Chanel,,H0682,,20160.0,USD,realised,2025-05-29,15000.0,25000.0,,,,,,Christie's,christies,auction,https://www.christies.com/en/sso?ObjectID=23732.257&LotNumber=257&ldp_breadcrumb=back,23732-257,2026-08-09T16:47:32+00:00
Cartier,,1070,,11340.0,USD,realised,2025-05-29,4000.0,8000.0,,,,,,Christie's,christies,auction,https://www.christies.com/en/sso?ObjectID=23732.258&LotNumber=258&ldp_breadcrumb=back,23732-258,2026-08-09T16:47:32+00:00
Cartier,,W50001R2,,12600.0,USD,realised,2025-05-29,6000.0,8000.0,,,,,,Christie's,christies,auction,https://www.christies.com/en/sso?ObjectID=23732.259&LotNumber=259&ldp_breadcrumb=back,23732-259,2026-08-09T16:47:32+00:00
Cartier,,W50012S3,,8190.0,USD,realised,2025-05-29,5000.0,7000.0,,,,,,Christie's,christies,auction,https://www.christies.com/en/sso?ObjectID=23732.260&LotNumber=260&ldp_breadcrumb=back,23732-260,2026-08-09T16:47:32+00:00
Patek Philippe,,3598,,7560.0,USD,realised,2025-05-29,4000.0,6000.0,,,,,,Christie's,christies,auction,https://www.christies.com/en/sso?ObjectID=23732.261&LotNumber=261&ldp_breadcrumb=back,23732-261,2026-08-09T16:47:32+00:00
Patek Philippe,,3545,,8820.0,USD,realised,2025-05-29,5000.0,10000.0,,,,,,Christie's,christies,auction,https://www.christies.com/en/sso?ObjectID=23732.262&LotNumber=262&ldp_breadcrumb=back,23732-262,2026-08-09T16:47:32+00:00
Patek Philippe,,3266,,6300.0,USD,realised,2025-05-29,4000.0,8000.0,,,,,,Christie's,christies,auction,https://www.christies.com/en/sso?ObjectID=23732.263&LotNumber=263&ldp_breadcrumb=back,23732-263,2026-08-09T16:47:32+00:00
Audemars Piguet,,35792,,15120.0,USD,realised,2025-05-29,8000.0,12000.0,,,,,,Christie's,christies,auction,https://www.christies.com/en/sso?ObjectID=23732.264&LotNumber=264&ldp_breadcrumb=back,23732-264,2026-08-09T16:47:32+00:00
Albert H. Potter & Co.,,,,21420.0,USD,realised,2025-05-29,6000.0,9000.0,,,,,,Christie's,christies,auction,https://www.christies.com/en/sso?ObjectID=23732.265&LotNumber=265&ldp_breadcrumb=back,23732-265,2026-08-09T16:47:32+00:00
,,,,25200.0,USD,realised,2025-05-29,6000.0,9000.0,,,,,,Christie's,christies,auction,https://www.christies.com/en/sso?ObjectID=23732.266&LotNumber=266&ldp_breadcrumb=back,23732-266,2026-08-09T16:47:32+00:00
Vacheron Constantin,,,,5040.0,USD,realised,2025-05-29,4000.0,6000.0,,,,,,Christie's,christies,auction,https://www.christies.com/en/sso?ObjectID=23732.267&LotNumber=267&ldp_breadcrumb=back,23732-267,2026-08-09T16:47:32+00:00
Patek Philippe,,744,,7560.0,USD,realised,2025-05-29,6000.0,12000.0,,,,,,Christie's,christies,auction,https://www.christies.com/en/sso?ObjectID=23732.268&LotNumber=268&ldp_breadcrumb=back,23732-268,2026-08-09T16:47:32+00:00
Patek Philippe,,902,,6930.0,USD,realised,2025-05-29,5000.0,10000.0,,,,,,Christie's,christies,auction,https://www.christies.com/en/sso?ObjectID=23732.269&LotNumber=269&ldp_breadcrumb=back,23732-269,2026-08-09T16:47:32+00:00
Cartier,,,,5040.0,USD,realised,2025-05-29,3000.0,5000.0,,,,,,Christie's,christies,auction,https://www.christies.com/en/sso?ObjectID=23732.270&LotNumber=270&ldp_breadcrumb=back,23732-270,2026-08-09T16:47:32+00:00
Cartier,,W0100018,,3780.0,USD,realised,2025-05-29,3000.0,5000.0,,,,,,Christie's,christies,auction,https://www.christies.com/en/sso?ObjectID=23732.271&LotNumber=271&ldp_breadcrumb=back,23732-271,2026-08-09T16:47:32+00:00
Patek Philippe,,5960P-001,,37800.0,USD,realised,2025-05-29,28000.0,45000.0,,,,,,Christie's,christies,auction,https://www.christies.com/en/sso?ObjectID=23732.272&LotNumber=272&ldp_breadcrumb=back,23732-272,2026-08-09T16:47:32+00:00
Patek Philippe,,5524G-001,,40320.0,USD,realised,2025-05-29,20000.0,40000.0,,,,,,Christie's,christies,auction,https://www.christies.com/en/sso?ObjectID=23732.273&LotNumber=273&ldp_breadcrumb=back,23732-273,2026-08-09T16:47:32+00:00
Audemars Piguet,,26480TI,,27720.0,USD,realised,2025-05-29,15000.0,25000.0,,,,,,Christie's,christies,auction,https://www.christies.com/en/sso?ObjectID=23732.274&LotNumber=274&ldp_breadcrumb=back,23732-274,2026-08-09T16:47:32+00:00
Audemars Piguet,,26238ST,,40320.0,USD,realised,2025-05-29,20000.0,40000.0,,,,,,Christie's,christies,auction,https://www.christies.com/en/sso?ObjectID=23732.275&LotNumber=275&ldp_breadcrumb=back,23732-275,2026-08-09T16:47:32+00:00
Audemars Piguet,,26470ST,,22680.0,USD,realised,2025-05-29,15000.0,25000.0,,,,,,Christie's,christies,auction,https://www.christies.com/en/sso?ObjectID=23732.276&LotNumber=276&ldp_breadcrumb=back,23732-276,2026-08-09T16:47:32+00:00
Audemars Piguet,,26703ST,,22680.0,USD,realised,2025-05-29,15000.0,25000.0,,,,,,Christie's,christies,auction,https://www.christies.com/en/sso?ObjectID=23732.277&LotNumber=277&ldp_breadcrumb=back,23732-277,2026-08-09T16:47:32+00:00
Breguet,,5847BB,,17640.0,USD,realised,2025-05-29,10000.0,20000.0,,,,,,Christie's,christies,auction,https://www.christies.com/en/sso?ObjectID=23732.278&LotNumber=278&ldp_breadcrumb=back,23732-278,2026-08-09T16:47:32+00:00
Vacheron Constantin,,49150/B01A-9095,,16380.0,USD,realised,2025-05-29,10000.0,20000.0,,,,,,Christie's,christies,auction,https://www.christies.com/en/sso?ObjectID=23732.279&LotNumber=279&ldp_breadcrumb=back,23732-279,2026-08-09T16:47:32+00:00
Vacheron Constantin,,47450/000W-9511,,20160.0,USD,realised,2025-05-29,10000.0,20000.0,,,,,,Christie's,christies,auction,https://www.christies.com/en/sso?ObjectID=23732.280&LotNumber=280&ldp_breadcrumb=back,23732-280,2026-08-09T16:47:32+00:00
Rolex,,16550,,18900.0,USD,realised,2025-05-29,12000.0,18000.0,,,,,,Christie's,christies,auction,https://www.christies.com/en/sso?ObjectID=23732.281&LotNumber=281&ldp_breadcrumb=back,23732-281,2026-08-09T16:47:32+00:00
Rolex,,216570,,8820.0,USD,realised,2025-05-29,6000.0,10000.0,,,,,,Christie's,christies,auction,https://www.christies.com/en/sso?ObjectID=23732.282&LotNumber=282&ldp_breadcrumb=back,23732-282,2026-08-09T16:47:32+00:00
Rolex,,16520,,35280.0,USD,realised,2025-05-29,24000.0,55000.0,,,,,,Christie's,christies,auction,https://www.christies.com/en/sso?ObjectID=23732.283&LotNumber=283&ldp_breadcrumb=back,23732-283,2026-08-09T16:47:32+00:00
Rolex,,116400GV,,12600.0,USD,realised,2025-05-29,6000.0,12000.0,,,,,,Christie's,christies,auction,https://www.christies.com/en/sso?ObjectID=23732.284&LotNumber=284&ldp_breadcrumb=back,23732-284,2026-08-09T16:47:32+00:00
Rolex,,116613LB,,15120.0,USD,realised,2025-05-29,8000.0,12000.0,,,,,,Christie's,christies,auction,https://www.christies.com/en/sso?ObjectID=23732.285&LotNumber=285&ldp_breadcrumb=back,23732-285,2026-08-09T16:47:32+00:00
Rolex,,16613T,,10710.0,USD,realised,2025-05-29,10000.0,15000.0,,,,,,Christie's,christies,auction,https://www.christies.com/en/sso?ObjectID=23732.286&LotNumber=286&ldp_breadcrumb=back,23732-286,2026-08-09T16:47:32+00:00
Rolex,,126660,,11970.0,USD,realised,2025-05-29,8000.0,12000.0,,,,,,Christie's,christies,auction,https://www.christies.com/en/sso?ObjectID=23732.287&LotNumber=287&ldp_breadcrumb=back,23732-287,2026-08-09T16:47:32+00:00
Hublot,,301.PB.131.RX,,13860.0,USD,realised,2025-05-29,8000.0,10000.0,,,,,,Christie's,christies,auction,https://www.christies.com/en/sso?ObjectID=23732.288&LotNumber=288&ldp_breadcrumb=back,23732-288,2026-08-09T16:47:32+00:00
Jaeger-Lecoultre,,Q7002671,,8190.0,USD,realised,2025-05-29,4000.0,8000.0,,,,,,Christie's,christies,auction,https://www.christies.com/en/sso?ObjectID=23732.289&LotNumber=289&ldp_breadcrumb=back,23732-289,2026-08-09T16:47:32+00:00
Breguet,,3880BR,,20160.0,USD,realised,2025-05-29,10000.0,20000.0,,,,,,Christie's,christies,auction,https://www.christies.com/en/sso?ObjectID=23732.290&LotNumber=290&ldp_breadcrumb=back,23732-290,2026-08-09T16:47:32+00:00
Iwc,,IW37521,,30240.0,USD,realised,2025-05-29,12000.0,18000.0,,,,,,Christie's,christies,auction,https://www.christies.com/en/sso?ObjectID=23732.291&LotNumber=291&ldp_breadcrumb=back,23732-291,2026-08-09T16:47:32+00:00
Iwc,,3751,,15120.0,USD,realised,2025-05-29,4000.0,8000.0,,,,,,Christie's,christies,auction,https://www.christies.com/en/sso?ObjectID=23732.292&LotNumber=292&ldp_breadcrumb=back,23732-292,2026-08-09T16:47:32+00:00
Patek Philippe,,5035J-001,,18900.0,USD,realised,2025-05-29,12000.0,18000.0,,,,,,Christie's,christies,auction,https://www.christies.com/en/sso?ObjectID=23732.293&LotNumber=293&ldp_breadcrumb=back,23732-293,2026-08-09T16:47:32+00:00
Cartier,,W1556214,,,,realised,2025-05-29,35000.0,55000.0,,,,,,Christie's,christies,auction,https://www.christies.com/en/sso?ObjectID=23732.294&LotNumber=294&ldp_breadcrumb=back,23732-294,2026-08-09T16:47:32+00:00
Piaget,,G0A39111,,12600.0,USD,realised,2025-05-29,5000.0,10000.0,,,,,,Christie's,christies,auction,https://www.christies.com/en/sso?ObjectID=23732.295&LotNumber=295&ldp_breadcrumb=back,23732-295,2026-08-09T16:47:32+00:00
Franck Muller,,1200T,,20160.0,USD,realised,2025-05-29,18000.0,24000.0,,,,,,Christie's,christies,auction,https://www.christies.com/en/sso?ObjectID=23732.296&LotNumber=296&ldp_breadcrumb=back,23732-296,2026-08-09T16:47:32+00:00
A. Lange & Söhne,,308.031,,17640.0,USD,realised,2025-05-29,12000.0,18000.0,,,,,,Christie's,christies,auction,https://www.christies.com/en/sso?ObjectID=23732.297&LotNumber=297&ldp_breadcrumb=back,23732-297,2026-08-09T16:47:32+00:00
A. Lange & Söhne,,358.025,,37800.0,USD,realised,2025-05-29,20000.0,40000.0,,,,,,Christie's,christies,auction,https://www.christies.com/en/sso?ObjectID=23732.298&LotNumber=298&ldp_breadcrumb=back,23732-298,2026-08-09T16:47:32+00:00
Jaquet Droz,,J016030241,,5040.0,USD,realised,2025-05-29,5000.0,10000.0,,,,,,Christie's,christies,auction,https://www.christies.com/en/sso?ObjectID=23732.299&LotNumber=299&ldp_breadcrumb=back,23732-299,2026-08-09T16:47:32+00:00
Jaquet Droz,,J007030245,,4410.0,USD,realised,2025-05-29,5000.0,10000.0,,,,,,Christie's,christies,auction,https://www.christies.com/en/sso?ObjectID=23732.300&LotNumber=300&ldp_breadcrumb=back,23732-300,2026-08-09T16:47:32+00:00
Glashütte,,1-89-02-01-04-30,,18900.0,USD,realised,2025-05-29,20000.0,40000.0,,,,,,Christie's,christies,auction,https://www.christies.com/en/sso?ObjectID=23732.301&LotNumber=301&ldp_breadcrumb=back,23732-301,2026-08-09T16:47:32+00:00
Glashütte,,58-04-04-05-04,,11970.0,USD,realised,2025-05-29,12000.0,18000.0,,,,,,Christie's,christies,auction,https://www.christies.com/en/sso?ObjectID=23732.302&LotNumber=302&ldp_breadcrumb=back,23732-302,2026-08-09T16:47:32+00:00
Parmigiani Fleurier,,PF011128.01,,8820.0,USD,realised,2025-05-29,4000.0,8000.0,,,,,,Christie's,christies,auction,https://www.christies.com/en/sso?ObjectID=23732.303&LotNumber=303&ldp_breadcrumb=back,23732-303,2026-08-09T16:47:32+00:00
Parmigiani Fleurier,,PFH227-1201300-H,,13860.0,USD,realised,2025-05-29,5000.0,10000.0,,,,,,Christie's,christies,auction,https://www.christies.com/en/sso?ObjectID=23732.304&LotNumber=304&ldp_breadcrumb=back,23732-304,2026-08-09T16:47:32+00:00
Parmigiani Fleurier,,PFC901,,11340.0,USD,realised,2025-05-29,5000.0,10000.0,,,,,,Christie's,christies,auction,https://www.christies.com/en/sso?ObjectID=23732.305&LotNumber=305&ldp_breadcrumb=back,23732-305,2026-08-09T16:47:32+00:00
Iwc,,IW503502,,8190.0,USD,realised,2025-05-29,5000.0,10000.0,,,,,,Christie's,christies,auction,https://www.christies.com/en/sso?ObjectID=23732.306&LotNumber=306&ldp_breadcrumb=back,23732-306,2026-08-09T16:47:32+00:00
Iwc,,IW378601,,5292.0,USD,realised,2025-05-29,4000.0,6000.0,,,,,,Christie's,christies,auction,https://www.christies.com/en/sso?ObjectID=23732.307&LotNumber=307&ldp_breadcrumb=back,23732-307,2026-08-09T16:47:32+00:00
Iwc,,IW324110,,13860.0,USD,realised,2025-05-29,4000.0,6000.0,,,,,,Christie's,christies,auction,https://www.christies.com/en/sso?ObjectID=23732.308&LotNumber=308&ldp_breadcrumb=back,23732-308,2026-08-09T16:47:32+00:00
Iwc,,3241-001,,12600.0,USD,realised,2025-05-29,6000.0,8000.0,,,,,,Christie's,christies,auction,https://www.christies.com/en/sso?ObjectID=23732.309&LotNumber=309&ldp_breadcrumb=back,23732-309,2026-08-09T16:47:32+00:00
Iwc,,3242-001,,5292.0,USD,realised,2025-05-29,4000.0,6000.0,,,,,,Christie's,christies,auction,https://www.christies.com/en/sso?ObjectID=23732.310&LotNumber=310&ldp_breadcrumb=back,23732-310,2026-08-09T16:47:32+00:00
Iwc,,3242-002,,7560.0,USD,realised,2025-05-29,4000.0,6000.0,,,,,,Christie's,christies,auction,https://www.christies.com/en/sso?ObjectID=23732.311&LotNumber=311&ldp_breadcrumb=back,23732-311,2026-08-09T16:47:32+00:00
Iwc,,3242-003,,6300.0,USD,realised,2025-05-29,4000.0,6000.0,,,,,,Christie's,christies,auction,https://www.christies.com/en/sso?ObjectID=23732.312&LotNumber=312&ldp_breadcrumb=back,23732-312,2026-08-09T16:47:32+00:00
Cartier,,W2006951,,6300.0,USD,realised,2025-05-29,4000.0,6000.0,,,,,,Christie's,christies,auction,https://www.christies.com/en/sso?ObjectID=23732.313&LotNumber=313&ldp_breadcrumb=back,23732-313,2026-08-09T16:47:32+00:00
Cartier,,W1531851,,12600.0,USD,realised,2025-05-29,4000.0,6000.0,,,,,,Christie's,christies,auction,https://www.christies.com/en/sso?ObjectID=23732.314&LotNumber=314&ldp_breadcrumb=back,23732-314,2026-08-09T16:47:32+00:00
Cartier,,8172984,,5292.0,USD,realised,2025-05-29,4000.0,6000.0,,,,,,Christie's,christies,auction,https://www.christies.com/en/sso?ObjectID=23732.315&LotNumber=315&ldp_breadcrumb=back,23732-315,2026-08-09T16:47:32+00:00
Cartier,,W2603256,,6048.0,USD,realised,2025-05-29,5000.0,10000.0,,,,,,Christie's,christies,auction,https://www.christies.com/en/sso?ObjectID=23732.316&LotNumber=316&ldp_breadcrumb=back,23732-316,2026-08-09T16:47:32+00:00
,,97050,,12600.0,USD,realised,2025-05-29,6000.0,8000.0,,,,,,Christie's,christies,auction,https://www.christies.com/en/sso?ObjectID=23732.317&LotNumber=317&ldp_breadcrumb=back,23732-317,2026-08-09T16:47:32+00:00
Audemars Piguet,,25682BA,,13860.0,USD,realised,2025-05-29,10000.0,15000.0,,,,,,Christie's,christies,auction,https://www.christies.com/en/sso?ObjectID=23732.318&LotNumber=318&ldp_breadcrumb=back,23732-318,2026-08-09T16:47:32+00:00
Vacheron Constantin,,31110/000J-7,,6300.0,USD,realised,2025-05-29,4000.0,6000.0,,,,,,Christie's,christies,auction,https://www.christies.com/en/sso?ObjectID=23732.319&LotNumber=319&ldp_breadcrumb=back,23732-319,2026-08-09T16:47:32+00:00
Vacheron Constantin,,91030/000G-8919,,6930.0,USD,realised,2025-05-29,4000.0,6000.0,,,,,,Christie's,christies,auction,https://www.christies.com/en/sso?ObjectID=23732.320&LotNumber=320&ldp_breadcrumb=back,23732-320,2026-08-09T16:47:32+00:00
Vacheron Constantin,,37001/000G-8636,,6300.0,USD,realised,2025-05-29,4000.0,6000.0,,,,,,Christie's,christies,auction,https://www.christies.com/en/sso?ObjectID=23732.321&LotNumber=321&ldp_breadcrumb=back,23732-321,2026-08-09T16:47:32+00:00
Ma Î Tres Du Temps,,C2R.TTO.21.120,,12600.0,USD,realised,2025-05-29,10000.0,20000.0,,,,,,Christie's,christies,auction,https://www.christies.com/en/sso?ObjectID=23732.322&LotNumber=322&ldp_breadcrumb=back,23732-322,2026-08-09T16:47:32+00:00
Maîtres Du Temps,,C2T.55.21.142,,18900.0,USD,realised,2025-05-29,10000.0,20000.0,,,,,,Christie's,christies,auction,https://www.christies.com/en/sso?ObjectID=23732.323&LotNumber=323&ldp_breadcrumb=back,23732-323,2026-08-09T16:47:32+00:00
Cyrus,,539.508.TT.A,,,,realised,2025-05-29,20000.0,40000.0,,,,,,Christie's,christies,auction,https://www.christies.com/en/sso?ObjectID=23732.324&LotNumber=324&ldp_breadcrumb=back,23732-324,2026-08-09T16:47:32+00:00
,,H24,,5670.0,USD,realised,2025-05-29,5000.0,10000.0,,,,,,Christie's,christies,auction,https://www.christies.com/en/sso?ObjectID=23732.325&LotNumber=325&ldp_breadcrumb=back,23732-325,2026-08-09T16:47:32+00:00
Montblanc,,M162912,,12600.0,USD,realised,2025-05-29,10000.0,20000.0,,,,,,Christie's,christies,auction,https://www.christies.com/en/sso?ObjectID=23732.326&LotNumber=326&ldp_breadcrumb=back,23732-326,2026-08-09T16:47:32+00:00
Panerai,,PAM00307,,5040.0,USD,realised,2025-05-29,4000.0,6000.0,,,,,,Christie's,christies,auction,https://www.christies.com/en/sso?ObjectID=23732.327&LotNumber=327&ldp_breadcrumb=back,23732-327,2026-08-09T16:47:32+00:00
Rolex,,126660,,12600.0,USD,realised,2025-05-29,8000.0,12000.0,,,,,,Christie's,christies,auction,https://www.christies.com/en/sso?ObjectID=23732.328&LotNumber=328&ldp_breadcrumb=back,23732-328,2026-08-09T16:47:32+00:00
Gérald Genta,,CH.X.10,,3024.0,USD,realised,2025-05-29,2000.0,4000.0,,,,,,Christie's,christies,auction,https://www.christies.com/en/sso?ObjectID=23732.329&LotNumber=329&ldp_breadcrumb=back,23732-329,2026-08-09T16:47:32+00:00
Zenith,,39.240410,,10710.0,USD,realised,2025-05-29,3000.0,5000.0,,,,,,Christie's,christies,auction,https://www.christies.com/en/sso?ObjectID=23732.330&LotNumber=330&ldp_breadcrumb=back,23732-330,2026-08-09T16:47:32+00:00
Waldan International,,,,5040.0,USD,realised,2025-05-29,4000.0,8000.0,,,,,,Christie's,christies,auction,https://www.christies.com/en/sso?ObjectID=23732.331&LotNumber=331&ldp_breadcrumb=back,23732-331,2026-08-09T16:47:32+00:00
Breitling,,,,,,realised,2025-05-29,,,,,,,,Christie's,christies,auction,https://www.christies.com/en/sso?ObjectID=23732.332&LotNumber=332&ldp_breadcrumb=back,23732-332,2026-08-09T16:47:32+00:00
Rolex,,6538,,30240.0,USD,realised,2025-05-29,24000.0,45000.0,,,,,,Christie's,christies,auction,https://www.christies.com/en/sso?ObjectID=23732.333&LotNumber=333&ldp_breadcrumb=back,23732-333,2026-08-09T16:47:32+00:00
Rolex,,6542,,32760.0,USD,realised,2025-05-29,8000.0,12000.0,,,,,,Christie's,christies,auction,https://www.christies.com/en/sso?ObjectID=23732.334&LotNumber=334&ldp_breadcrumb=back,23732-334,2026-08-09T16:47:32+00:00
Rolex,,6239,,37800.0,USD,realised,2025-05-29,20000.0,40000.0,,,,,,Christie's,christies,auction,https://www.christies.com/en/sso?ObjectID=23732.335&LotNumber=335&ldp_breadcrumb=back,23732-335,2026-08-09T16:47:32+00:00
Rolex,,1655,,18900.0,USD,realised,2025-05-29,12000.0,18000.0,,,,,,Christie's,christies,auction,https://www.christies.com/en/sso?ObjectID=23732.336&LotNumber=336&ldp_breadcrumb=back,23732-336,2026-08-09T16:47:32+00:00
Rolex,,1807,,9450.0,USD,realised,2025-05-29,6000.0,9000.0,,,,,,Christie's,christies,auction,https://www.christies.com/en/sso?ObjectID=23732.337&LotNumber=337&ldp_breadcrumb=back,23732-337,2026-08-09T16:47:32+00:00
Audemars Piguet,,,,40320.0,USD,realised,2025-05-29,8000.0,12000.0,,,,,,Christie's,christies,auction,https://www.christies.com/en/sso?ObjectID=23732.338&LotNumber=338&ldp_breadcrumb=back,23732-338,2026-08-09T16:47:32+00:00
Lowenthal,,,,25200.0,USD,realised,2025-05-29,8000.0,12000.0,,,,,,Christie's,christies,auction,https://www.christies.com/en/sso?ObjectID=23732.339&LotNumber=339&ldp_breadcrumb=back,23732-339,2026-08-09T16:47:32+00:00
Omega,,2485,,4410.0,USD,realised,2025-05-29,5000.0,10000.0,,,,,,Christie's,christies,auction,https://www.christies.com/en/sso?ObjectID=23732.340&LotNumber=340&ldp_breadcrumb=back,23732-340,2026-08-09T16:47:32+00:00
Gübelin,,,,5040.0,USD,realised,2025-05-29,4000.0,8000.0,,,,,,Christie's,christies,auction,https://www.christies.com/en/sso?ObjectID=23732.341&LotNumber=341&ldp_breadcrumb=back,23732-341,2026-08-09T16:47:32+00:00
Andersen Genève,,,,23940.0,USD,realised,2025-05-29,3000.0,5000.0,,,,,,Christie's,christies,auction,https://www.christies.com/en/sso?ObjectID=23732.342&LotNumber=342&ldp_breadcrumb=back,23732-342,2026-08-09T16:47:32+00:00
Andersen Genève,,,,22680.0,USD,realised,2025-05-29,6000.0,12000.0,,,,,,Christie's,christies,auction,https://www.christies.com/en/sso?ObjectID=23732.343&LotNumber=343&ldp_breadcrumb=back,23732-343,2026-08-09T16:47:32+00:00
Breitling,,A19030/B248,,6048.0,USD,realised,2025-05-29,5000.0,10000.0,,,,,,Christie's,christies,auction,https://www.christies.com/en/sso?ObjectID=23732.344&LotNumber=344&ldp_breadcrumb=back,23732-344,2026-08-09T16:47:32+00:00
Rolex,,50529,,15120.0,USD,realised,2025-05-29,8000.0,12000.0,,,,,,Christie's,christies,auction,https://www.christies.com/en/sso?ObjectID=23732.345&LotNumber=345&ldp_breadcrumb=back,23732-345,2026-08-09T16:47:32+00:00
Habring²,,,,8820.0,USD,realised,2025-05-29,6000.0,12000.0,,,,,,Christie's,christies,auction,https://www.christies.com/en/sso?ObjectID=23732.346&LotNumber=346&ldp_breadcrumb=back,23732-346,2026-08-09T16:47:32+00:00
Rolex,,126300,,11340.0,USD,realised,2025-05-29,6000.0,12000.0,,,,,,Christie's,christies,auction,https://www.christies.com/en/sso?ObjectID=23732.347&LotNumber=347&ldp_breadcrumb=back,23732-347,2026-08-09T16:47:32+00:00
Audemars Piguet,,25730ST,,23940.0,USD,realised,2025-05-29,12000.0,18000.0,,,,,,Christie's,christies,auction,https://www.christies.com/en/sso?ObjectID=23732.348&LotNumber=348&ldp_breadcrumb=back,23732-348,2026-08-09T16:47:32+00:00
Rolex,,126515LN,,88900.0,USD,realised,2025-12-04,60000.0,100000.0,,,,,,Christie's,christies,auction,https://www.christies.com/en/sso?ObjectID=23745.201&LotNumber=201&ldp_breadcrumb=back,23745-201,2026-08-09T16:47:32+00:00
Rolex,,116713LN,,13970.0,USD,realised,2025-12-04,8000.0,12000.0,,,,,,Christie's,christies,auction,https://www.christies.com/en/sso?ObjectID=23745.202&LotNumber=202&ldp_breadcrumb=back,23745-202,2026-08-09T16:47:32+00:00
Rolex,,226570,,11430.0,USD,realised,2025-12-04,8000.0,12000.0,,,,,,Christie's,christies,auction,https://www.christies.com/en/sso?ObjectID=23745.203&LotNumber=203&ldp_breadcrumb=back,23745-203,2026-08-09T16:47:32+00:00
Rolex,,116400GV,,10795.0,USD,realised,2025-12-04,6000.0,10000.0,,,,,,Christie's,christies,auction,https://www.christies.com/en/sso?ObjectID=23745.204&LotNumber=204&ldp_breadcrumb=back,23745-204,2026-08-09T16:47:32+00:00
Rolex,,126200,,6985.0,USD,realised,2025-12-04,5000.0,10000.0,,,,,,Christie's,christies,auction,https://www.christies.com/en/sso?ObjectID=23745.205&LotNumber=205&ldp_breadcrumb=back,23745-205,2026-08-09T16:47:32+00:00
Audemars Piguet,,26480TI,,27940.0,USD,realised,2025-12-04,12000.0,18000.0,,,,,,Christie's,christies,auction,https://www.christies.com/en/sso?ObjectID=23745.206&LotNumber=206&ldp_breadcrumb=back,23745-206,2026-08-09T16:47:32+00:00
Audemars Piguet,,26120ST,,33020.0,USD,realised,2025-12-04,15000.0,25000.0,,,,,,Christie's,christies,auction,https://www.christies.com/en/sso?ObjectID=23745.207&LotNumber=207&ldp_breadcrumb=back,23745-207,2026-08-09T16:47:32+00:00
Audemars Piguet,,26393OR,,30480.0,USD,realised,2025-12-04,15000.0,25000.0,,,,,,Christie's,christies,auction,https://www.christies.com/en/sso?ObjectID=23745.208&LotNumber=208&ldp_breadcrumb=back,23745-208,2026-08-09T16:47:32+00:00
Czapek,,18870001,,20320.0,USD,realised,2025-12-04,12000.0,24000.0,,,,,,Christie's,christies,auction,https://www.christies.com/en/sso?ObjectID=23745.209&LotNumber=209&ldp_breadcrumb=back,23745-209,2026-08-09T16:47:32+00:00
Chopard,,191976-9001,,10795.0,USD,realised,2025-12-04,10000.0,20000.0,,,,,,Christie's,christies,auction,https://www.christies.com/en/sso?ObjectID=23745.210&LotNumber=210&ldp_breadcrumb=back,23745-210,2026-08-09T16:47:32+00:00
Patek Philippe,,5396R-014,,44450.0,USD,realised,2025-12-04,25000.0,45000.0,,,,,,Christie's,christies,auction,https://www.christies.com/en/sso?ObjectID=23745.211&LotNumber=211&ldp_breadcrumb=back,23745-211,2026-08-09T16:47:32+00:00
Patek Philippe,,5146J-010,,24130.0,USD,realised,2025-12-04,15000.0,25000.0,,,,,,Christie's,christies,auction,https://www.christies.com/en/sso?ObjectID=23745.212&LotNumber=212&ldp_breadcrumb=back,23745-212,2026-08-09T16:47:32+00:00
Patek Philippe,,5035G,,22860.0,USD,realised,2025-12-04,15000.0,25000.0,,,,,,Christie's,christies,auction,https://www.christies.com/en/sso?ObjectID=23745.213&LotNumber=213&ldp_breadcrumb=back,23745-213,2026-08-09T16:47:32+00:00
Jaeger-Lecoultre,,Q1662450,,24130.0,USD,realised,2025-12-04,20000.0,40000.0,,,,,,Christie's,christies,auction,https://www.christies.com/en/sso?ObjectID=23745.214&LotNumber=214&ldp_breadcrumb=back,23745-214,2026-08-09T16:47:32+00:00
Jaeger-Lecoultre,,Q6012420,,19050.0,USD,realised,2025-12-04,12000.0,18000.0,,,,,,Christie's,christies,auction,https://www.christies.com/en/sso?ObjectID=23745.215&LotNumber=215&ldp_breadcrumb=back,23745-215,2026-08-09T16:47:32+00:00
Breguet,,5157BA,,10795.0,USD,realised,2025-12-04,5000.0,10000.0,,,,,,Christie's,christies,auction,https://www.christies.com/en/sso?ObjectID=23745.216&LotNumber=216&ldp_breadcrumb=back,23745-216,2026-08-09T16:47:32+00:00
Breguet,,3137BR,,24130.0,USD,realised,2025-12-04,15000.0,25000.0,,,,,,Christie's,christies,auction,https://www.christies.com/en/sso?ObjectID=23745.217&LotNumber=217&ldp_breadcrumb=back,23745-217,2026-08-09T16:47:32+00:00
Iwc,,IW3750,,8890.0,USD,realised,2025-12-04,6000.0,8000.0,,,,,,Christie's,christies,auction,https://www.christies.com/en/sso?ObjectID=23745.218&LotNumber=218&ldp_breadcrumb=back,23745-218,2026-08-09T16:47:32+00:00
Blancpain,,2763-1418A-31,,13970.0,USD,realised,2025-12-04,6000.0,12000.0,,,,,,Christie's,christies,auction,https://www.christies.com/en/sso?ObjectID=23745.219&LotNumber=219&ldp_breadcrumb=back,23745-219,2026-08-09T16:47:32+00:00
Blancpain,,2585-3640-55A,,22860.0,USD,realised,2025-12-04,8000.0,16000.0,,,,,,Christie's,christies,auction,https://www.christies.com/en/sso?ObjectID=23745.220&LotNumber=220&ldp_breadcrumb=back,23745-220,2026-08-09T16:47:32+00:00
Blancpain,,6653Q112755B,,5715.0,USD,realised,2025-12-04,4000.0,6000.0,,,,,,Christie's,christies,auction,https://www.christies.com/en/sso?ObjectID=23745.221&LotNumber=221&ldp_breadcrumb=back,23745-221,2026-08-09T16:47:32+00:00
A Lange & Söhne,,201.027,,15240.0,USD,realised,2025-12-04,8000.0,12000.0,,,,,,Christie's,christies,auction,https://www.christies.com/en/sso?ObjectID=23745.222&LotNumber=222&ldp_breadcrumb=back,23745-222,2026-08-09T16:47:32+00:00
Jaeger-Lecoultre,,Q1458520,,,,realised,2025-12-04,4000.0,6000.0,,,,,,Christie's,christies,auction,https://www.christies.com/en/sso?ObjectID=23745.223&LotNumber=223&ldp_breadcrumb=back,23745-223,2026-08-09T16:47:32+00:00
Patek Philippe,,3893,,12065.0,USD,realised,2025-12-04,5000.0,10000.0,,,,,,Christie's,christies,auction,https://www.christies.com/en/sso?ObjectID=23745.224&LotNumber=224&ldp_breadcrumb=back,23745-224,2026-08-09T16:47:32+00:00
Patek Philippe,,5124J-001,,25400.0,USD,realised,2025-12-04,12000.0,18000.0,,,,,,Christie's,christies,auction,https://www.christies.com/en/sso?ObjectID=23745.225&LotNumber=225&ldp_breadcrumb=back,23745-225,2026-08-09T16:47:32+00:00
Moritz Grossmann,,MG-002145,,19050.0,USD,realised,2025-12-04,12000.0,24000.0,,,,,,Christie's,christies,auction,https://www.christies.com/en/sso?ObjectID=23745.226&LotNumber=226&ldp_breadcrumb=back,23745-226,2026-08-09T16:47:32+00:00
Jaeger-Lecoultre,,270.1.54,,17780.0,USD,realised,2025-12-04,5000.0,10000.0,,,,,,Christie's,christies,auction,https://www.christies.com/en/sso?ObjectID=23745.227&LotNumber=227&ldp_breadcrumb=back,23745-227,2026-08-09T16:47:32+00:00
H. Moser & Cie.,,1800-0202,,38100.0,USD,realised,2025-12-04,15000.0,25000.0,,,,,,Christie's,christies,auction,https://www.christies.com/en/sso?ObjectID=23745.228&LotNumber=228&ldp_breadcrumb=back,23745-228,2026-08-09T16:47:32+00:00
H. Moser & Cie,,6200-1200,,20320.0,USD,realised,2025-12-04,12000.0,18000.0,,,,,,Christie's,christies,auction,https://www.christies.com/en/sso?ObjectID=23745.229&LotNumber=229&ldp_breadcrumb=back,23745-229,2026-08-09T16:47:32+00:00
Atelier Wen For Revolution,,,,3048.0,USD,realised,2025-12-04,3000.0,5000.0,,,,,,Christie's,christies,auction,https://www.christies.com/en/sso?ObjectID=23745.230&LotNumber=230&ldp_breadcrumb=back,23745-230,2026-08-09T16:47:32+00:00
Kurono Tokyo,,,,4445.0,USD,realised,2025-12-04,3000.0,5000.0,,,,,,Christie's,christies,auction,https://www.christies.com/en/sso?ObjectID=23745.231&LotNumber=231&ldp_breadcrumb=back,23745-231,2026-08-09T16:47:32+00:00
Kurono Tokyo,,C267,,4826.0,USD,realised,2025-12-04,3000.0,5000.0,,,,,,Christie's,christies,auction,https://www.christies.com/en/sso?ObjectID=23745.232&LotNumber=232&ldp_breadcrumb=back,23745-232,2026-08-09T16:47:32+00:00
Jaeger-Lecoultre,,Q1422420,,8890.0,USD,realised,2025-12-04,4000.0,6000.0,,,,,,Christie's,christies,auction,https://www.christies.com/en/sso?ObjectID=23745.233&LotNumber=233&ldp_breadcrumb=back,23745-233,2026-08-09T16:47:32+00:00
Audemars Piguet,,25778OR,,10795.0,USD,realised,2025-12-04,6000.0,8000.0,,,,,,Christie's,christies,auction,https://www.christies.com/en/sso?ObjectID=23745.234&LotNumber=234&ldp_breadcrumb=back,23745-234,2026-08-09T16:47:32+00:00
Ulysse Nardin,,326-22,,10160.0,USD,realised,2025-12-04,6000.0,8000.0,,,,,,Christie's,christies,auction,https://www.christies.com/en/sso?ObjectID=23745.235&LotNumber=235&ldp_breadcrumb=back,23745-235,2026-08-09T16:47:32+00:00
Ulysse Nardin,,329-60,,12065.0,USD,realised,2025-12-04,6000.0,10000.0,,,,,,Christie's,christies,auction,https://www.christies.com/en/sso?ObjectID=23745.236&LotNumber=236&ldp_breadcrumb=back,23745-236,2026-08-09T16:47:32+00:00
Girard-Perregaux,,49805,,10160.0,USD,realised,2025-12-04,6000.0,8000.0,,,,,,Christie's,christies,auction,https://www.christies.com/en/sso?ObjectID=23745.237&LotNumber=237&ldp_breadcrumb=back,23745-237,2026-08-09T16:47:32+00:00
Vacheron Constantin,,74150/000A-9337,,20320.0,USD,realised,2025-12-04,15000.0,25000.0,,,,,,Christie's,christies,auction,https://www.christies.com/en/sso?ObjectID=23745.238&LotNumber=238&ldp_breadcrumb=back,23745-238,2026-08-09T16:47:32+00:00
Jaeger-Lecoultre,,Q1418471,,8890.0,USD,realised,2025-12-04,4000.0,6000.0,,,,,,Christie's,christies,auction,https://www.christies.com/en/sso?ObjectID=23745.239&LotNumber=239&ldp_breadcrumb=back,23745-239,2026-08-09T16:47:32+00:00
Jaeger-Lecoultre,,Q1972472,,13970.0,USD,realised,2025-12-04,6000.0,8000.0,,,,,,Christie's,christies,auction,https://www.christies.com/en/sso?ObjectID=23745.240&LotNumber=240&ldp_breadcrumb=back,23745-240,2026-08-09T16:47:32+00:00
Breguet,,3810ST929ZU,,7620.0,USD,realised,2025-12-04,6000.0,8000.0,,,,,,Christie's,christies,auction,https://www.christies.com/en/sso?ObjectID=23745.241&LotNumber=241&ldp_breadcrumb=back,23745-241,2026-08-09T16:47:32+00:00
Breguet,,5817ST/12/5V8,,8255.0,USD,realised,2025-12-04,6000.0,8000.0,,,,,,Christie's,christies,auction,https://www.christies.com/en/sso?ObjectID=23745.242&LotNumber=242&ldp_breadcrumb=back,23745-242,2026-08-09T16:47:32+00:00
Iwc,,IW378203,,4826.0,USD,realised,2025-12-04,5000.0,10000.0,,,,,,Christie's,christies,auction,https://www.christies.com/en/sso?ObjectID=23745.243&LotNumber=243&ldp_breadcrumb=back,23745-243,2026-08-09T16:47:32+00:00
Iwc,,IW500201,,5334.0,USD,realised,2025-12-04,4000.0,6000.0,,,,,,Christie's,christies,auction,https://www.christies.com/en/sso?ObjectID=23745.244&LotNumber=244&ldp_breadcrumb=back,23745-244,2026-08-09T16:47:32+00:00
Iwc,,IW502617,,20320.0,USD,realised,2025-12-04,12000.0,18000.0,,,,,,Christie's,christies,auction,https://www.christies.com/en/sso?ObjectID=23745.245&LotNumber=245&ldp_breadcrumb=back,23745-245,2026-08-09T16:47:32+00:00
Panerai,,PAM00425,,5334.0,USD,realised,2025-12-04,4000.0,6000.0,,,,,,Christie's,christies,auction,https://www.christies.com/en/sso?ObjectID=23745.246&LotNumber=246&ldp_breadcrumb=back,23745-246,2026-08-09T16:47:32+00:00
Panerai,,PAM00270,,5334.0,USD,realised,2025-12-04,3000.0,5000.0,,,,,,Christie's,christies,auction,https://www.christies.com/en/sso?ObjectID=23745.247&LotNumber=247&ldp_breadcrumb=back,23745-247,2026-08-09T16:47:32+00:00
,,1450,,11430.0,USD,realised,2025-12-04,4000.0,6000.0,,,,,,Christie's,christies,auction,https://www.christies.com/en/sso?ObjectID=23745.248&LotNumber=248&ldp_breadcrumb=back,23745-248,2026-08-09T16:47:32+00:00
,,3513,,9525.0,USD,realised,2025-12-04,5000.0,10000.0,,,,,,Christie's,christies,auction,https://www.christies.com/en/sso?ObjectID=23745.249&LotNumber=249&ldp_breadcrumb=back,23745-249,2026-08-09T16:47:32+00:00
Patek Philippe,,3668,,10795.0,USD,realised,2025-12-04,6000.0,9000.0,,,,,,Christie's,christies,auction,https://www.christies.com/en/sso?ObjectID=23745.250&LotNumber=250&ldp_breadcrumb=back,23745-250,2026-08-09T16:47:32+00:00
Vacheron Constantin,,,,5334.0,USD,realised,2025-12-04,4000.0,6000.0,,,,,,Christie's,christies,auction,https://www.christies.com/en/sso?ObjectID=23745.251&LotNumber=251&ldp_breadcrumb=back,23745-251,2026-08-09T16:47:32+00:00
Audemars Piguet,,,,38100.0,USD,realised,2025-12-04,12000.0,18000.0,,,,,,Christie's,christies,auction,https://www.christies.com/en/sso?ObjectID=23745.252&LotNumber=252&ldp_breadcrumb=back,23745-252,2026-08-09T16:47:32+00:00
Patek Philippe,,3748,,8890.0,USD,realised,2025-12-04,5000.0,10000.0,,,,,,Christie's,christies,auction,https://www.christies.com/en/sso?ObjectID=23745.253&LotNumber=253&ldp_breadcrumb=back,23745-253,2026-08-09T16:47:32+00:00
Patek Philippe,,3800,,63500.0,USD,realised,2025-12-04,30000.0,60000.0,,,,,,Christie's,christies,auction,https://www.christies.com/en/sso?ObjectID=23745.254&LotNumber=254&ldp_breadcrumb=back,23745-254,2026-08-09T16:47:32+00:00
Patek Philippe,,3546,,13970.0,USD,realised,2025-12-04,5000.0,10000.0,,,,,,Christie's,christies,auction,https://www.christies.com/en/sso?ObjectID=23745.255&LotNumber=255&ldp_breadcrumb=back,23745-255,2026-08-09T16:47:32+00:00
Patek Philippe,,600,,7620.0,USD,realised,2025-12-04,5000.0,10000.0,,,,,,Christie's,christies,auction,https://www.christies.com/en/sso?ObjectID=23745.256&LotNumber=256&ldp_breadcrumb=back,23745-256,2026-08-09T16:47:32+00:00
Patek Philippe,,613,,7620.0,USD,realised,2025-12-04,4000.0,6000.0,,,,,,Christie's,christies,auction,https://www.christies.com/en/sso?ObjectID=23745.257&LotNumber=257&ldp_breadcrumb=back,23745-257,2026-08-09T16:47:32+00:00
Vacheron Constantin,,,,8890.0,USD,realised,2025-12-04,8000.0,12000.0,,,,,,Christie's,christies,auction,https://www.christies.com/en/sso?ObjectID=23745.258&LotNumber=258&ldp_breadcrumb=back,23745-258,2026-08-09T16:47:32+00:00
Vacheron Constantin,,,,12700.0,USD,realised,2025-12-04,6000.0,12000.0,,,,,,Christie's,christies,auction,https://www.christies.com/en/sso?ObjectID=23745.259&LotNumber=259&ldp_breadcrumb=back,23745-259,2026-08-09T16:47:32+00:00
Lemania,,3129,,,,realised,2025-12-04,4000.0,6000.0,,,,,,Christie's,christies,auction,https://www.christies.com/en/sso?ObjectID=23745.260&LotNumber=260&ldp_breadcrumb=back,23745-260,2026-08-09T16:47:32+00:00
Sabina,,,,,,realised,2025-12-04,4000.0,6000.0,,,,,,Christie's,christies,auction,https://www.christies.com/en/sso?ObjectID=23745.261&LotNumber=261&ldp_breadcrumb=back,23745-261,2026-08-09T16:47:32+00:00
,,,,30480.0,USD,realised,2025-12-04,25000.0,45000.0,,,,,,Christie's,christies,auction,https://www.christies.com/en/sso?ObjectID=23745.262&LotNumber=262&ldp_breadcrumb=back,23745-262,2026-08-09T16:47:32+00:00
Rolex,,6239,,127000.0,USD,realised,2025-12-04,100000.0,200000.0,,,,,,Christie's,christies,auction,https://www.christies.com/en/sso?ObjectID=23745.263&LotNumber=263&ldp_breadcrumb=back,23745-263,2026-08-09T16:47:32+00:00
Rolex,,6034,,40640.0,USD,realised,2025-12-04,30000.0,50000.0,,,,,,Christie's,christies,auction,https://www.christies.com/en/sso?ObjectID=23745.264&LotNumber=264&ldp_breadcrumb=back,23745-264,2026-08-09T16:47:32+00:00
Rolex,,5513,,15240.0,USD,realised,2025-12-04,10000.0,15000.0,,,,,,Christie's,christies,auction,https://www.christies.com/en/sso?ObjectID=23745.265&LotNumber=265&ldp_breadcrumb=back,23745-265,2026-08-09T16:47:32+00:00
Tissot,,,,4826.0,USD,realised,2025-12-04,3000.0,5000.0,,,,,,Christie's,christies,auction,https://www.christies.com/en/sso?ObjectID=23745.266&LotNumber=266&ldp_breadcrumb=back,23745-266,2026-08-09T16:47:32+00:00
Rolex,,3133,,8255.0,USD,realised,2025-12-04,4000.0,6000.0,,,,,,Christie's,christies,auction,https://www.christies.com/en/sso?ObjectID=23745.267&LotNumber=267&ldp_breadcrumb=back,23745-267,2026-08-09T16:47:32+00:00
Rolex,,1491,,15240.0,USD,realised,2025-12-04,3000.0,5000.0,,,,,,Christie's,christies,auction,https://www.christies.com/en/sso?ObjectID=23745.268&LotNumber=268&ldp_breadcrumb=back,23745-268,2026-08-09T16:47:32+00:00
Heuer,,2444,,4064.0,USD,realised,2025-12-04,5000.0,10000.0,,,,,,Christie's,christies,auction,https://www.christies.com/en/sso?ObjectID=23745.269&LotNumber=269&ldp_breadcrumb=back,23745-269,2026-08-09T16:47:32+00:00
Omega,,ST105.003-65,,6350.0,USD,realised,2025-12-04,8000.0,12000.0,,,,,,Christie's,christies,auction,https://www.christies.com/en/sso?ObjectID=23745.270&LotNumber=270&ldp_breadcrumb=back,23745-270,2026-08-09T16:47:32+00:00
Cartier,,W62021Y2,,27940.0,USD,realised,2025-12-04,15000.0,25000.0,,,,,,Christie's,christies,auction,https://www.christies.com/en/sso?ObjectID=23745.271&LotNumber=271&ldp_breadcrumb=back,23745-271,2026-08-09T16:47:32+00:00
Cartier,,W5310018,,19050.0,USD,realised,2025-12-04,12000.0,20000.0,,,,,,Christie's,christies,auction,https://www.christies.com/en/sso?ObjectID=23745.272&LotNumber=272&ldp_breadcrumb=back,23745-272,2026-08-09T16:47:32+00:00
Cartier,,9001-1,,12700.0,USD,realised,2025-12-04,7000.0,10000.0,,,,,,Christie's,christies,auction,https://www.christies.com/en/sso?ObjectID=23745.273&LotNumber=273&ldp_breadcrumb=back,23745-273,2026-08-09T16:47:32+00:00
Audemars Piguet,,6008SA,,9525.0,USD,realised,2025-12-04,4000.0,6000.0,,,,,,Christie's,christies,auction,https://www.christies.com/en/sso?ObjectID=23745.274&LotNumber=274&ldp_breadcrumb=back,23745-274,2026-08-09T16:47:32+00:00
Patek Philippe,,4910/11R-010,,17780.0,USD,realised,2025-12-04,7000.0,12000.0,,,,,,Christie's,christies,auction,https://www.christies.com/en/sso?ObjectID=23745.275&LotNumber=275&ldp_breadcrumb=back,23745-275,2026-08-09T16:47:32+00:00
Patek Philippe,,4972G-001,,11430.0,USD,realised,2025-12-04,5000.0,10000.0,,,,,,Christie's,christies,auction,https://www.christies.com/en/sso?ObjectID=23745.276&LotNumber=276&ldp_breadcrumb=back,23745-276,2026-08-09T16:47:32+00:00
Rolex,,80298,,21590.0,USD,realised,2025-12-04,15000.0,25000.0,,,,,,Christie's,christies,auction,https://www.christies.com/en/sso?ObjectID=23745.277&LotNumber=277&ldp_breadcrumb=back,23745-277,2026-08-09T16:47:32+00:00
Rolex,,179174,,6985.0,USD,realised,2025-12-04,3000.0,5000.0,,,,,,Christie's,christies,auction,https://www.christies.com/en/sso?ObjectID=23745.278&LotNumber=278&ldp_breadcrumb=back,23745-278,2026-08-09T16:47:32+00:00
Bulgari,,104002,,16510.0,USD,realised,2025-12-04,10000.0,15000.0,,,,,,Christie's,christies,auction,https://www.christies.com/en/sso?ObjectID=23745.279&LotNumber=279&ldp_breadcrumb=back,23745-279,2026-08-09T16:47:32+00:00
Patek Philippe,,5067,,38100.0,USD,realised,2025-12-04,20000.0,40000.0,,,,,,Christie's,christies,auction,https://www.christies.com/en/sso?ObjectID=23745.280&LotNumber=280&ldp_breadcrumb=back,23745-280,2026-08-09T16:47:32+00:00
Patek Philippe,,4960A,,22860.0,USD,realised,2025-12-04,10000.0,20000.0,,,,,,Christie's,christies,auction,https://www.christies.com/en/sso?ObjectID=23745.281&LotNumber=281&ldp_breadcrumb=back,23745-281,2026-08-09T16:47:32+00:00
Rolex,,126200,,7620.0,USD,realised,2025-12-04,5000.0,8000.0,,,,,,Christie's,christies,auction,https://www.christies.com/en/sso?ObjectID=23745.282&LotNumber=282&ldp_breadcrumb=back,23745-282,2026-08-09T16:47:32+00:00
Rolex,,116138,,16510.0,USD,realised,2025-12-04,8000.0,16000.0,,,,,,Christie's,christies,auction,https://www.christies.com/en/sso?ObjectID=23745.283&LotNumber=283&ldp_breadcrumb=back,23745-283,2026-08-09T16:47:32+00:00
Rolex,,116234,,12700.0,USD,realised,2025-12-04,6000.0,12000.0,,,,,,Christie's,christies,auction,https://www.christies.com/en/sso?ObjectID=23745.284&LotNumber=284&ldp_breadcrumb=back,23745-284,2026-08-09T16:47:32+00:00
Rolex,,116200,,7620.0,USD,realised,2025-12-04,5000.0,10000.0,,,,,,Christie's,christies,auction,https://www.christies.com/en/sso?ObjectID=23745.285&LotNumber=285&ldp_breadcrumb=back,23745-285,2026-08-09T16:47:32+00:00
Rolex,,178245,,20320.0,USD,realised,2025-12-04,7000.0,10000.0,,,,,,Christie's,christies,auction,https://www.christies.com/en/sso?ObjectID=23745.286&LotNumber=286&ldp_breadcrumb=back,23745-286,2026-08-09T16:47:32+00:00
Christiaan Van Der Klaauw,,,,22860.0,USD,realised,2025-12-04,12000.0,18000.0,,,,,,Christie's,christies,auction,https://www.christies.com/en/sso?ObjectID=23745.287&LotNumber=287&ldp_breadcrumb=back,23745-287,2026-08-09T16:47:32+00:00
,,WROVMA12SS02CUBC,,13970.0,USD,realised,2025-12-04,10000.0,20000.0,,,,,,Christie's,christies,auction,https://www.christies.com/en/sso?ObjectID=23745.288&LotNumber=288&ldp_breadcrumb=back,23745-288,2026-08-09T16:47:32+00:00
Grøne,,,,8255.0,USD,realised,2025-12-04,4000.0,8000.0,,,,,,Christie's,christies,auction,https://www.christies.com/en/sso?ObjectID=23745.289&LotNumber=289&ldp_breadcrumb=back,23745-289,2026-08-09T16:47:32+00:00
M.A.D. Editions,,,,4064.0,USD,realised,2025-12-04,3000.0,5000.0,,,,,,Christie's,christies,auction,https://www.christies.com/en/sso?ObjectID=23745.290&LotNumber=290&ldp_breadcrumb=back,23745-290,2026-08-09T16:47:32+00:00
M.A.D. Editions,,,,4826.0,USD,realised,2025-12-04,3000.0,5000.0,,,,,,Christie's,christies,auction,https://www.christies.com/en/sso?ObjectID=23745.291&LotNumber=291&ldp_breadcrumb=back,23745-291,2026-08-09T16:47:32+00:00
Cyrus,,539.508.TT.A,,15240.0,USD,realised,2025-12-04,10000.0,20000.0,,,,,,Christie's,christies,auction,https://www.christies.com/en/sso?ObjectID=23745.292&LotNumber=292&ldp_breadcrumb=back,23745-292,2026-08-09T16:47:32+00:00
Jaquet Droz,,J016030241,,6985.0,USD,realised,2025-12-04,5000.0,10000.0,,,,,,Christie's,christies,auction,https://www.christies.com/en/sso?ObjectID=23745.293&LotNumber=293&ldp_breadcrumb=back,23745-293,2026-08-09T16:47:32+00:00
Glashütte Original,,W14908140704,,12700.0,USD,realised,2025-12-04,10000.0,15000.0,,,,,,Christie's,christies,auction,https://www.christies.com/en/sso?ObjectID=23745.294&LotNumber=294&ldp_breadcrumb=back,23745-294,2026-08-09T16:47:32+00:00
Grand Seiko,,SBGZ003,,30480.0,USD,realised,2025-12-04,20000.0,40000.0,,,,,,Christie's,christies,auction,https://www.christies.com/en/sso?ObjectID=23745.295&LotNumber=295&ldp_breadcrumb=back,23745-295,2026-08-09T16:47:32+00:00
Montblanc,,118471,,15240.0,USD,realised,2025-12-04,12000.0,18000.0,,,,,,Christie's,christies,auction,https://www.christies.com/en/sso?ObjectID=23745.296&LotNumber=296&ldp_breadcrumb=back,23745-296,2026-08-09T16:47:32+00:00
Cartier,,W1556210,,40640.0,USD,realised,2025-12-04,30000.0,50000.0,,,,,,Christie's,christies,auction,https://www.christies.com/en/sso?ObjectID=23745.297&LotNumber=297&ldp_breadcrumb=back,23745-297,2026-08-09T16:47:32+00:00
Cartier,,W1556242,,120650.0,USD,realised,2025-12-04,30000.0,50000.0,,,,,,Christie's,christies,auction,https://www.christies.com/en/sso?ObjectID=23745.298&LotNumber=298&ldp_breadcrumb=back,23745-298,2026-08-09T16:47:32+00:00
Chopard,,168526-3001,,17780.0,USD,realised,2025-12-04,12000.0,18000.0,,,,,,Christie's,christies,auction,https://www.christies.com/en/sso?ObjectID=23745.299&LotNumber=299&ldp_breadcrumb=back,23745-299,2026-08-09T16:47:32+00:00
Christophe Claret,,MTR.FLY11.131,,63500.0,USD,realised,2025-12-04,20000.0,40000.0,,,,,,Christie's,christies,auction,https://www.christies.com/en/sso?ObjectID=23745.300&LotNumber=300&ldp_breadcrumb=back,23745-300,2026-08-09T16:47:32+00:00
,,101906,,6350.0,USD,realised,2025-12-04,5000.0,10000.0,,,,,,Christie's,christies,auction,https://www.christies.com/en/sso?ObjectID=23745.301&LotNumber=301&ldp_breadcrumb=back,23745-301,2026-08-09T16:47:32+00:00
Gerald Genta,,GBS.Y.98.330.CB,,4826.0,USD,realised,2025-12-04,4000.0,6000.0,,,,,,Christie's,christies,auction,https://www.christies.com/en/sso?ObjectID=23745.302&LotNumber=302&ldp_breadcrumb=back,23745-302,2026-08-09T16:47:32+00:00
Dewitt,,AC.MAT.001,,27940.0,USD,realised,2025-12-04,10000.0,20000.0,,,,,,Christie's,christies,auction,https://www.christies.com/en/sso?ObjectID=23745.303&LotNumber=303&ldp_breadcrumb=back,23745-303,2026-08-09T16:47:32+00:00
David Yurman,,T824-C/T8809,,27940.0,USD,realised,2025-12-04,20000.0,40000.0,,,,,,Christie's,christies,auction,https://www.christies.com/en/sso?ObjectID=23745.304&LotNumber=304&ldp_breadcrumb=back,23745-304,2026-08-09T16:47:32+00:00
Charles Frodsham,,,,9525.0,USD,realised,2025-12-04,3000.0,5000.0,,,,,,Christie's,christies,auction,https://www.christies.com/en/sso?ObjectID=23745.305&LotNumber=305&ldp_breadcrumb=back,23745-305,2026-08-09T16:47:32+00:00
Albert H. Potter & Co.,,,,16510.0,USD,realised,2025-12-04,6000.0,9000.0,,,,,,Christie's,christies,auction,https://www.christies.com/en/sso?ObjectID=23745.306&LotNumber=306&ldp_breadcrumb=back,23745-306,2026-08-09T16:47:32+00:00
Patek Philippe,,,,8890.0,USD,realised,2025-12-04,5000.0,10000.0,,,,,,Christie's,christies,auction,https://www.christies.com/en/sso?ObjectID=23745.307&LotNumber=307&ldp_breadcrumb=back,23745-307,2026-08-09T16:47:32+00:00
Patek Philippe,,,,20320.0,USD,realised,2025-12-04,6000.0,12000.0,,,,,,Christie's,christies,auction,https://www.christies.com/en/sso?ObjectID=23745.308&LotNumber=308&ldp_breadcrumb=back,23745-308,2026-08-09T16:47:32+00:00
,,,,24130.0,USD,realised,2025-12-04,15000.0,25000.0,,,,,,Christie's,christies,auction,https://www.christies.com/en/sso?ObjectID=23745.309&LotNumber=309&ldp_breadcrumb=back,23745-309,2026-08-09T16:47:32+00:00
Patek Philippe,,,,21590.0,USD,realised,2025-12-04,10000.0,15000.0,,,,,,Christie's,christies,auction,https://www.christies.com/en/sso?ObjectID=23745.310&LotNumber=310&ldp_breadcrumb=back,23745-310,2026-08-09T16:47:32+00:00
Audemars Piguet,,25686BA,,101600.0,USD,realised,2025-12-04,50000.0,80000.0,,,,,,Christie's,christies,auction,https://www.christies.com/en/sso?ObjectID=23745.311&LotNumber=311&ldp_breadcrumb=back,23745-311,2026-08-09T16:47:32+00:00
Rolex,,1007,,5715.0,USD,realised,2025-12-04,3000.0,5000.0,,,,,,Christie's,christies,auction,https://www.christies.com/en/sso?ObjectID=23745.312&LotNumber=312&ldp_breadcrumb=back,23745-312,2026-08-09T16:47:32+00:00
Rolex,,1601,,15240.0,USD,realised,2025-12-04,6000.0,12000.0,,,,,,Christie's,christies,auction,https://www.christies.com/en/sso?ObjectID=23745.313&LotNumber=313&ldp_breadcrumb=back,23745-313,2026-08-09T16:47:32+00:00
Rolex,,1802,,19050.0,USD,realised,2025-12-04,10000.0,20000.0,,,,,,Christie's,christies,auction,https://www.christies.com/en/sso?ObjectID=23745.314&LotNumber=314&ldp_breadcrumb=back,23745-314,2026-08-09T16:47:32+00:00
Rolex,,5513,,10795.0,USD,realised,2025-12-04,6000.0,8000.0,,,,,,Christie's,christies,auction,https://www.christies.com/en/sso?ObjectID=23745.315&LotNumber=315&ldp_breadcrumb=back,23745-315,2026-08-09T16:47:32+00:00
Rolex,,16710,,12700.0,USD,realised,2025-12-04,8000.0,12000.0,,,,,,Christie's,christies,auction,https://www.christies.com/en/sso?ObjectID=23745.316&LotNumber=316&ldp_breadcrumb=back,23745-316,2026-08-09T16:47:32+00:00
Rolex,,16713,,10160.0,USD,realised,2025-12-04,6000.0,10000.0,,,,,,Christie's,christies,auction,https://www.christies.com/en/sso?ObjectID=23745.317&LotNumber=317&ldp_breadcrumb=back,23745-317,2026-08-09T16:47:32+00:00
Rolex,,16808,,30480.0,USD,realised,2025-12-04,20000.0,40000.0,,,,,,Christie's,christies,auction,https://www.christies.com/en/sso?ObjectID=23745.318&LotNumber=318&ldp_breadcrumb=back,23745-318,2026-08-09T16:47:32+00:00
Rolex,,116400GV,,12065.0,USD,realised,2025-12-04,5000.0,10000.0,,,,,,Christie's,christies,auction,https://www.christies.com/en/sso?ObjectID=23745.319&LotNumber=319&ldp_breadcrumb=back,23745-319,2026-08-09T16:47:32+00:00
Rolex,,126720VTNR,,16510.0,USD,realised,2025-12-04,12000.0,18000.0,,,,,,Christie's,christies,auction,https://www.christies.com/en/sso?ObjectID=23745.320&LotNumber=320&ldp_breadcrumb=back,23745-320,2026-08-09T16:47:32+00:00
,,IW3251-02,,3556.0,USD,realised,2025-12-04,2000.0,4000.0,,,,,,Christie's,christies,auction,https://www.christies.com/en/sso?ObjectID=23745.321&LotNumber=321&ldp_breadcrumb=back,23745-321,2026-08-09T16:47:32+00:00
Blancpain,,2150-1130-71,,5334.0,USD,realised,2025-12-04,3000.0,5000.0,,,,,,Christie's,christies,auction,https://www.christies.com/en/sso?ObjectID=23745.322&LotNumber=322&ldp_breadcrumb=back,23745-322,2026-08-09T16:47:32+00:00
Breitiling,,PB0134,,5715.0,USD,realised,2025-12-04,5000.0,10000.0,,,,,,Christie's,christies,auction,https://www.christies.com/en/sso?ObjectID=23745.323&LotNumber=323&ldp_breadcrumb=back,23745-323,2026-08-09T16:47:32+00:00
Breitling,,A23311,,4064.0,USD,realised,2025-12-04,5000.0,10000.0,,,,,,Christie's,christies,auction,https://www.christies.com/en/sso?ObjectID=23745.324&LotNumber=324&ldp_breadcrumb=back,23745-324,2026-08-09T16:47:32+00:00
Breitling,,UB01341A1B1U1,,6350.0,USD,realised,2025-12-04,6000.0,10000.0,,,,,,Christie's,christies,auction,https://www.christies.com/en/sso?ObjectID=23745.325&LotNumber=325&ldp_breadcrumb=back,23745-325,2026-08-09T16:47:32+00:00
Ulysse Nardin,,333-77-7,,8255.0,USD,realised,2025-12-04,3000.0,6000.0,,,,,,Christie's,christies,auction,https://www.christies.com/en/sso?ObjectID=23745.326&LotNumber=326&ldp_breadcrumb=back,23745-326,2026-08-09T16:47:32+00:00
Hublot,,521.NX.050B.VR.B,,4826.0,USD,realised,2025-12-04,4000.0,6000.0,,,,,,Christie's,christies,auction,https://www.christies.com/en/sso?ObjectID=23745.327&LotNumber=327&ldp_breadcrumb=back,23745-327,2026-08-09T16:47:32+00:00
Hublot,,501.ZM.1670.RX,,3810.0,USD,realised,2025-12-04,5000.0,10000.0,,,,,,Christie's,christies,auction,https://www.christies.com/en/sso?ObjectID=23745.328&LotNumber=328&ldp_breadcrumb=back,23745-328,2026-08-09T16:47:32+00:00
Hublot,,301.CM.131.RX.LU,,4826.0,USD,realised,2025-12-04,5000.0,10000.0,,,,,,Christie's,christies,auction,https://www.christies.com/en/sso?ObjectID=23745.329&LotNumber=329&ldp_breadcrumb=back,23745-329,2026-08-09T16:47:32+00:00
Bell & Ross,,BR126-94-SC,,2032.0,USD,realised,2025-12-04,2000.0,3000.0,,,,,,Christie's,christies,auction,https://www.christies.com/en/sso?ObjectID=23745.330&LotNumber=330&ldp_breadcrumb=back,23745-330,2026-08-09T16:47:32+00:00
Panerai,,PAM00003,,4826.0,USD,realised,2025-12-04,2000.0,4000.0,,,,,,Christie's,christies,auction,https://www.christies.com/en/sso?ObjectID=23745.331&LotNumber=331&ldp_breadcrumb=back,23745-331,2026-08-09T16:47:32+00:00
Panerai,,PAM00024,,3810.0,USD,realised,2025-12-04,2000.0,4000.0,,,,,,Christie's,christies,auction,https://www.christies.com/en/sso?ObjectID=23745.332&LotNumber=332&ldp_breadcrumb=back,23745-332,2026-08-09T16:47:32+00:00
Hublot,,315.CI.1129.RX.A,,7620.0,USD,realised,2025-12-04,8000.0,12000.0,,,,,,Christie's,christies,auction,https://www.christies.com/en/sso?ObjectID=23745.333&LotNumber=333&ldp_breadcrumb=back,23745-333,2026-08-09T16:47:32+00:00
Hublot,,401.OJ.0123.VR,,25400.0,USD,realised,2025-12-04,20000.0,40000.0,,,,,,Christie's,christies,auction,https://www.christies.com/en/sso?ObjectID=23745.334&LotNumber=334&ldp_breadcrumb=back,23745-334,2026-08-09T16:47:32+00:00
Audemars Piguet,,26030IO,,20320.0,USD,realised,2025-12-04,20000.0,25000.0,,,,,,Christie's,christies,auction,https://www.christies.com/en/sso?ObjectID=23745.335&LotNumber=335&ldp_breadcrumb=back,23745-335,2026-08-09T16:47:32+00:00
Roger Dubuis,,,,5080.0,USD,realised,2025-12-04,4000.0,8000.0,,,,,,Christie's,christies,auction,https://www.christies.com/en/sso?ObjectID=23745.336&LotNumber=336&ldp_breadcrumb=back,23745-336,2026-08-09T16:47:32+00:00
Bulgari,,BGO40SPGXTSK,,10160.0,USD,realised,2025-12-04,6000.0,12000.0,,,,,,Christie's,christies,auction,https://www.christies.com/en/sso?ObjectID=23745.337&LotNumber=337&ldp_breadcrumb=back,23745-337,2026-08-09T16:47:32+00:00
Ikepod,,,,2286.0,USD,realised,2025-12-04,4000.0,6000.0,,,,,,Christie's,christies,auction,https://www.christies.com/en/sso?ObjectID=23745.338&LotNumber=338&ldp_breadcrumb=back,23745-338,2026-08-09T16:47:32+00:00
Swiss,,,,16510.0,USD,realised,2025-12-04,6000.0,12000.0,,,,,,Christie's,christies,auction,https://www.christies.com/en/sso?ObjectID=23745.339&LotNumber=339&ldp_breadcrumb=back,23745-339,2026-08-09T16:47:32+00:00
Cooke & Kelvey,,,,6985.0,USD,realised,2025-12-04,5000.0,10000.0,,,,,,Christie's,christies,auction,https://www.christies.com/en/sso?ObjectID=23745.340&LotNumber=340&ldp_breadcrumb=back,23745-340,2026-08-09T16:47:32+00:00
John Pyke,,,,17780.0,USD,realised,2025-12-04,5000.0,10000.0,,,,,,Christie's,christies,auction,https://www.christies.com/en/sso?ObjectID=23745.341&LotNumber=341&ldp_breadcrumb=back,23745-341,2026-08-09T16:47:32+00:00
Charlepose,,,,20320.0,USD,realised,2025-12-04,6000.0,12000.0,,,,,,Christie's,christies,auction,https://www.christies.com/en/sso?ObjectID=23745.342&LotNumber=342&ldp_breadcrumb=back,23745-342,2026-08-09T16:47:32+00:00
Nicole & Capt,,,,21590.0,USD,realised,2025-12-04,3000.0,5000.0,,,,,,Christie's,christies,auction,https://www.christies.com/en/sso?ObjectID=23745.343&LotNumber=343&ldp_breadcrumb=back,23745-343,2026-08-09T16:47:32+00:00
Patek Philippe,,,,24130.0,USD,realised,2025-12-04,10000.0,15000.0,,,,,,Christie's,christies,auction,https://www.christies.com/en/sso?ObjectID=23745.344&LotNumber=344&ldp_breadcrumb=back,23745-344,2026-08-09T16:47:32+00:00
Patek Philippe,,3838,,17780.0,USD,realised,2025-12-04,12000.0,18000.0,,,,,,Christie's,christies,auction,https://www.christies.com/en/sso?ObjectID=23745.345&LotNumber=345&ldp_breadcrumb=back,23745-345,2026-08-09T16:47:32+00:00
Patek Philipppe,,4244,,11430.0,USD,realised,2025-12-04,10000.0,15000.0,,,,,,Christie's,christies,auction,https://www.christies.com/en/sso?ObjectID=23745.346&LotNumber=346&ldp_breadcrumb=back,23745-346,2026-08-09T16:47:32+00:00
Patek Philippe,,4461,,8255.0,USD,realised,2025-12-04,3000.0,5000.0,,,,,,Christie's,christies,auction,https://www.christies.com/en/sso?ObjectID=23745.347&LotNumber=347&ldp_breadcrumb=back,23745-347,2026-08-09T16:47:32+00:00
Patek Philippe,,3598,,7620.0,USD,realised,2025-12-04,4000.0,6000.0,,,,,,Christie's,christies,auction,https://www.christies.com/en/sso?ObjectID=23745.348&LotNumber=348&ldp_breadcrumb=back,23745-348,2026-08-09T16:47:32+00:00
Girard-Perregaux,,4956,,6350.0,USD,realised,2025-12-04,6000.0,8000.0,,,,,,Christie's,christies,auction,https://www.christies.com/en/sso?ObjectID=23745.349&LotNumber=349&ldp_breadcrumb=back,23745-349,2026-08-09T16:47:32+00:00
Iwc,,IW5441,,9525.0,USD,realised,2025-12-04,3000.0,5000.0,,,,,,Christie's,christies,auction,https://www.christies.com/en/sso?ObjectID=23745.350&LotNumber=350&ldp_breadcrumb=back,23745-350,2026-08-09T16:47:32+00:00
Iwc,,IW3716-04,,3810.0,USD,realised,2025-12-04,4000.0,6000.0,,,,,,Christie's,christies,auction,https://www.christies.com/en/sso?ObjectID=23745.351&LotNumber=351&ldp_breadcrumb=back,23745-351,2026-08-09T16:47:32+00:00
Girard-Perregaux,,4940,,5334.0,USD,realised,2025-12-04,4000.0,6000.0,,,,,,Christie's,christies,auction,https://www.christies.com/en/sso?ObjectID=23745.352&LotNumber=352&ldp_breadcrumb=back,23745-352,2026-08-09T16:47:32+00:00
Ulysse Nardin,,6902-125,,35560.0,USD,realised,2025-12-04,10000.0,20000.0,,,,,,Christie's,christies,auction,https://www.christies.com/en/sso?ObjectID=23745.353&LotNumber=353&ldp_breadcrumb=back,23745-353,2026-08-09T16:47:32+00:00
Arnold & Son,,1LCAP.S06A.C111A,,12700.0,USD,realised,2025-12-04,10000.0,15000.0,,,,,,Christie's,christies,auction,https://www.christies.com/en/sso?ObjectID=23745.354&LotNumber=354&ldp_breadcrumb=back,23745-354,2026-08-09T16:47:32+00:00
Franck Muller,,2851,,6096.0,USD,realised,2025-12-04,5000.0,10000.0,,,,,,Christie's,christies,auction,https://www.christies.com/en/sso?ObjectID=23745.355&LotNumber=355&ldp_breadcrumb=back,23745-355,2026-08-09T16:47:32+00:00
Jaeger-Lecoultre,,Q3028420,,10795.0,USD,realised,2025-12-04,5000.0,10000.0,,,,,,Christie's,christies,auction,https://www.christies.com/en/sso?ObjectID=23745.356&LotNumber=356&ldp_breadcrumb=back,23745-356,2026-08-09T16:47:32+00:00
Rolex,,,,15240.0,USD,realised,2025-12-04,3000.0,5000.0,,,,,,Christie's,christies,auction,https://www.christies.com/en/sso?ObjectID=23745.357&LotNumber=357&ldp_breadcrumb=back,23745-357,2026-08-09T16:47:32+00:00
Rolex,,116718,,444500.0,HKD,realised,2025-11-20,180000.0,350000.0,,,,,,Christie's,christies,auction,https://www.christies.com/en/sso?ObjectID=23829.1&LotNumber=1&ldp_breadcrumb=back,23829-1,2026-08-09T16:47:32+00:00
Rolex,,11661,,279400.0,HKD,realised,2025-11-20,200000.0,400000.0,,,,,,Christie's,christies,auction,https://www.christies.com/en/sso?ObjectID=23829.2&LotNumber=2&ldp_breadcrumb=back,23829-2,2026-08-09T16:47:32+00:00
Rolex,,116689,,228600.0,HKD,realised,2025-11-20,120000.0,240000.0,,,,,,Christie's,christies,auction,https://www.christies.com/en/sso?ObjectID=23829.3&LotNumber=3&ldp_breadcrumb=back,23829-3,2026-08-09T16:47:32+00:00
Patek Philippe,,3885J,,139700.0,HKD,realised,2025-11-20,65000.0,120000.0,,,,,,Christie's,christies,auction,https://www.christies.com/en/sso?ObjectID=23829.4&LotNumber=4&ldp_breadcrumb=back,23829-4,2026-08-09T16:47:32+00:00
Patek Philippe,,5127G-001,,139700.0,HKD,realised,2025-11-20,80000.0,160000.0,,,,,,Christie's,christies,auction,https://www.christies.com/en/sso?ObjectID=23829.5&LotNumber=5&ldp_breadcrumb=back,23829-5,2026-08-09T16:47:32+00:00
Patek Philippe,,5196P-001,,254000.0,HKD,realised,2025-11-20,120000.0,240000.0,,,,,,Christie's,christies,auction,https://www.christies.com/en/sso?ObjectID=23829.6&LotNumber=6&ldp_breadcrumb=back,23829-6,2026-08-09T16:47:32+00:00
Patek Philippe,,5296G-001,,165100.0,HKD,realised,2025-11-20,100000.0,200000.0,,,,,,Christie's,christies,auction,https://www.christies.com/en/sso?ObjectID=23829.7&LotNumber=7&ldp_breadcrumb=back,23829-7,2026-08-09T16:47:32+00:00
Patek Philippe,,5116G,,114300.0,HKD,realised,2025-11-20,60000.0,120000.0,,,,,,Christie's,christies,auction,https://www.christies.com/en/sso?ObjectID=23829.8&LotNumber=8&ldp_breadcrumb=back,23829-8,2026-08-09T16:47:32+00:00
Patek Philippe,,6000G-001,,139700.0,HKD,realised,2025-11-20,80000.0,160000.0,,,,,,Christie's,christies,auction,https://www.christies.com/en/sso?ObjectID=23829.9&LotNumber=9&ldp_breadcrumb=back,23829-9,2026-08-09T16:47:32+00:00
Patek Philippe,,5134P-001,,177800.0,HKD,realised,2025-11-20,100000.0,200000.0,,,,,,Christie's,christies,auction,https://www.christies.com/en/sso?ObjectID=23829.10&LotNumber=10&ldp_breadcrumb=back,23829-10,2026-08-09T16:47:32+00:00
Patek Philippe,,5054P-001,,177800.0,HKD,realised,2025-11-20,100000.0,200000.0,,,,,,Christie's,christies,auction,https://www.christies.com/en/sso?ObjectID=23829.11&LotNumber=11&ldp_breadcrumb=back,23829-11,2026-08-09T16:47:32+00:00
Patek Philippe,,5055G-001,,165100.0,HKD,realised,2025-11-20,80000.0,160000.0,,,,,,Christie's,christies,auction,https://www.christies.com/en/sso?ObjectID=23829.12&LotNumber=12&ldp_breadcrumb=back,23829-12,2026-08-09T16:47:32+00:00
Patek Philippe,,5091/1JA-001,,152400.0,HKD,realised,2025-11-20,80000.0,160000.0,,,,,,Christie's,christies,auction,https://www.christies.com/en/sso?ObjectID=23829.13&LotNumber=13&ldp_breadcrumb=back,23829-13,2026-08-09T16:47:32+00:00
Cyrus,,539.002.A,,127000.0,HKD,realised,2025-11-20,80000.0,160000.0,,,,,,Christie's,christies,auction,https://www.christies.com/en/sso?ObjectID=23829.14&LotNumber=14&ldp_breadcrumb=back,23829-14,2026-08-09T16:47:32+00:00
Gerald Genta,,G4008.4,,165100.0,HKD,realised,2025-11-20,100000.0,200000.0,,,,,,Christie's,christies,auction,https://www.christies.com/en/sso?ObjectID=23829.15&LotNumber=15&ldp_breadcrumb=back,23829-15,2026-08-09T16:47:32+00:00
Glashütte Original,,49-01-03-01-04,,88900.0,HKD,realised,2025-11-20,40000.0,80000.0,,,,,,Christie's,christies,auction,https://www.christies.com/en/sso?ObjectID=23829.16&LotNumber=16&ldp_breadcrumb=back,23829-16,2026-08-09T16:47:32+00:00
Panerai,,PAM00062,,53340.0,HKD,realised,2025-11-20,40000.0,80000.0,,,,,,Christie's,christies,auction,https://www.christies.com/en/sso?ObjectID=23829.17&LotNumber=17&ldp_breadcrumb=back,23829-17,2026-08-09T16:47:32+00:00
Piaget,,,,88900.0,HKD,realised,2025-11-20,20000.0,40000.0,,,,,,Christie's,christies,auction,https://www.christies.com/en/sso?ObjectID=23829.18&LotNumber=18&ldp_breadcrumb=back,23829-18,2026-08-09T16:47:32+00:00
Patek Philippe,,4860R,,63500.0,HKD,realised,2025-11-20,30000.0,60000.0,,,,,,Christie's,christies,auction,https://www.christies.com/en/sso?ObjectID=23829.19&LotNumber=19&ldp_breadcrumb=back,23829-19,2026-08-09T16:47:32+00:00
Patek Philippe,,4958/1G-001,,228600.0,HKD,realised,2025-11-20,70000.0,140000.0,,,,,,Christie's,christies,auction,https://www.christies.com/en/sso?ObjectID=23829.20&LotNumber=20&ldp_breadcrumb=back,23829-20,2026-08-09T16:47:32+00:00
Patek Philippe,,5010J,,63500.0,HKD,realised,2025-11-20,40000.0,80000.0,,,,,,Christie's,christies,auction,https://www.christies.com/en/sso?ObjectID=23829.21&LotNumber=21&ldp_breadcrumb=back,23829-21,2026-08-09T16:47:32+00:00
Patek Philippe,,3992J,,76200.0,HKD,realised,2025-11-20,30000.0,60000.0,,,,,,Christie's,christies,auction,https://www.christies.com/en/sso?ObjectID=23829.22&LotNumber=22&ldp_breadcrumb=back,23829-22,2026-08-09T16:47:32+00:00
Patek Philippe,,3919J-016,,82550.0,HKD,realised,2025-11-20,40000.0,80000.0,,,,,,Christie's,christies,auction,https://www.christies.com/en/sso?ObjectID=23829.23&LotNumber=23&ldp_breadcrumb=back,23829-23,2026-08-09T16:47:32+00:00
Patek Philippe,,3919/5J-001,,101600.0,HKD,realised,2025-11-20,60000.0,120000.0,,,,,,Christie's,christies,auction,https://www.christies.com/en/sso?ObjectID=23829.24&LotNumber=24&ldp_breadcrumb=back,23829-24,2026-08-09T16:47:32+00:00
Patek Philippe,,3548/1G,,95250.0,HKD,realised,2025-11-20,50000.0,100000.0,,,,,,Christie's,christies,auction,https://www.christies.com/en/sso?ObjectID=23829.25&LotNumber=25&ldp_breadcrumb=back,23829-25,2026-08-09T16:47:32+00:00
Patek Philippe,,3987,,120650.0,HKD,realised,2025-11-20,50000.0,100000.0,,,,,,Christie's,christies,auction,https://www.christies.com/en/sso?ObjectID=23829.26&LotNumber=26&ldp_breadcrumb=back,23829-26,2026-08-09T16:47:32+00:00
Patek Philippe,,3998/1J-001,,127000.0,HKD,realised,2025-11-20,60000.0,120000.0,,,,,,Christie's,christies,auction,https://www.christies.com/en/sso?ObjectID=23829.27&LotNumber=27&ldp_breadcrumb=back,23829-27,2026-08-09T16:47:32+00:00
Patek Philippe,,5227G-010,,177800.0,HKD,realised,2025-11-20,100000.0,200000.0,,,,,,Christie's,christies,auction,https://www.christies.com/en/sso?ObjectID=23829.28&LotNumber=28&ldp_breadcrumb=back,23829-28,2026-08-09T16:47:32+00:00
Patek Philippe,,5196R-001,,165100.0,HKD,realised,2025-11-20,60000.0,120000.0,,,,,,Christie's,christies,auction,https://www.christies.com/en/sso?ObjectID=23829.29&LotNumber=29&ldp_breadcrumb=back,23829-29,2026-08-09T16:47:32+00:00
A. Lange & Söhne,,110.030,,381000.0,HKD,realised,2025-11-20,200000.0,400000.0,,,,,,Christie's,christies,auction,https://www.christies.com/en/sso?ObjectID=23829.30&LotNumber=30&ldp_breadcrumb=back,23829-30,2026-08-09T16:47:32+00:00
Albishorn X Massena Lab,,,,24130.0,HKD,realised,2025-11-20,10000.0,20000.0,,,,,,Christie's,christies,auction,https://www.christies.com/en/sso?ObjectID=23829.31&LotNumber=31&ldp_breadcrumb=back,23829-31,2026-08-09T16:47:32+00:00
Andersen Genève,,,,203200.0,HKD,realised,2025-11-20,60000.0,120000.0,,,,,,Christie's,christies,auction,https://www.christies.com/en/sso?ObjectID=23829.32&LotNumber=32&ldp_breadcrumb=back,23829-32,2026-08-09T16:47:32+00:00
Atælier Haute Complication,,,,228600.0,HKD,realised,2025-11-20,80000.0,160000.0,,,,,,Christie's,christies,auction,https://www.christies.com/en/sso?ObjectID=23829.33&LotNumber=33&ldp_breadcrumb=back,23829-33,2026-08-09T16:47:32+00:00
Audemars Piguet,,77600TI,,279400.0,HKD,realised,2025-11-20,180000.0,350000.0,,,,,,Christie's,christies,auction,https://www.christies.com/en/sso?ObjectID=23829.34&LotNumber=34&ldp_breadcrumb=back,23829-34,2026-08-09T16:47:32+00:00
Audemars Piguet,,26040ST,,139700.0,HKD,realised,2025-11-20,100000.0,200000.0,,,,,,Christie's,christies,auction,https://www.christies.com/en/sso?ObjectID=23829.35&LotNumber=35&ldp_breadcrumb=back,23829-35,2026-08-09T16:47:32+00:00
Audemars Piguet,,26331ST,,304800.0,HKD,realised,2025-11-20,180000.0,360000.0,,,,,,Christie's,christies,auction,https://www.christies.com/en/sso?ObjectID=23829.36&LotNumber=36&ldp_breadcrumb=back,23829-36,2026-08-09T16:47:32+00:00
Audemars Piguet,,26237ST,,228600.0,HKD,realised,2025-11-20,120000.0,240000.0,,,,,,Christie's,christies,auction,https://www.christies.com/en/sso?ObjectID=23829.37&LotNumber=37&ldp_breadcrumb=back,23829-37,2026-08-09T16:47:32+00:00
Audemars Piguet,,26420SO,,241300.0,HKD,realised,2025-11-20,160000.0,320000.0,,,,,,Christie's,christies,auction,https://www.christies.com/en/sso?ObjectID=23829.38&LotNumber=38&ldp_breadcrumb=back,23829-38,2026-08-09T16:47:32+00:00
Audemars Piguet,,26393CR,,228600.0,HKD,realised,2025-11-20,160000.0,320000.0,,,,,,Christie's,christies,auction,https://www.christies.com/en/sso?ObjectID=23829.39&LotNumber=39&ldp_breadcrumb=back,23829-39,2026-08-09T16:47:32+00:00
Audemars Piguet,,25589BA,,53340.0,HKD,realised,2025-11-20,15000.0,30000.0,,,,,,Christie's,christies,auction,https://www.christies.com/en/sso?ObjectID=23829.40&LotNumber=40&ldp_breadcrumb=back,23829-40,2026-08-09T16:47:32+00:00
Audemars Piguet,,77247BC,,101600.0,HKD,realised,2025-11-20,40000.0,80000.0,,,,,,Christie's,christies,auction,https://www.christies.com/en/sso?ObjectID=23829.41&LotNumber=41&ldp_breadcrumb=back,23829-41,2026-08-09T16:47:32+00:00
Audemars Piguet,,,,30480.0,HKD,realised,2025-11-20,20000.0,40000.0,,,,,,Christie's,christies,auction,https://www.christies.com/en/sso?ObjectID=23829.42&LotNumber=42&ldp_breadcrumb=back,23829-42,2026-08-09T16:47:32+00:00
Audemars Piguet,,,,40640.0,HKD,realised,2025-11-20,20000.0,40000.0,,,,,,Christie's,christies,auction,https://www.christies.com/en/sso?ObjectID=23829.43&LotNumber=43&ldp_breadcrumb=back,23829-43,2026-08-09T16:47:32+00:00
Bell & Ross,,BR01-92,,10795.0,HKD,realised,2025-11-20,10000.0,20000.0,,,,,,Christie's,christies,auction,https://www.christies.com/en/sso?ObjectID=23829.44&LotNumber=44&ldp_breadcrumb=back,23829-44,2026-08-09T16:47:32+00:00
Benzinger,,,,76200.0,HKD,realised,2025-11-20,50000.0,100000.0,,,,,,Christie's,christies,auction,https://www.christies.com/en/sso?ObjectID=23829.45&LotNumber=45&ldp_breadcrumb=back,23829-45,2026-08-09T16:47:32+00:00
Bovet,,,,139700.0,HKD,realised,2025-11-20,40000.0,80000.0,,,,,,Christie's,christies,auction,https://www.christies.com/en/sso?ObjectID=23829.46&LotNumber=46&ldp_breadcrumb=back,23829-46,2026-08-09T16:47:32+00:00
Bovet,,,,107950.0,HKD,realised,2025-11-20,55000.0,110000.0,,,,,,Christie's,christies,auction,https://www.christies.com/en/sso?ObjectID=23829.47&LotNumber=47&ldp_breadcrumb=back,23829-47,2026-08-09T16:47:32+00:00
Breguet,,4820,,,,realised,2025-11-20,24000.0,48000.0,,,,,,Christie's,christies,auction,https://www.christies.com/en/sso?ObjectID=23829.48&LotNumber=48&ldp_breadcrumb=back,23829-48,2026-08-09T16:47:32+00:00
Breguet,,,,38100.0,HKD,realised,2025-11-20,24000.0,48000.0,,,,,,Christie's,christies,auction,https://www.christies.com/en/sso?ObjectID=23829.49&LotNumber=49&ldp_breadcrumb=back,23829-49,2026-08-09T16:47:32+00:00
Breguet,,SA4400,,48260.0,HKD,realised,2025-11-20,20000.0,40000.0,,,,,,Christie's,christies,auction,https://www.christies.com/en/sso?ObjectID=23829.50&LotNumber=50&ldp_breadcrumb=back,23829-50,2026-08-09T16:47:32+00:00
Breguet,,,,48260.0,HKD,realised,2025-11-20,20000.0,40000.0,,,,,,Christie's,christies,auction,https://www.christies.com/en/sso?ObjectID=23829.51&LotNumber=51&ldp_breadcrumb=back,23829-51,2026-08-09T16:47:32+00:00
Buccellati,,,,165100.0,HKD,realised,2025-11-20,80000.0,160000.0,,,,,,Christie's,christies,auction,https://www.christies.com/en/sso?ObjectID=23829.52&LotNumber=52&ldp_breadcrumb=back,23829-52,2026-08-09T16:47:32+00:00
Bulgari,,,,,,realised,2025-11-20,80000.0,160000.0,,,,,,Christie's,christies,auction,https://www.christies.com/en/sso?ObjectID=23829.53&LotNumber=53&ldp_breadcrumb=back,23829-53,2026-08-09T16:47:32+00:00
Cartier,,,,,,realised,2025-11-20,100000.0,200000.0,,,,,,Christie's,christies,auction,https://www.christies.com/en/sso?ObjectID=23829.54&LotNumber=54&ldp_breadcrumb=back,23829-54,2026-08-09T16:47:32+00:00
Cartier,,2531,,20320.0,HKD,realised,2025-11-20,16000.0,32000.0,,,,,,Christie's,christies,auction,https://www.christies.com/en/sso?ObjectID=23829.55&LotNumber=55&ldp_breadcrumb=back,23829-55,2026-08-09T16:47:32+00:00
Cartier,,,,330200.0,HKD,realised,2025-11-20,120000.0,200000.0,,,,,,Christie's,christies,auction,https://www.christies.com/en/sso?ObjectID=23829.56&LotNumber=56&ldp_breadcrumb=back,23829-56,2026-08-09T16:47:32+00:00
Cartier,,,,13970.0,HKD,realised,2025-11-20,10000.0,20000.0,,,,,,Christie's,christies,auction,https://www.christies.com/en/sso?ObjectID=23829.57&LotNumber=57&ldp_breadcrumb=back,23829-57,2026-08-09T16:47:32+00:00
Cartier,,4366,,17780.0,HKD,realised,2025-11-20,10000.0,20000.0,,,,,,Christie's,christies,auction,https://www.christies.com/en/sso?ObjectID=23829.58&LotNumber=58&ldp_breadcrumb=back,23829-58,2026-08-09T16:47:32+00:00
Cartier,,,,38100.0,HKD,realised,2025-11-20,40000.0,80000.0,,,,,,Christie's,christies,auction,https://www.christies.com/en/sso?ObjectID=23829.59&LotNumber=59&ldp_breadcrumb=back,23829-59,2026-08-09T16:47:32+00:00
Cartier,,WGTA0121,,114300.0,HKD,realised,2025-11-20,80000.0,160000.0,,,,,,Christie's,christies,auction,https://www.christies.com/en/sso?ObjectID=23829.60&LotNumber=60&ldp_breadcrumb=back,23829-60,2026-08-09T16:47:32+00:00
Cartier,,WGTA0075,,,,realised,2025-11-20,160000.0,320000.0,,,,,,Christie's,christies,auction,https://www.christies.com/en/sso?ObjectID=23829.61&LotNumber=61&ldp_breadcrumb=back,23829-61,2026-08-09T16:47:32+00:00
Cartier,,,,95250.0,HKD,realised,2025-11-20,20000.0,40000.0,,,,,,Christie's,christies,auction,https://www.christies.com/en/sso?ObjectID=23829.62&LotNumber=62&ldp_breadcrumb=back,23829-62,2026-08-09T16:47:32+00:00
Cartier,,,,101600.0,HKD,realised,2025-11-20,80000.0,160000.0,,,,,,Christie's,christies,auction,https://www.christies.com/en/sso?ObjectID=23829.63&LotNumber=63&ldp_breadcrumb=back,23829-63,2026-08-09T16:47:32+00:00
Cartier,,,,24130.0,HKD,realised,2025-11-20,18000.0,35000.0,,,,,,Christie's,christies,auction,https://www.christies.com/en/sso?ObjectID=23829.64&LotNumber=64&ldp_breadcrumb=back,23829-64,2026-08-09T16:47:32+00:00
Cartier,,,,127000.0,HKD,realised,2025-11-20,100000.0,200000.0,,,,,,Christie's,christies,auction,https://www.christies.com/en/sso?ObjectID=23829.65&LotNumber=65&ldp_breadcrumb=back,23829-65,2026-08-09T16:47:32+00:00
Cartier,,W3315,,50800.0,HKD,realised,2025-11-20,40000.0,80000.0,,,,,,Christie's,christies,auction,https://www.christies.com/en/sso?ObjectID=23829.66&LotNumber=66&ldp_breadcrumb=back,23829-66,2026-08-09T16:47:32+00:00
Cartier,,2889,,53340.0,HKD,realised,2025-11-20,38000.0,75000.0,,,,,,Christie's,christies,auction,https://www.christies.com/en/sso?ObjectID=23829.67&LotNumber=67&ldp_breadcrumb=back,23829-67,2026-08-09T16:47:32+00:00
Cartier,,,,101600.0,HKD,realised,2025-11-20,50000.0,100000.0,,,,,,Christie's,christies,auction,https://www.christies.com/en/sso?ObjectID=23829.68&LotNumber=68&ldp_breadcrumb=back,23829-68,2026-08-09T16:47:32+00:00
Cartier,,,,40640.0,HKD,realised,2025-11-20,15000.0,30000.0,,,,,,Christie's,christies,auction,https://www.christies.com/en/sso?ObjectID=23829.69&LotNumber=69&ldp_breadcrumb=back,23829-69,2026-08-09T16:47:32+00:00
Cartier,,,,53340.0,HKD,realised,2025-11-20,40000.0,80000.0,,,,,,Christie's,christies,auction,https://www.christies.com/en/sso?ObjectID=23829.70&LotNumber=70&ldp_breadcrumb=back,23829-70,2026-08-09T16:47:32+00:00
Chanel,,,,44450.0,HKD,realised,2025-11-20,30000.0,60000.0,,,,,,Christie's,christies,auction,https://www.christies.com/en/sso?ObjectID=23829.71&LotNumber=71&ldp_breadcrumb=back,23829-71,2026-08-09T16:47:32+00:00
Chopard,,168561-3003,,101600.0,HKD,realised,2025-11-20,60000.0,120000.0,,,,,,Christie's,christies,auction,https://www.christies.com/en/sso?ObjectID=23829.72&LotNumber=72&ldp_breadcrumb=back,23829-72,2026-08-09T16:47:32+00:00
Chopard,,,,21590.0,HKD,realised,2025-11-20,20000.0,40000.0,,,,,,Christie's,christies,auction,https://www.christies.com/en/sso?ObjectID=23829.73&LotNumber=73&ldp_breadcrumb=back,23829-73,2026-08-09T16:47:32+00:00
Chopard,,,,,,realised,2025-11-20,48000.0,80000.0,,,,,,Christie's,christies,auction,https://www.christies.com/en/sso?ObjectID=23829.74&LotNumber=74&ldp_breadcrumb=back,23829-74,2026-08-09T16:47:32+00:00
Chopard,,209279-1001,,139700.0,HKD,realised,2025-11-20,100000.0,200000.0,,,,,,Christie's,christies,auction,https://www.christies.com/en/sso?ObjectID=23829.75&LotNumber=75&ldp_breadcrumb=back,23829-75,2026-08-09T16:47:32+00:00
Chopard,,,,69850.0,HKD,realised,2025-11-20,30000.0,60000.0,,,,,,Christie's,christies,auction,https://www.christies.com/en/sso?ObjectID=23829.76&LotNumber=76&ldp_breadcrumb=back,23829-76,2026-08-09T16:47:32+00:00
Corum,,,,10795.0,HKD,realised,2025-11-20,10000.0,20000.0,,,,,,Christie's,christies,auction,https://www.christies.com/en/sso?ObjectID=23829.77&LotNumber=77&ldp_breadcrumb=back,23829-77,2026-08-09T16:47:32+00:00
De Bethune,,DB28GSV1AN,,330200.0,HKD,realised,2025-11-20,260000.0,500000.0,,,,,,Christie's,christies,auction,https://www.christies.com/en/sso?ObjectID=23829.78&LotNumber=78&ldp_breadcrumb=back,23829-78,2026-08-09T16:47:32+00:00
Delacour,,WAST2272-0975,,12700.0,HKD,realised,2025-11-20,10000.0,20000.0,,,,,,Christie's,christies,auction,https://www.christies.com/en/sso?ObjectID=23829.79&LotNumber=79&ldp_breadcrumb=back,23829-79,2026-08-09T16:47:32+00:00
Franck Muller,,1750,,50800.0,HKD,realised,2025-11-20,24000.0,48000.0,,,,,,Christie's,christies,auction,https://www.christies.com/en/sso?ObjectID=23829.80&LotNumber=80&ldp_breadcrumb=back,23829-80,2026-08-09T16:47:32+00:00
Franck Muller,,,,60960.0,HKD,realised,2025-11-20,15000.0,30000.0,,,,,,Christie's,christies,auction,https://www.christies.com/en/sso?ObjectID=23829.81&LotNumber=81&ldp_breadcrumb=back,23829-81,2026-08-09T16:47:32+00:00
Franck Muller,,,,60960.0,HKD,realised,2025-11-20,30000.0,60000.0,,,,,,Christie's,christies,auction,https://www.christies.com/en/sso?ObjectID=23829.82&LotNumber=82&ldp_breadcrumb=back,23829-82,2026-08-09T16:47:32+00:00
Franck Muller,,,,53340.0,HKD,realised,2025-11-20,40000.0,80000.0,,,,,,Christie's,christies,auction,https://www.christies.com/en/sso?ObjectID=23829.83&LotNumber=83&ldp_breadcrumb=back,23829-83,2026-08-09T16:47:32+00:00
Furlan Marri,,,,6350.0,HKD,realised,2025-11-20,5000.0,10000.0,,,,,,Christie's,christies,auction,https://www.christies.com/en/sso?ObjectID=23829.84&LotNumber=84&ldp_breadcrumb=back,23829-84,2026-08-09T16:47:32+00:00
Gerald Genta,,G.3612,,101600.0,HKD,realised,2025-11-20,20000.0,40000.0,,,,,,Christie's,christies,auction,https://www.christies.com/en/sso?ObjectID=23829.85&LotNumber=85&ldp_breadcrumb=back,23829-85,2026-08-09T16:47:32+00:00
Girard-Perregaux,,81010-11-431-11A,,57150.0,HKD,realised,2025-11-20,10000.0,20000.0,,,,,,Christie's,christies,auction,https://www.christies.com/en/sso?ObjectID=23829.86&LotNumber=86&ldp_breadcrumb=back,23829-86,2026-08-09T16:47:32+00:00
Glashütte,,13702130263,,76200.0,HKD,realised,2025-11-20,60000.0,120000.0,,,,,,Christie's,christies,auction,https://www.christies.com/en/sso?ObjectID=23829.87&LotNumber=87&ldp_breadcrumb=back,23829-87,2026-08-09T16:47:32+00:00
Glashütte Original,,,,50800.0,HKD,realised,2025-11-20,45000.0,90000.0,,,,,,Christie's,christies,auction,https://www.christies.com/en/sso?ObjectID=23829.88&LotNumber=88&ldp_breadcrumb=back,23829-88,2026-08-09T16:47:32+00:00
Gos,,,,69850.0,HKD,realised,2025-11-20,40000.0,80000.0,,,,,,Christie's,christies,auction,https://www.christies.com/en/sso?ObjectID=23829.89&LotNumber=89&ldp_breadcrumb=back,23829-89,2026-08-09T16:47:32+00:00
Grand Seiko,,SBGW259,,30480.0,HKD,realised,2025-11-20,10000.0,20000.0,,,,,,Christie's,christies,auction,https://www.christies.com/en/sso?ObjectID=23829.90&LotNumber=90&ldp_breadcrumb=back,23829-90,2026-08-09T16:47:32+00:00
Grand Seiko,,SBGW252,,,,realised,2025-11-20,60000.0,120000.0,,,,,,Christie's,christies,auction,https://www.christies.com/en/sso?ObjectID=23829.91&LotNumber=91&ldp_breadcrumb=back,23829-91,2026-08-09T16:47:32+00:00
Grand Seiko,,SBGD202,,165100.0,HKD,realised,2025-11-20,80000.0,160000.0,,,,,,Christie's,christies,auction,https://www.christies.com/en/sso?ObjectID=23829.92&LotNumber=92&ldp_breadcrumb=back,23829-92,2026-08-09T16:47:32+00:00
Guy Ellia,,,,53340.0,HKD,realised,2025-11-20,38000.0,75000.0,,,,,,Christie's,christies,auction,https://www.christies.com/en/sso?ObjectID=23829.93&LotNumber=93&ldp_breadcrumb=back,23829-93,2026-08-09T16:47:32+00:00
H. Moser & Cie. X Massena Lab,,1220-1200,,165100.0,HKD,realised,2025-11-20,80000.0,160000.0,,,,,,Christie's,christies,auction,https://www.christies.com/en/sso?ObjectID=23829.94&LotNumber=94&ldp_breadcrumb=back,23829-94,2026-08-09T16:47:32+00:00
H. Moser & Cie.,,3200-1207,,82550.0,HKD,realised,2025-11-20,40000.0,80000.0,,,,,,Christie's,christies,auction,https://www.christies.com/en/sso?ObjectID=23829.95&LotNumber=95&ldp_breadcrumb=back,23829-95,2026-08-09T16:47:32+00:00
Hermès,,,,254000.0,HKD,realised,2025-11-20,120000.0,240000.0,,,,,,Christie's,christies,auction,https://www.christies.com/en/sso?ObjectID=23829.96&LotNumber=96&ldp_breadcrumb=back,23829-96,2026-08-09T16:47:32+00:00
Hermès,,,,139700.0,HKD,realised,2025-11-20,120000.0,240000.0,,,,,,Christie's,christies,auction,https://www.christies.com/en/sso?ObjectID=23829.97&LotNumber=97&ldp_breadcrumb=back,23829-97,2026-08-09T16:47:32+00:00
Hermès,,,,76200.0,HKD,realised,2025-11-20,48000.0,95000.0,,,,,,Christie's,christies,auction,https://www.christies.com/en/sso?ObjectID=23829.98&LotNumber=98&ldp_breadcrumb=back,23829-98,2026-08-09T16:47:32+00:00
Hermès,,,,50800.0,HKD,realised,2025-11-20,40000.0,80000.0,,,,,,Christie's,christies,auction,https://www.christies.com/en/sso?ObjectID=23829.99&LotNumber=99&ldp_breadcrumb=back,23829-99,2026-08-09T16:47:32+00:00
Hublot,,411.NX.1170.RX,,63500.0,HKD,realised,2025-11-20,80000.0,120000.0,,,,,,Christie's,christies,auction,https://www.christies.com/en/sso?ObjectID=23829.100&LotNumber=100&ldp_breadcrumb=back,23829-100,2026-08-09T16:47:32+00:00
Hublot,,441.UL.5820.NR,,,,realised,2025-11-20,80000.0,160000.0,,,,,,Christie's,christies,auction,https://www.christies.com/en/sso?ObjectID=23829.101&LotNumber=101&ldp_breadcrumb=back,23829-101,2026-08-09T16:47:32+00:00
Iwc,,IW324019,,40640.0,HKD,realised,2025-11-20,25000.0,50000.0,,,,,,Christie's,christies,auction,https://www.christies.com/en/sso?ObjectID=23829.102&LotNumber=102&ldp_breadcrumb=back,23829-102,2026-08-09T16:47:32+00:00
Jaeger-Lecoultre,,Q904847J,,139700.0,HKD,realised,2025-11-20,65000.0,130000.0,,,,,,Christie's,christies,auction,https://www.christies.com/en/sso?ObjectID=23829.103&LotNumber=103&ldp_breadcrumb=back,23829-103,2026-08-09T16:47:32+00:00
Jaeger-Lecoultre,,270.5.62,,33020.0,HKD,realised,2025-11-20,20000.0,40000.0,,,,,,Christie's,christies,auction,https://www.christies.com/en/sso?ObjectID=23829.104&LotNumber=104&ldp_breadcrumb=back,23829-104,2026-08-09T16:47:32+00:00
Jaeger-Lecoultre,,268.8.86,,35560.0,HKD,realised,2025-11-20,22000.0,45000.0,,,,,,Christie's,christies,auction,https://www.christies.com/en/sso?ObjectID=23829.105&LotNumber=105&ldp_breadcrumb=back,23829-105,2026-08-09T16:47:32+00:00
Jaeger-Lecoultre,,,,20320.0,HKD,realised,2025-11-20,16000.0,32000.0,,,,,,Christie's,christies,auction,https://www.christies.com/en/sso?ObjectID=23829.106&LotNumber=106&ldp_breadcrumb=back,23829-106,2026-08-09T16:47:32+00:00
Kollokium,,,,24130.0,HKD,realised,2025-11-20,16000.0,32000.0,,,,,,Christie's,christies,auction,https://www.christies.com/en/sso?ObjectID=23829.107&LotNumber=107&ldp_breadcrumb=back,23829-107,2026-08-09T16:47:32+00:00
Bunkyo Tokyo,,,,27940.0,HKD,realised,2025-11-20,10000.0,20000.0,,,,,,Christie's,christies,auction,https://www.christies.com/en/sso?ObjectID=23829.108&LotNumber=108&ldp_breadcrumb=back,23829-108,2026-08-09T16:47:32+00:00
Kuruno Bunkyo Tokyo,,,,25400.0,HKD,realised,2025-11-20,24000.0,48000.0,,,,,,Christie's,christies,auction,https://www.christies.com/en/sso?ObjectID=23829.109&LotNumber=109&ldp_breadcrumb=back,23829-109,2026-08-09T16:47:32+00:00
Laine X Revolution,,,,57150.0,HKD,realised,2025-11-20,35000.0,70000.0,,,,,,Christie's,christies,auction,https://www.christies.com/en/sso?ObjectID=23829.110&LotNumber=110&ldp_breadcrumb=back,23829-110,2026-08-09T16:47:32+00:00
Laine,,,,69850.0,HKD,realised,2025-11-20,35000.0,70000.0,,,,,,Christie's,christies,auction,https://www.christies.com/en/sso?ObjectID=23829.111&LotNumber=111&ldp_breadcrumb=back,23829-111,2026-08-09T16:47:32+00:00
Longines,,,,10160.0,HKD,realised,2025-11-20,8000.0,12000.0,,,,,,Christie's,christies,auction,https://www.christies.com/en/sso?ObjectID=23829.112&LotNumber=112&ldp_breadcrumb=back,23829-112,2026-08-09T16:47:32+00:00
Longines,,,,76200.0,HKD,realised,2025-11-20,40000.0,80000.0,,,,,,Christie's,christies,auction,https://www.christies.com/en/sso?ObjectID=23829.113&LotNumber=113&ldp_breadcrumb=back,23829-113,2026-08-09T16:47:32+00:00
Louis Erard,,,,8890.0,HKD,realised,2025-11-20,10000.0,20000.0,,,,,,Christie's,christies,auction,https://www.christies.com/en/sso?ObjectID=23829.114&LotNumber=114&ldp_breadcrumb=back,23829-114,2026-08-09T16:47:32+00:00
,,,,120650.0,HKD,realised,2025-11-20,30000.0,60000.0,,,,,,Christie's,christies,auction,https://www.christies.com/en/sso?ObjectID=23829.115&LotNumber=115&ldp_breadcrumb=back,23829-115,2026-08-09T16:47:32+00:00
,,,,17780.0,HKD,realised,2025-11-20,10000.0,20000.0,,,,,,Christie's,christies,auction,https://www.christies.com/en/sso?ObjectID=23829.116&LotNumber=116&ldp_breadcrumb=back,23829-116,2026-08-09T16:47:32+00:00
,,,,20320.0,HKD,realised,2025-11-20,10000.0,20000.0,,,,,,Christie's,christies,auction,https://www.christies.com/en/sso?ObjectID=23829.117&LotNumber=117&ldp_breadcrumb=back,23829-117,2026-08-09T16:47:32+00:00
,,85248AA89,,30480.0,HKD,realised,2025-11-20,28000.0,55000.0,,,,,,Christie's,christies,auction,https://www.christies.com/en/sso?ObjectID=23829.118&LotNumber=118&ldp_breadcrumb=back,23829-118,2026-08-09T16:47:32+00:00
Louis Vuitton,,,,101600.0,HKD,realised,2025-11-20,70000.0,140000.0,,,,,,Christie's,christies,auction,https://www.christies.com/en/sso?ObjectID=23829.119&LotNumber=119&ldp_breadcrumb=back,23829-119,2026-08-09T16:47:32+00:00
Magellan,,1518.SSX.CHA.L12,,20320.0,HKD,realised,2025-11-20,15000.0,30000.0,,,,,,Christie's,christies,auction,https://www.christies.com/en/sso?ObjectID=23829.120&LotNumber=120&ldp_breadcrumb=back,23829-120,2026-08-09T16:47:32+00:00
Massena Lab,,,,20320.0,HKD,realised,2025-11-20,10000.0,20000.0,,,,,,Christie's,christies,auction,https://www.christies.com/en/sso?ObjectID=23829.121&LotNumber=121&ldp_breadcrumb=back,23829-121,2026-08-09T16:47:32+00:00
Massena Lab And Raúl Pagès,,,,38100.0,HKD,realised,2025-11-20,16000.0,24000.0,,,,,,Christie's,christies,auction,https://www.christies.com/en/sso?ObjectID=23829.122&LotNumber=122&ldp_breadcrumb=back,23829-122,2026-08-09T16:47:32+00:00
M.A.D.Editions,,,,22860.0,HKD,realised,2025-11-20,16000.0,32000.0,,,,,,Christie's,christies,auction,https://www.christies.com/en/sso?ObjectID=23829.123&LotNumber=123&ldp_breadcrumb=back,23829-123,2026-08-09T16:47:32+00:00
Mb&F X L’Épée 1839,,,,165100.0,HKD,realised,2025-11-20,80000.0,160000.0,,,,,,Christie's,christies,auction,https://www.christies.com/en/sso?ObjectID=23829.124&LotNumber=124&ldp_breadcrumb=back,23829-124,2026-08-09T16:47:32+00:00
Mb&F X Reuge,,,,,,realised,2025-11-20,80000.0,160000.0,,,,,,Christie's,christies,auction,https://www.christies.com/en/sso?ObjectID=23829.125&LotNumber=125&ldp_breadcrumb=back,23829-125,2026-08-09T16:47:32+00:00
Montblanc,,,,4826.0,HKD,realised,2025-11-20,10000.0,20000.0,,,,,,Christie's,christies,auction,https://www.christies.com/en/sso?ObjectID=23829.126&LotNumber=126&ldp_breadcrumb=back,23829-126,2026-08-09T16:47:32+00:00
Montblanc,,7070,,8255.0,HKD,realised,2025-11-20,10000.0,20000.0,,,,,,Christie's,christies,auction,https://www.christies.com/en/sso?ObjectID=23829.127&LotNumber=127&ldp_breadcrumb=back,23829-127,2026-08-09T16:47:32+00:00
Montblanc,,,,8255.0,HKD,realised,2025-11-20,12000.0,24000.0,,,,,,Christie's,christies,auction,https://www.christies.com/en/sso?ObjectID=23829.128&LotNumber=128&ldp_breadcrumb=back,23829-128,2026-08-09T16:47:32+00:00
Montblanc,,,,5334.0,HKD,realised,2025-11-20,20000.0,30000.0,,,,,,Christie's,christies,auction,https://www.christies.com/en/sso?ObjectID=23829.129&LotNumber=129&ldp_breadcrumb=back,23829-129,2026-08-09T16:47:32+00:00
Montblanc,,7201,,10160.0,HKD,realised,2025-11-20,8000.0,12000.0,,,,,,Christie's,christies,auction,https://www.christies.com/en/sso?ObjectID=23829.130&LotNumber=130&ldp_breadcrumb=back,23829-130,2026-08-09T16:47:32+00:00
Movado,,,,69850.0,HKD,realised,2025-11-20,40000.0,80000.0,,,,,,Christie's,christies,auction,https://www.christies.com/en/sso?ObjectID=23829.131&LotNumber=131&ldp_breadcrumb=back,23829-131,2026-08-09T16:47:32+00:00
Omega,,3815.77.36,,33020.0,HKD,realised,2025-11-20,20000.0,40000.0,,,,,,Christie's,christies,auction,https://www.christies.com/en/sso?ObjectID=23829.132&LotNumber=132&ldp_breadcrumb=back,23829-132,2026-08-09T16:47:32+00:00
Omega,,,,8255.0,HKD,realised,2025-11-20,10000.0,20000.0,,,,,,Christie's,christies,auction,https://www.christies.com/en/sso?ObjectID=23829.133&LotNumber=133&ldp_breadcrumb=back,23829-133,2026-08-09T16:47:32+00:00
Omega,,311.32.40.30.01,,38100.0,HKD,realised,2025-11-20,35000.0,55000.0,,,,,,Christie's,christies,auction,https://www.christies.com/en/sso?ObjectID=23829.134&LotNumber=134&ldp_breadcrumb=back,23829-134,2026-08-09T16:47:32+00:00
Omega,,311.12.42.30.01,,88900.0,HKD,realised,2025-11-20,50000.0,100000.0,,,,,,Christie's,christies,auction,https://www.christies.com/en/sso?ObjectID=23829.135&LotNumber=135&ldp_breadcrumb=back,23829-135,2026-08-09T16:47:32+00:00
Omega,,311.30.40.30.01,,88900.0,HKD,realised,2025-11-20,50000.0,100000.0,,,,,,Christie's,christies,auction,https://www.christies.com/en/sso?ObjectID=23829.136&LotNumber=136&ldp_breadcrumb=back,23829-136,2026-08-09T16:47:32+00:00
Omega,,516.53.38.50.01,,57150.0,HKD,realised,2025-11-20,35000.0,70000.0,,,,,,Christie's,christies,auction,https://www.christies.com/en/sso?ObjectID=23829.137&LotNumber=137&ldp_breadcrumb=back,23829-137,2026-08-09T16:47:32+00:00
Omega,,,,101600.0,HKD,realised,2025-11-20,80000.0,160000.0,,,,,,Christie's,christies,auction,https://www.christies.com/en/sso?ObjectID=23829.138&LotNumber=138&ldp_breadcrumb=back,23829-138,2026-08-09T16:47:32+00:00
Omega,,227.32.55.21.03,,63500.0,HKD,realised,2025-11-20,45000.0,90000.0,,,,,,Christie's,christies,auction,https://www.christies.com/en/sso?ObjectID=23829.139&LotNumber=139&ldp_breadcrumb=back,23829-139,2026-08-09T16:47:32+00:00
Omega,,,,,,realised,2025-11-20,70000.0,120000.0,,,,,,Christie's,christies,auction,https://www.christies.com/en/sso?ObjectID=23829.140&LotNumber=140&ldp_breadcrumb=back,23829-140,2026-08-09T16:47:32+00:00
Omega,,,,12065.0,HKD,realised,2025-11-20,8000.0,16000.0,,,,,,Christie's,christies,auction,https://www.christies.com/en/sso?ObjectID=23829.141&LotNumber=141&ldp_breadcrumb=back,23829-141,2026-08-09T16:47:32+00:00
Omega,,516.53.39.50.02,,63500.0,HKD,realised,2025-11-20,42000.0,85000.0,,,,,,Christie's,christies,auction,https://www.christies.com/en/sso?ObjectID=23829.142&LotNumber=142&ldp_breadcrumb=back,23829-142,2026-08-09T16:47:32+00:00
Omega,,5705.30.01,,57150.0,HKD,realised,2025-11-20,32000.0,65000.0,,,,,,Christie's,christies,auction,https://www.christies.com/en/sso?ObjectID=23829.143&LotNumber=143&ldp_breadcrumb=back,23829-143,2026-08-09T16:47:32+00:00
Otsuka Lotec,,,,60960.0,HKD,realised,2025-11-20,30000.0,60000.0,,,,,,Christie's,christies,auction,https://www.christies.com/en/sso?ObjectID=23829.144&LotNumber=144&ldp_breadcrumb=back,23829-144,2026-08-09T16:47:32+00:00
Otsuka Lotec,,,,38100.0,HKD,realised,2025-11-20,20000.0,40000.0,,,,,,Christie's,christies,auction,https://www.christies.com/en/sso?ObjectID=23829.145&LotNumber=145&ldp_breadcrumb=back,23829-145,2026-08-09T16:47:32+00:00
Panerai,,PAM00021,,571500.0,HKD,realised,2025-11-20,400000.0,800000.0,,,,,,Christie's,christies,auction,https://www.christies.com/en/sso?ObjectID=23829.146&LotNumber=146&ldp_breadcrumb=back,23829-146,2026-08-09T16:47:32+00:00
Panerai,,FER00011,,33020.0,HKD,realised,2025-11-20,30000.0,60000.0,,,,,,Christie's,christies,auction,https://www.christies.com/en/sso?ObjectID=23829.147&LotNumber=147&ldp_breadcrumb=back,23829-147,2026-08-09T16:47:32+00:00
Panerai,,PAM00088,,30480.0,HKD,realised,2025-11-20,18000.0,35000.0,,,,,,Christie's,christies,auction,https://www.christies.com/en/sso?ObjectID=23829.148&LotNumber=148&ldp_breadcrumb=back,23829-148,2026-08-09T16:47:32+00:00
Panerai,,PAM00049,,21590.0,HKD,realised,2025-11-20,20000.0,40000.0,,,,,,Christie's,christies,auction,https://www.christies.com/en/sso?ObjectID=23829.149&LotNumber=149&ldp_breadcrumb=back,23829-149,2026-08-09T16:47:32+00:00
Panerai,,PAM00606,,57150.0,HKD,realised,2025-11-20,24000.0,48000.0,,,,,,Christie's,christies,auction,https://www.christies.com/en/sso?ObjectID=23829.150&LotNumber=150&ldp_breadcrumb=back,23829-150,2026-08-09T16:47:32+00:00
Panerai,,PAM00390,,27940.0,HKD,realised,2025-11-20,20000.0,40000.0,,,,,,Christie's,christies,auction,https://www.christies.com/en/sso?ObjectID=23829.151&LotNumber=151&ldp_breadcrumb=back,23829-151,2026-08-09T16:47:32+00:00
Panerai,,PAM00449,,48260.0,HKD,realised,2025-11-20,30000.0,60000.0,,,,,,Christie's,christies,auction,https://www.christies.com/en/sso?ObjectID=23829.152&LotNumber=152&ldp_breadcrumb=back,23829-152,2026-08-09T16:47:32+00:00
Panerai,,PAM00339,,48260.0,HKD,realised,2025-11-20,20000.0,40000.0,,,,,,Christie's,christies,auction,https://www.christies.com/en/sso?ObjectID=23829.153&LotNumber=153&ldp_breadcrumb=back,23829-153,2026-08-09T16:47:32+00:00
Panerai,,PAM00522,,,,realised,2025-11-20,120000.0,240000.0,,,,,,Christie's,christies,auction,https://www.christies.com/en/sso?ObjectID=23829.154&LotNumber=154&ldp_breadcrumb=back,23829-154,2026-08-09T16:47:32+00:00
Panerai,,PAM00080,,114300.0,HKD,realised,2025-11-20,60000.0,120000.0,,,,,,Christie's,christies,auction,https://www.christies.com/en/sso?ObjectID=23829.155&LotNumber=155&ldp_breadcrumb=back,23829-155,2026-08-09T16:47:32+00:00
Panerai,,PAM00373,,,,realised,2025-11-20,80000.0,160000.0,,,,,,Christie's,christies,auction,https://www.christies.com/en/sso?ObjectID=23829.156&LotNumber=156&ldp_breadcrumb=back,23829-156,2026-08-09T16:47:32+00:00
Panerai,,PAM00379,,82550.0,HKD,realised,2025-11-20,60000.0,120000.0,,,,,,Christie's,christies,auction,https://www.christies.com/en/sso?ObjectID=23829.157&LotNumber=157&ldp_breadcrumb=back,23829-157,2026-08-09T16:47:32+00:00
Panerai,,PAM00785,,88900.0,HKD,realised,2025-11-20,70000.0,140000.0,,,,,,Christie's,christies,auction,https://www.christies.com/en/sso?ObjectID=23829.158&LotNumber=158&ldp_breadcrumb=back,23829-158,2026-08-09T16:47:32+00:00
Parmigiani Fleurier,,,,190500.0,HKD,realised,2025-11-20,100000.0,200000.0,,,,,,Christie's,christies,auction,https://www.christies.com/en/sso?ObjectID=23829.159&LotNumber=159&ldp_breadcrumb=back,23829-159,2026-08-09T16:47:32+00:00
Parmigiani Fleurier,,PFC128-2500100HA,,50800.0,HKD,realised,2025-11-20,20000.0,40000.0,,,,,,Christie's,christies,auction,https://www.christies.com/en/sso?ObjectID=23829.160&LotNumber=160&ldp_breadcrumb=back,23829-160,2026-08-09T16:47:32+00:00
Patek Philippe,,5524G-001,,330200.0,HKD,realised,2025-11-20,180000.0,360000.0,,,,,,Christie's,christies,auction,https://www.christies.com/en/sso?ObjectID=23829.161&LotNumber=161&ldp_breadcrumb=back,23829-161,2026-08-09T16:47:32+00:00
Patek Philippe,,5712/1A-001,,889000.0,HKD,realised,2025-11-20,350000.0,700000.0,,,,,,Christie's,christies,auction,https://www.christies.com/en/sso?ObjectID=23829.162&LotNumber=162&ldp_breadcrumb=back,23829-162,2026-08-09T16:47:32+00:00
Patek Philippe,,5205G,,228600.0,HKD,realised,2025-11-20,180000.0,350000.0,,,,,,Christie's,christies,auction,https://www.christies.com/en/sso?ObjectID=23829.163&LotNumber=163&ldp_breadcrumb=back,23829-163,2026-08-09T16:47:32+00:00
Patek Philippe,,5930G-001,,406400.0,HKD,realised,2025-11-20,280000.0,550000.0,,,,,,Christie's,christies,auction,https://www.christies.com/en/sso?ObjectID=23829.164&LotNumber=164&ldp_breadcrumb=back,23829-164,2026-08-09T16:47:32+00:00
Patek Philippe,,5575G-001,,762000.0,HKD,realised,2025-11-20,600000.0,1200000.0,,,,,,Christie's,christies,auction,https://www.christies.com/en/sso?ObjectID=23829.165&LotNumber=165&ldp_breadcrumb=back,23829-165,2026-08-09T16:47:32+00:00
Patek Philippe,,5110P,,304800.0,HKD,realised,2025-11-20,160000.0,320000.0,,,,,,Christie's,christies,auction,https://www.christies.com/en/sso?ObjectID=23829.166&LotNumber=166&ldp_breadcrumb=back,23829-166,2026-08-09T16:47:32+00:00
Patek Philippe,,5235G-001,,254000.0,HKD,realised,2025-11-20,180000.0,350000.0,,,,,,Christie's,christies,auction,https://www.christies.com/en/sso?ObjectID=23829.167&LotNumber=167&ldp_breadcrumb=back,23829-167,2026-08-09T16:47:32+00:00
Patek Philippe,,5975G-001,,444500.0,HKD,realised,2025-11-20,350000.0,700000.0,,,,,,Christie's,christies,auction,https://www.christies.com/en/sso?ObjectID=23829.168&LotNumber=168&ldp_breadcrumb=back,23829-168,2026-08-09T16:47:32+00:00
Asprey,,116509,,189000.0,USD,realised,2024-05-30,100000.0,200000.0,,,,,,Christie's,christies,auction,https://www.christies.com/en/sso?ObjectID=23091.201&LotNumber=201&ldp_breadcrumb=back,23091-201,2026-08-09T16:47:32+00:00
Asprey,,16528,,107100.0,USD,realised,2024-05-30,80000.0,160000.0,,,,,,Christie's,christies,auction,https://www.christies.com/en/sso?ObjectID=23091.202&LotNumber=202&ldp_breadcrumb=back,23091-202,2026-08-09T16:47:32+00:00
Rolex,,116506,,94500.0,USD,realised,2024-05-30,70000.0,140000.0,,,,,,Christie's,christies,auction,https://www.christies.com/en/sso?ObjectID=23091.203&LotNumber=203&ldp_breadcrumb=back,23091-203,2026-08-09T16:47:32+00:00
Rolex,,116509,,47880.0,USD,realised,2024-05-30,20000.0,40000.0,,,,,,Christie's,christies,auction,https://www.christies.com/en/sso?ObjectID=23091.204&LotNumber=204&ldp_breadcrumb=back,23091-204,2026-08-09T16:47:32+00:00
Rolex,,116503,,27720.0,USD,realised,2024-05-30,15000.0,25000.0,,,,,,Christie's,christies,auction,https://www.christies.com/en/sso?ObjectID=23091.205&LotNumber=205&ldp_breadcrumb=back,23091-205,2026-08-09T16:47:32+00:00
Rolex,,16520,,,,realised,2024-05-30,50000.0,80000.0,,,,,,Christie's,christies,auction,https://www.christies.com/en/sso?ObjectID=23091.206&LotNumber=206&ldp_breadcrumb=back,23091-206,2026-08-09T16:47:32+00:00
Rolex,,116520,,23940.0,USD,realised,2024-05-30,12000.0,18000.0,,,,,,Christie's,christies,auction,https://www.christies.com/en/sso?ObjectID=23091.207&LotNumber=207&ldp_breadcrumb=back,23091-207,2026-08-09T16:47:32+00:00
Rolex,,116520,,20160.0,USD,realised,2024-05-30,12000.0,18000.0,,,,,,Christie's,christies,auction,https://www.christies.com/en/sso?ObjectID=23091.208&LotNumber=208&ldp_breadcrumb=back,23091-208,2026-08-09T16:47:32+00:00
Rolex,,126711CHNR,,22680.0,USD,realised,2024-05-30,12000.0,18000.0,,,,,,Christie's,christies,auction,https://www.christies.com/en/sso?ObjectID=23091.209&LotNumber=209&ldp_breadcrumb=back,23091-209,2026-08-09T16:47:32+00:00
Rolex,,126613LB,,15120.0,USD,realised,2024-05-30,6000.0,12000.0,,,,,,Christie's,christies,auction,https://www.christies.com/en/sso?ObjectID=23091.210&LotNumber=210&ldp_breadcrumb=back,23091-210,2026-08-09T16:47:32+00:00
Rolex,,228239,,37800.0,USD,realised,2024-05-30,20000.0,40000.0,,,,,,Christie's,christies,auction,https://www.christies.com/en/sso?ObjectID=23091.211&LotNumber=211&ldp_breadcrumb=back,23091-211,2026-08-09T16:47:32+00:00
Rolex,,228239,,40320.0,USD,realised,2024-05-30,20000.0,40000.0,,,,,,Christie's,christies,auction,https://www.christies.com/en/sso?ObjectID=23091.212&LotNumber=212&ldp_breadcrumb=back,23091-212,2026-08-09T16:47:32+00:00
Rolex,,126300,,7560.0,USD,realised,2024-05-30,3000.0,5000.0,,,,,,Christie's,christies,auction,https://www.christies.com/en/sso?ObjectID=23091.213&LotNumber=213&ldp_breadcrumb=back,23091-213,2026-08-09T16:47:32+00:00
Rolex,,126334,,10710.0,USD,realised,2024-05-30,5000.0,10000.0,,,,,,Christie's,christies,auction,https://www.christies.com/en/sso?ObjectID=23091.214&LotNumber=214&ldp_breadcrumb=back,23091-214,2026-08-09T16:47:32+00:00
Rolex,,118238,,18900.0,USD,realised,2024-05-30,12000.0,18000.0,,,,,,Christie's,christies,auction,https://www.christies.com/en/sso?ObjectID=23091.215&LotNumber=215&ldp_breadcrumb=back,23091-215,2026-08-09T16:47:32+00:00
Rolex,,226659,,27720.0,USD,realised,2024-05-30,15000.0,25000.0,,,,,,Christie's,christies,auction,https://www.christies.com/en/sso?ObjectID=23091.216&LotNumber=216&ldp_breadcrumb=back,23091-216,2026-08-09T16:47:32+00:00
Rolex,,116660,,10080.0,USD,realised,2024-05-30,6000.0,12000.0,,,,,,Christie's,christies,auction,https://www.christies.com/en/sso?ObjectID=23091.217&LotNumber=217&ldp_breadcrumb=back,23091-217,2026-08-09T16:47:32+00:00
Rolex,,16570,,8820.0,USD,realised,2024-05-30,5000.0,10000.0,,,,,,Christie's,christies,auction,https://www.christies.com/en/sso?ObjectID=23091.218&LotNumber=218&ldp_breadcrumb=back,23091-218,2026-08-09T16:47:32+00:00
Rolex,,214270,,7560.0,USD,realised,2024-05-30,4000.0,8000.0,,,,,,Christie's,christies,auction,https://www.christies.com/en/sso?ObjectID=23091.219&LotNumber=219&ldp_breadcrumb=back,23091-219,2026-08-09T16:47:32+00:00
Bamford,,116660,,13860.0,USD,realised,2024-05-30,6000.0,12000.0,,,,,,Christie's,christies,auction,https://www.christies.com/en/sso?ObjectID=23091.220&LotNumber=220&ldp_breadcrumb=back,23091-220,2026-08-09T16:47:32+00:00
Rolex,,1675,,11340.0,USD,realised,2024-05-30,12000.0,15000.0,,,,,,Christie's,christies,auction,https://www.christies.com/en/sso?ObjectID=23091.221&LotNumber=221&ldp_breadcrumb=back,23091-221,2026-08-09T16:47:32+00:00
Rolex,,126281RBR,,11340.0,USD,realised,2024-05-30,4000.0,6000.0,,,,,,Christie's,christies,auction,https://www.christies.com/en/sso?ObjectID=23091.222&LotNumber=222&ldp_breadcrumb=back,23091-222,2026-08-09T16:47:32+00:00
Tudor,,7924,,,,realised,2024-05-30,40000.0,60000.0,,,,,,Christie's,christies,auction,https://www.christies.com/en/sso?ObjectID=23091.223&LotNumber=223&ldp_breadcrumb=back,23091-223,2026-08-09T16:47:32+00:00
Rolex,,126301,,8820.0,USD,realised,2024-05-30,4000.0,6000.0,,,,,,Christie's,christies,auction,https://www.christies.com/en/sso?ObjectID=23091.224&LotNumber=224&ldp_breadcrumb=back,23091-224,2026-08-09T16:47:32+00:00
Rolex,,116233,,9450.0,USD,realised,2024-05-30,8000.0,12000.0,,,,,,Christie's,christies,auction,https://www.christies.com/en/sso?ObjectID=23091.225&LotNumber=225&ldp_breadcrumb=back,23091-225,2026-08-09T16:47:32+00:00
Rolex,,16233,,5292.0,USD,realised,2024-05-30,4000.0,8000.0,,,,,,Christie's,christies,auction,https://www.christies.com/en/sso?ObjectID=23091.226&LotNumber=226&ldp_breadcrumb=back,23091-226,2026-08-09T16:47:32+00:00
Rolex,,5501,,4410.0,USD,realised,2024-05-30,4000.0,6000.0,,,,,,Christie's,christies,auction,https://www.christies.com/en/sso?ObjectID=23091.227&LotNumber=227&ldp_breadcrumb=back,23091-227,2026-08-09T16:47:32+00:00
Audemars Piguet,,15500ST,,32760.0,USD,realised,2024-05-30,20000.0,40000.0,,,,,,Christie's,christies,auction,https://www.christies.com/en/sso?ObjectID=23091.228&LotNumber=228&ldp_breadcrumb=back,23091-228,2026-08-09T16:47:32+00:00
Audemars Piguet,,26105IR,,27720.0,USD,realised,2024-05-30,15000.0,25000.0,,,,,,Christie's,christies,auction,https://www.christies.com/en/sso?ObjectID=23091.229&LotNumber=229&ldp_breadcrumb=back,23091-229,2026-08-09T16:47:32+00:00
Audemars Piguet,,26030IO,,20160.0,USD,realised,2024-05-30,15000.0,25000.0,,,,,,Christie's,christies,auction,https://www.christies.com/en/sso?ObjectID=23091.230&LotNumber=230&ldp_breadcrumb=back,23091-230,2026-08-09T16:47:32+00:00
Audemars Piguet,,26400IO,,27720.0,USD,realised,2024-05-30,20000.0,40000.0,,,,,,Christie's,christies,auction,https://www.christies.com/en/sso?ObjectID=23091.231&LotNumber=231&ldp_breadcrumb=back,23091-231,2026-08-09T16:47:32+00:00
Audemars Piguet,,25940SK,,15120.0,USD,realised,2024-05-30,10000.0,15000.0,,,,,,Christie's,christies,auction,https://www.christies.com/en/sso?ObjectID=23091.232&LotNumber=232&ldp_breadcrumb=back,23091-232,2026-08-09T16:47:32+00:00
Audemars Piguet,,26405CE,,30240.0,USD,realised,2024-05-30,20000.0,40000.0,,,,,,Christie's,christies,auction,https://www.christies.com/en/sso?ObjectID=23091.233&LotNumber=233&ldp_breadcrumb=back,23091-233,2026-08-09T16:47:32+00:00
Audemars Piguet,,26405CE,,17640.0,USD,realised,2024-05-30,10000.0,15000.0,,,,,,Christie's,christies,auction,https://www.christies.com/en/sso?ObjectID=23091.234&LotNumber=234&ldp_breadcrumb=back,23091-234,2026-08-09T16:47:32+00:00
Audemars Piguet,,77247BC,,12600.0,USD,realised,2024-05-30,10000.0,20000.0,,,,,,Christie's,christies,auction,https://www.christies.com/en/sso?ObjectID=23091.235&LotNumber=235&ldp_breadcrumb=back,23091-235,2026-08-09T16:47:32+00:00
Jaeger-Lecoultre,,266.8.44,,3780.0,USD,realised,2024-05-30,3000.0,5000.0,,,,,,Christie's,christies,auction,https://www.christies.com/en/sso?ObjectID=23091.236&LotNumber=236&ldp_breadcrumb=back,23091-236,2026-08-09T16:47:32+00:00
Patek Philippe,,5235G-001,,35280.0,USD,realised,2024-05-30,26000.0,40000.0,,,,,,Christie's,christies,auction,https://www.christies.com/en/sso?ObjectID=23091.237&LotNumber=237&ldp_breadcrumb=back,23091-237,2026-08-09T16:47:32+00:00
Patek Philippe,,5170J-001,,37800.0,USD,realised,2024-05-30,20000.0,40000.0,,,,,,Christie's,christies,auction,https://www.christies.com/en/sso?ObjectID=23091.238&LotNumber=238&ldp_breadcrumb=back,23091-238,2026-08-09T16:47:32+00:00
Patek Philippe,,5396R-001,,23940.0,USD,realised,2024-05-30,15000.0,25000.0,,,,,,Christie's,christies,auction,https://www.christies.com/en/sso?ObjectID=23091.239&LotNumber=239&ldp_breadcrumb=back,23091-239,2026-08-09T16:47:32+00:00
Patek Philippe,,5297G-001,,18900.0,USD,realised,2024-05-30,15000.0,25000.0,,,,,,Christie's,christies,auction,https://www.christies.com/en/sso?ObjectID=23091.240&LotNumber=240&ldp_breadcrumb=back,23091-240,2026-08-09T16:47:32+00:00
Patek Philippe,,4700/3,,,,realised,2024-05-30,12000.0,18000.0,,,,,,Christie's,christies,auction,https://www.christies.com/en/sso?ObjectID=23091.241&LotNumber=241&ldp_breadcrumb=back,23091-241,2026-08-09T16:47:32+00:00
Patek Philippe,,1578GM,,12600.0,USD,realised,2024-05-30,12000.0,20000.0,,,,,,Christie's,christies,auction,https://www.christies.com/en/sso?ObjectID=23091.242&LotNumber=242&ldp_breadcrumb=back,23091-242,2026-08-09T16:47:32+00:00
Patek Philippe,,2511,,16380.0,USD,realised,2024-05-30,8000.0,12000.0,,,,,,Christie's,christies,auction,https://www.christies.com/en/sso?ObjectID=23091.243&LotNumber=243&ldp_breadcrumb=back,23091-243,2026-08-09T16:47:32+00:00
Patek Philippe,,5119J-001,,10710.0,USD,realised,2024-05-30,8000.0,12000.0,,,,,,Christie's,christies,auction,https://www.christies.com/en/sso?ObjectID=23091.244&LotNumber=244&ldp_breadcrumb=back,23091-244,2026-08-09T16:47:32+00:00
Patek Philippe,,3919,,10080.0,USD,realised,2024-05-30,5000.0,7000.0,,,,,,Christie's,christies,auction,https://www.christies.com/en/sso?ObjectID=23091.245&LotNumber=245&ldp_breadcrumb=back,23091-245,2026-08-09T16:47:32+00:00
Patek Philippe,,5022,,8820.0,USD,realised,2024-05-30,5000.0,10000.0,,,,,,Christie's,christies,auction,https://www.christies.com/en/sso?ObjectID=23091.246&LotNumber=246&ldp_breadcrumb=back,23091-246,2026-08-09T16:47:32+00:00
Patek Philippe,,,,25200.0,USD,realised,2024-05-30,15000.0,25000.0,,,,,,Christie's,christies,auction,https://www.christies.com/en/sso?ObjectID=23091.247&LotNumber=247&ldp_breadcrumb=back,23091-247,2026-08-09T16:47:32+00:00
Patek Philippe,,,,32760.0,USD,realised,2024-05-30,4000.0,6000.0,,,,,,Christie's,christies,auction,https://www.christies.com/en/sso?ObjectID=23091.248&LotNumber=248&ldp_breadcrumb=back,23091-248,2026-08-09T16:47:32+00:00
Patek Philippe,,1593,,10710.0,USD,realised,2024-05-30,8000.0,12000.0,,,,,,Christie's,christies,auction,https://www.christies.com/en/sso?ObjectID=23091.249&LotNumber=249&ldp_breadcrumb=back,23091-249,2026-08-09T16:47:32+00:00
Patek Philippe,,2404,,6048.0,USD,realised,2024-05-30,4000.0,6000.0,,,,,,Christie's,christies,auction,https://www.christies.com/en/sso?ObjectID=23091.250&LotNumber=250&ldp_breadcrumb=back,23091-250,2026-08-09T16:47:32+00:00
Patek Philippe,,3540/2,,7560.0,USD,realised,2024-05-30,4000.0,6000.0,,,,,,Christie's,christies,auction,https://www.christies.com/en/sso?ObjectID=23091.251&LotNumber=251&ldp_breadcrumb=back,23091-251,2026-08-09T16:47:32+00:00
Patek Philippe,,3738/100R-001,,18900.0,USD,realised,2024-05-30,10000.0,20000.0,,,,,,Christie's,christies,auction,https://www.christies.com/en/sso?ObjectID=23091.252&LotNumber=252&ldp_breadcrumb=back,23091-252,2026-08-09T16:47:32+00:00
Patek Philippe,,3748/1,,16380.0,USD,realised,2024-05-30,5000.0,10000.0,,,,,,Christie's,christies,auction,https://www.christies.com/en/sso?ObjectID=23091.253&LotNumber=253&ldp_breadcrumb=back,23091-253,2026-08-09T16:47:32+00:00
Patek Philippe,,3648/1,,12600.0,USD,realised,2024-05-30,6000.0,12000.0,,,,,,Christie's,christies,auction,https://www.christies.com/en/sso?ObjectID=23091.254&LotNumber=254&ldp_breadcrumb=back,23091-254,2026-08-09T16:47:32+00:00
Patek Philippe,,,,12600.0,USD,realised,2024-05-30,5000.0,10000.0,,,,,,Christie's,christies,auction,https://www.christies.com/en/sso?ObjectID=23091.255&LotNumber=255&ldp_breadcrumb=back,23091-255,2026-08-09T16:47:32+00:00
Patek Philippe,,4253/1,,8820.0,USD,realised,2024-05-30,6000.0,12000.0,,,,,,Christie's,christies,auction,https://www.christies.com/en/sso?ObjectID=23091.256&LotNumber=256&ldp_breadcrumb=back,23091-256,2026-08-09T16:47:32+00:00
Patek Philippe,,4816/3,,11970.0,USD,realised,2024-05-30,5000.0,7000.0,,,,,,Christie's,christies,auction,https://www.christies.com/en/sso?ObjectID=23091.257&LotNumber=257&ldp_breadcrumb=back,23091-257,2026-08-09T16:47:32+00:00
Patek Philippe,,4973,,11340.0,USD,realised,2024-05-30,6000.0,12000.0,,,,,,Christie's,christies,auction,https://www.christies.com/en/sso?ObjectID=23091.258&LotNumber=258&ldp_breadcrumb=back,23091-258,2026-08-09T16:47:32+00:00
Patek Philippe,,4824,,4788.0,USD,realised,2024-05-30,6000.0,10000.0,,,,,,Christie's,christies,auction,https://www.christies.com/en/sso?ObjectID=23091.259&LotNumber=259&ldp_breadcrumb=back,23091-259,2026-08-09T16:47:32+00:00
Patek Philippe,,,,15120.0,USD,realised,2024-05-30,8000.0,12000.0,,,,,,Christie's,christies,auction,https://www.christies.com/en/sso?ObjectID=23091.260&LotNumber=260&ldp_breadcrumb=back,23091-260,2026-08-09T16:47:32+00:00
Patek Philippe,,,,8190.0,USD,realised,2024-05-30,8000.0,10000.0,,,,,,Christie's,christies,auction,https://www.christies.com/en/sso?ObjectID=23091.261&LotNumber=261&ldp_breadcrumb=back,23091-261,2026-08-09T16:47:32+00:00
Patek Philippe,,,,9450.0,USD,realised,2024-05-30,4000.0,6000.0,,,,,,Christie's,christies,auction,https://www.christies.com/en/sso?ObjectID=23091.262&LotNumber=262&ldp_breadcrumb=back,23091-262,2026-08-09T16:47:32+00:00
,,,,6930.0,USD,realised,2024-05-30,6000.0,8000.0,,,,,,Christie's,christies,auction,https://www.christies.com/en/sso?ObjectID=23091.263&LotNumber=263&ldp_breadcrumb=back,23091-263,2026-08-09T16:47:32+00:00
Rolex,,9248,,6300.0,USD,realised,2024-05-30,5000.0,10000.0,,,,,,Christie's,christies,auction,https://www.christies.com/en/sso?ObjectID=23091.264&LotNumber=264&ldp_breadcrumb=back,23091-264,2026-08-09T16:47:32+00:00
Patek Philippe,,4960A,,27720.0,USD,realised,2024-05-30,10000.0,20000.0,,,,,,Christie's,christies,auction,https://www.christies.com/en/sso?ObjectID=23091.265&LotNumber=265&ldp_breadcrumb=back,23091-265,2026-08-09T16:47:32+00:00
Rolex,,18038,,11340.0,USD,realised,2024-05-30,8000.0,12000.0,,,,,,Christie's,christies,auction,https://www.christies.com/en/sso?ObjectID=23091.266&LotNumber=266&ldp_breadcrumb=back,23091-266,2026-08-09T16:47:32+00:00
Rolex,,69178,,6930.0,USD,realised,2024-05-30,4000.0,8000.0,,,,,,Christie's,christies,auction,https://www.christies.com/en/sso?ObjectID=23091.267&LotNumber=267&ldp_breadcrumb=back,23091-267,2026-08-09T16:47:32+00:00
Rolex,,6917,,8190.0,USD,realised,2024-05-30,4000.0,8000.0,,,,,,Christie's,christies,auction,https://www.christies.com/en/sso?ObjectID=23091.268&LotNumber=268&ldp_breadcrumb=back,23091-268,2026-08-09T16:47:32+00:00
Cartier,,30002,,13860.0,USD,realised,2024-05-30,6000.0,12000.0,,,,,,Christie's,christies,auction,https://www.christies.com/en/sso?ObjectID=23091.269&LotNumber=269&ldp_breadcrumb=back,23091-269,2026-08-09T16:47:32+00:00
Cartier,,1740,,7560.0,USD,realised,2024-05-30,5000.0,10000.0,,,,,,Christie's,christies,auction,https://www.christies.com/en/sso?ObjectID=23091.270&LotNumber=270&ldp_breadcrumb=back,23091-270,2026-08-09T16:47:32+00:00
Cartier,,1725,,7560.0,USD,realised,2024-05-30,5000.0,10000.0,,,,,,Christie's,christies,auction,https://www.christies.com/en/sso?ObjectID=23091.271&LotNumber=271&ldp_breadcrumb=back,23091-271,2026-08-09T16:47:32+00:00
Cartier,,W2601556,,3780.0,USD,realised,2024-05-30,4000.0,8000.0,,,,,,Christie's,christies,auction,https://www.christies.com/en/sso?ObjectID=23091.272&LotNumber=272&ldp_breadcrumb=back,23091-272,2026-08-09T16:47:32+00:00
Cartier,,2391,,15120.0,USD,realised,2024-05-30,8000.0,12000.0,,,,,,Christie's,christies,auction,https://www.christies.com/en/sso?ObjectID=23091.273&LotNumber=273&ldp_breadcrumb=back,23091-273,2026-08-09T16:47:32+00:00
Cartier,,78097,,7560.0,USD,realised,2024-05-30,4000.0,8000.0,,,,,,Christie's,christies,auction,https://www.christies.com/en/sso?ObjectID=23091.274&LotNumber=274&ldp_breadcrumb=back,23091-274,2026-08-09T16:47:32+00:00
Cartier,,10715,,6300.0,USD,realised,2024-05-30,4000.0,8000.0,,,,,,Christie's,christies,auction,https://www.christies.com/en/sso?ObjectID=23091.275&LotNumber=275&ldp_breadcrumb=back,23091-275,2026-08-09T16:47:32+00:00
Cartier,,17010,,7560.0,USD,realised,2024-05-30,5000.0,10000.0,,,,,,Christie's,christies,auction,https://www.christies.com/en/sso?ObjectID=23091.276&LotNumber=276&ldp_breadcrumb=back,23091-276,2026-08-09T16:47:32+00:00
Cartier,,96069,,9450.0,USD,realised,2024-05-30,4000.0,8000.0,,,,,,Christie's,christies,auction,https://www.christies.com/en/sso?ObjectID=23091.277&LotNumber=277&ldp_breadcrumb=back,23091-277,2026-08-09T16:47:32+00:00
Cartier,,09001,,4410.0,USD,realised,2024-05-30,4000.0,8000.0,,,,,,Christie's,christies,auction,https://www.christies.com/en/sso?ObjectID=23091.278&LotNumber=278&ldp_breadcrumb=back,23091-278,2026-08-09T16:47:32+00:00
Cartier,,10713,,2772.0,USD,realised,2024-05-30,3000.0,6000.0,,,,,,Christie's,christies,auction,https://www.christies.com/en/sso?ObjectID=23091.279&LotNumber=279&ldp_breadcrumb=back,23091-279,2026-08-09T16:47:32+00:00
Cartier,,78091,,4032.0,USD,realised,2024-05-30,3000.0,6000.0,,,,,,Christie's,christies,auction,https://www.christies.com/en/sso?ObjectID=23091.280&LotNumber=280&ldp_breadcrumb=back,23091-280,2026-08-09T16:47:32+00:00
Cartier,,14000,,4032.0,USD,realised,2024-05-30,4000.0,8000.0,,,,,,Christie's,christies,auction,https://www.christies.com/en/sso?ObjectID=23091.281&LotNumber=281&ldp_breadcrumb=back,23091-281,2026-08-09T16:47:32+00:00
Cartier,,2961,,4032.0,USD,realised,2024-05-30,3000.0,5000.0,,,,,,Christie's,christies,auction,https://www.christies.com/en/sso?ObjectID=23091.282&LotNumber=282&ldp_breadcrumb=back,23091-282,2026-08-09T16:47:32+00:00
Cartier,,2966,,2016.0,USD,realised,2024-05-30,3000.0,5000.0,,,,,,Christie's,christies,auction,https://www.christies.com/en/sso?ObjectID=23091.283&LotNumber=283&ldp_breadcrumb=back,23091-283,2026-08-09T16:47:32+00:00
Cartier,,1910,,2772.0,USD,realised,2024-05-30,3000.0,5000.0,,,,,,Christie's,christies,auction,https://www.christies.com/en/sso?ObjectID=23091.284&LotNumber=284&ldp_breadcrumb=back,23091-284,2026-08-09T16:47:32+00:00
Cartier,,W62031Y4,,4410.0,USD,realised,2024-05-30,4000.0,8000.0,,,,,,Christie's,christies,auction,https://www.christies.com/en/sso?ObjectID=23091.285&LotNumber=285&ldp_breadcrumb=back,23091-285,2026-08-09T16:47:32+00:00
Rolex,Submariner No Date,114060,,16400.0,USD,asking,2022-05-26,,,Steel,40.0,Automatic,Black,PREOWNED,Bezel,bezel,marketplace,https://shop.getbezel.com/watches/rolex/submariner-no-date/ref-114060/id-1,984,2026-08-09T16:47:32+00:00
Rolex,Submariner No Date,114060,,11835.0,USD,asking,2022-10-12,,,Steel,40.0,Automatic,Black,PREOWNED,Bezel,bezel,marketplace,https://shop.getbezel.com/watches/rolex/submariner-no-date/ref-114060/id-1,2792,2026-08-09T16:47:32+00:00
Rolex,Submariner No Date,114060,,14700.0,USD,asking,2024-01-30,,,Steel,40.0,Automatic,Black,PREOWNED,Bezel,bezel,marketplace,https://shop.getbezel.com/watches/rolex/submariner-no-date/ref-114060/id-1,67429,2026-08-09T16:47:32+00:00
Rolex,Submariner No Date,114060,,12540.0,USD,asking,2024-07-03,,,Steel,40.0,Automatic,Black,PREOWNED,Bezel,bezel,marketplace,https://shop.getbezel.com/watches/rolex/submariner-no-date/ref-114060/id-1,99047,2026-08-09T16:47:32+00:00
Rolex,Submariner No Date,114060,,10888.0,USD,asking,2024-08-20,,,Steel,40.0,Automatic,Black,PREOWNED,Bezel,bezel,marketplace,https://shop.getbezel.com/watches/rolex/submariner-no-date/ref-114060/id-1,107725,2026-08-09T16:47:32+00:00
Rolex,Submariner No Date,114060,,14035.0,USD,asking,2024-10-28,,,Steel,40.0,Automatic,Black,PREOWNED,Bezel,bezel,marketplace,https://shop.getbezel.com/watches/rolex/submariner-no-date/ref-114060/id-1,124456,2026-08-09T16:47:32+00:00
Rolex,Submariner No Date,114060,,14880.0,USD,asking,2025-04-11,,,Steel,40.0,Automatic,Black,PREOWNED,Bezel,bezel,marketplace,https://shop.getbezel.com/watches/rolex/submariner-no-date/ref-114060/id-1,161145,2026-08-09T16:47:32+00:00
Rolex,Submariner No Date,114060,,12540.0,USD,asking,2025-06-09,,,Steel,40.0,Automatic,Black,PREOWNED,Bezel,bezel,marketplace,https://shop.getbezel.com/watches/rolex/submariner-no-date/ref-114060/id-1,175179,2026-08-09T16:47:32+00:00
Patek Philippe,Nautilus / Blue,5711/1A-010,,145870.0,USD,asking,2025-08-21,,,Steel,40.0,Automatic,Blue,PREOWNED,Bezel,bezel,marketplace,https://shop.getbezel.com/watches/patek-philippe/nautilus-blue/ref-5711-1a-010/id-4,196168,2026-08-09T16:47:32+00:00
Patek Philippe,Nautilus / Blue,5711/1A-010,,130290.0,USD,asking,2025-11-26,,,Steel,40.0,Automatic,Blue,PREOWNED,Bezel,bezel,marketplace,https://shop.getbezel.com/watches/patek-philippe/nautilus-blue/ref-5711-1a-010/id-4,223309,2026-08-09T16:47:32+00:00
Patek Philippe,Nautilus / Blue,5711/1A-010,,149480.0,USD,asking,2025-11-26,,,Steel,40.0,Automatic,Blue,PREOWNED,Bezel,bezel,marketplace,https://shop.getbezel.com/watches/patek-philippe/nautilus-blue/ref-5711-1a-010/id-4,223473,2026-08-09T16:47:32+00:00
Patek Philippe,Nautilus / Blue,5711/1A-010,,159770.0,USD,asking,2025-12-16,,,Steel,40.0,Automatic,Blue,PREOWNED,Bezel,bezel,marketplace,https://shop.getbezel.com/watches/patek-philippe/nautilus-blue/ref-5711-1a-010/id-4,230265,2026-08-09T16:47:32+00:00
Patek Philippe,Nautilus / Blue,5711/1A-010,,155200.0,USD,asking,2026-02-18,,,Steel,40.0,Automatic,Blue,PREOWNED,Bezel,bezel,marketplace,https://shop.getbezel.com/watches/patek-philippe/nautilus-blue/ref-5711-1a-010/id-4,250040,2026-08-09T16:47:32+00:00
Patek Philippe,Nautilus / White,5711/1A-011,,140050.0,USD,asking,2024-08-15,,,Steel,40.0,Automatic,White,PREOWNED,Bezel,bezel,marketplace,https://shop.getbezel.com/watches/patek-philippe/nautilus-white/ref-5711-1a-011/id-5,106628,2026-08-09T16:47:32+00:00
Patek Philippe,Nautilus / White,5711/1A-011,,108575.0,USD,asking,2025-06-11,,,Steel,40.0,Automatic,White,PREOWNED,Bezel,bezel,marketplace,https://shop.getbezel.com/watches/patek-philippe/nautilus-white/ref-5711-1a-011/id-5,175826,2026-08-09T16:47:32+00:00
Patek Philippe,Nautilus / White,5711/1A-011,,124775.0,USD,asking,2025-12-16,,,Steel,40.0,Automatic,White,PREOWNED,Bezel,bezel,marketplace,https://shop.getbezel.com/watches/patek-philippe/nautilus-white/ref-5711-1a-011/id-5,230089,2026-08-09T16:47:32+00:00
Patek Philippe,Nautilus / White,5711/1A-011,,131960.0,USD,asking,2026-02-17,,,Steel,40.0,Automatic,White,PREOWNED,Bezel,bezel,marketplace,https://shop.getbezel.com/watches/patek-philippe/nautilus-white/ref-5711-1a-011/id-5,249505,2026-08-09T16:47:32+00:00
Patek Philippe,Nautilus / White,5711/1A-011,,131070.0,USD,asking,2026-03-10,,,Steel,40.0,Automatic,White,PREOWNED,Bezel,bezel,marketplace,https://shop.getbezel.com/watches/patek-philippe/nautilus-white/ref-5711-1a-011/id-5,257833,2026-08-09T16:47:32+00:00
Patek Philippe,Nautilus / White,5711/1A-011,,130000.0,USD,asking,2026-06-18,,,Steel,40.0,Automatic,White,PREOWNED,Bezel,bezel,marketplace,https://shop.getbezel.com/watches/patek-philippe/nautilus-white/ref-5711-1a-011/id-5,304610,2026-08-09T16:47:32+00:00
Patek Philippe,Nautilus Yellow Gold / White,5711J-001,,91380.0,USD,asking,2025-08-14,,,Yellow Gold,40.0,Automatic,Silvered,PREOWNED,Bezel,bezel,marketplace,https://shop.getbezel.com/watches/patek-philippe/nautilus-yellow-gold-white/ref-5711j-001/id-6,194056,2026-08-09T16:47:32+00:00
Patek Philippe,Nautilus Yellow Gold / White,5711J-001,,85200.0,USD,asking,2026-03-17,,,Yellow Gold,40.0,Automatic,Silvered,PREOWNED,Bezel,bezel,marketplace,https://shop.getbezel.com/watches/patek-philippe/nautilus-yellow-gold-white/ref-5711j-001/id-6,260788,2026-08-09T16:47:32+00:00
Patek Philippe,Nautilus Yellow Gold / White,5711J-001,,73705.0,USD,asking,2026-05-11,,,Yellow Gold,40.0,Automatic,Silvered,PREOWNED,Bezel,bezel,marketplace,https://shop.getbezel.com/watches/patek-philippe/nautilus-yellow-gold-white/ref-5711j-001/id-6,287014,2026-08-09T16:47:32+00:00
Patek Philippe,Nautilus Rose Gold / Brown,5711R-001,,107525.0,USD,asking,2026-07-13,,,Rose Gold,40.0,Automatic,Gray,PREOWNED,Bezel,bezel,marketplace,https://shop.getbezel.com/watches/patek-philippe/nautilus-rose-gold-brown/ref-5711r-001/id-7,316005,2026-08-09T16:47:32+00:00
Patek Philippe,Nautilus Rose Gold / Brown,5711/1R-001,,228800.0,USD,asking,2022-10-14,,,Rose Gold,40.0,Automatic,Brown,PREOWNED,Bezel,bezel,marketplace,https://shop.getbezel.com/watches/patek-philippe/nautilus-rose-gold-brown/ref-5711-1r-001/id-9,3296,2026-08-09T16:47:32+00:00
Patek Philippe,Nautilus Rose Gold / Brown,5711/1R-001,,198075.0,USD,asking,2024-08-15,,,Rose Gold,40.0,Automatic,Brown,PREOWNED,Bezel,bezel,marketplace,https://shop.getbezel.com/watches/patek-philippe/nautilus-rose-gold-brown/ref-5711-1r-001/id-9,106637,2026-08-09T16:47:32+00:00
Patek Philippe,Nautilus Rose Gold / Brown,5711/1R-001,,234535.0,USD,asking,2025-08-21,,,Rose Gold,40.0,Automatic,Brown,PREOWNED,Bezel,bezel,marketplace,https://shop.getbezel.com/watches/patek-philippe/nautilus-rose-gold-brown/ref-5711-1r-001/id-9,196062,2026-08-09T16:47:32+00:00
Patek Philippe,Nautilus Rose Gold / Brown,5711/1R-001,,393900.0,USD,asking,2025-11-25,,,Rose Gold,40.0,Automatic,Brown,PREOWNED,Bezel,bezel,marketplace,https://shop.getbezel.com/watches/patek-philippe/nautilus-rose-gold-brown/ref-5711-1r-001/id-9,222932,2026-08-09T16:47:32+00:00
Patek Philippe,Nautilus Rose Gold / Brown,5711/1R-001,,203910.0,USD,asking,2025-11-25,,,Rose Gold,40.0,Automatic,Brown,PREOWNED,Bezel,bezel,marketplace,https://shop.getbezel.com/watches/patek-philippe/nautilus-rose-gold-brown/ref-5711-1r-001/id-9,223036,2026-08-09T16:47:32+00:00
Patek Philippe,Nautilus Rose Gold / Brown,5711/1R-001,,194850.0,USD,asking,2025-12-16,,,Rose Gold,40.0,Automatic,Brown,UNWORN,Bezel,bezel,marketplace,https://shop.getbezel.com/watches/patek-philippe/nautilus-rose-gold-brown/ref-5711-1r-001/id-9,230110,2026-08-09T16:47:32+00:00
Patek Philippe,Nautilus Rose Gold / Brown,5711/1R-001,,216140.0,USD,asking,2026-01-29,,,Rose Gold,40.0,Automatic,Brown,PREOWNED,Bezel,bezel,marketplace,https://shop.getbezel.com/watches/patek-philippe/nautilus-rose-gold-brown/ref-5711-1r-001/id-9,242965,2026-08-09T16:47:32+00:00
Patek Philippe,Nautilus Rose Gold / Brown,5711/1R-001,,193380.0,USD,asking,2026-03-05,,,Rose Gold,40.0,Automatic,Brown,PREOWNED,Bezel,bezel,marketplace,https://shop.getbezel.com/watches/patek-philippe/nautilus-rose-gold-brown/ref-5711-1r-001/id-9,255743,2026-08-09T16:47:32+00:00
Patek Philippe,Nautilus 40th Anniversary Platinum - Limited Edition,5711/1P-001 40th,,649770.0,USD,asking,2026-07-20,,,Platinum,40.0,Automatic,Blue,UNWORN,Bezel,bezel,marketplace,https://shop.getbezel.com/watches/patek-philippe/nautilus-40th-anniversary-platinum---limited-edition/ref-5711-1p-001-40th/id-10,319369,2026-08-09T16:47:32+00:00
Patek Philippe,Nautilus 40th Anniversary Platinum - Limited Edition,5711/1P-001 40th,,550740.0,USD,asking,2026-07-22,,,Platinum,40.0,Automatic,Blue,PREOWNED,Bezel,bezel,marketplace,https://shop.getbezel.com/watches/patek-philippe/nautilus-40th-anniversary-platinum---limited-edition/ref-5711-1p-001-40th/id-10,320618,2026-08-09T16:47:32+00:00
Patek Philippe,Nautilus Platinum / Blue,5711/1P,,461420.0,USD,asking,2024-08-15,,,Platinum,40.0,Automatic,Blue,PREOWNED,Bezel,bezel,marketplace,https://shop.getbezel.com/watches/patek-philippe/nautilus-platinum-blue/ref-5711-1p/id-11,106727,2026-08-09T16:47:32+00:00
Patek Philippe,Nautilus Moon Phase Power Reserve / Blue,5712/1A-001,,143400.0,USD,asking,2025-04-12,,,Steel,40.0,Automatic,Blue,PREOWNED,Bezel,bezel,marketplace,https://shop.getbezel.com/watches/patek-philippe/nautilus-moon-phase-power-reserve-blue/ref-5712-1a-001/id-12,161374,2026-08-09T16:47:32+00:00
Patek Philippe,Nautilus Moon Phase Power Reserve / Blue,5712/1A-001,,125000.0,USD,asking,2025-05-12,,,Steel,40.0,Automatic,Blue,PREOWNED,Bezel,bezel,marketplace,https://shop.getbezel.com/watches/patek-philippe/nautilus-moon-phase-power-reserve-blue/ref-5712-1a-001/id-12,168408,2026-08-09T16:47:32+00:00
Patek Philippe,Nautilus Moon Phase Power Reserve / Blue,5712/1A-001,,149520.0,USD,asking,2025-05-15,,,Steel,40.0,Automatic,Blue,PREOWNED,Bezel,bezel,marketplace,https://shop.getbezel.com/watches/patek-philippe/nautilus-moon-phase-power-reserve-blue/ref-5712-1a-001/id-12,169212,2026-08-09T16:47:32+00:00
Patek Philippe,Nautilus Moon Phase Power Reserve / Blue,5712/1A-001,,162060.0,USD,asking,2025-08-22,,,Steel,40.0,Automatic,Blue,PREOWNED,Bezel,bezel,marketplace,https://shop.getbezel.com/watches/patek-philippe/nautilus-moon-phase-power-reserve-blue/ref-5712-1a-001/id-12,196653,2026-08-09T16:47:32+00:00
Patek Philippe,Nautilus Moon Phase Power Reserve / Blue,5712/1A-001,,150485.0,USD,asking,2025-08-28,,,Steel,40.0,Automatic,Blue,PREOWNED,Bezel,bezel,marketplace,https://shop.getbezel.com/watches/patek-philippe/nautilus-moon-phase-power-reserve-blue/ref-5712-1a-001/id-12,198755,2026-08-09T16:47:32+00:00
Patek Philippe,Nautilus Moon Phase Power Reserve / Blue,5712/1A-001,,125685.0,USD,asking,2025-10-16,,,Steel,40.0,Automatic,Blue,PREOWNED,Bezel,bezel,marketplace,https://shop.getbezel.com/watches/patek-philippe/nautilus-moon-phase-power-reserve-blue/ref-5712-1a-001/id-12,210961,2026-08-09T16:47:32+00:00
Patek Philippe,Nautilus Moon Phase Power Reserve / Blue,5712/1A-001,,172525.0,USD,asking,2025-10-30,,,Steel,40.0,Automatic,Blue,PREOWNED,Bezel,bezel,marketplace,https://shop.getbezel.com/watches/patek-philippe/nautilus-moon-phase-power-reserve-blue/ref-5712-1a-001/id-12,214665,2026-08-09T16:47:32+00:00
Patek Philippe,Nautilus Moon Phase Power Reserve / Blue,5712/1A-001,,139020.0,USD,asking,2025-12-15,,,Steel,40.0,Automatic,Blue,PREOWNED,Bezel,bezel,marketplace,https://shop.getbezel.com/watches/patek-philippe/nautilus-moon-phase-power-reserve-blue/ref-5712-1a-001/id-12,229446,2026-08-09T16:47:32+00:00
Patek Philippe,Nautilus Moon Phase White Gold Power Reserve / Gray,5712G-001,,93330.0,USD,asking,2025-04-12,,,White Gold,40.0,Automatic,Gray,PREOWNED,Bezel,bezel,marketplace,https://shop.getbezel.com/watches/patek-philippe/nautilus-moon-phase-white-gold-power-reserve-gray/ref-5712g-001/id-13,161434,2026-08-09T16:47:32+00:00
Patek Philippe,Nautilus Moon Phase White Gold Power Reserve / Gray,5712G-001,,99985.0,USD,asking,2025-05-13,,,White Gold,40.0,Automatic,Gray,PREOWNED,Bezel,bezel,marketplace,https://shop.getbezel.com/watches/patek-philippe/nautilus-moon-phase-white-gold-power-reserve-gray/ref-5712g-001/id-13,168827,2026-08-09T16:47:32+00:00
Patek Philippe,Nautilus Moon Phase White Gold Power Reserve / Gray,5712G-001,,82315.0,USD,asking,2025-06-11,,,White Gold,40.0,Automatic,Gray,PREOWNED,Bezel,bezel,marketplace,https://shop.getbezel.com/watches/patek-philippe/nautilus-moon-phase-white-gold-power-reserve-gray/ref-5712g-001/id-13,175823,2026-08-09T16:47:32+00:00
Patek Philippe,Nautilus Moon Phase White Gold Power Reserve / Gray,5712G-001,,106500.0,USD,asking,2025-06-27,,,White Gold,40.0,Automatic,Gray,PREOWNED,Bezel,bezel,marketplace,https://shop.getbezel.com/watches/patek-philippe/nautilus-moon-phase-white-gold-power-reserve-gray/ref-5712g-001/id-13,180478,2026-08-09T16:47:32+00:00
Patek Philippe,Nautilus Moon Phase White Gold Power Reserve / Gray,5712G-001,,106620.0,USD,asking,2025-08-21,,,White Gold,40.0,Automatic,Gray,PREOWNED,Bezel,bezel,marketplace,https://shop.getbezel.com/watches/patek-philippe/nautilus-moon-phase-white-gold-power-reserve-gray/ref-5712g-001/id-13,196004,2026-08-09T16:47:32+00:00
Patek Philippe,Nautilus Moon Phase White Gold Power Reserve / Gray,5712G-001,,85000.0,USD,asking,2025-09-08,,,White Gold,40.0,Automatic,Gray,PREOWNED,Bezel,bezel,marketplace,https://shop.getbezel.com/watches/patek-philippe/nautilus-moon-phase-white-gold-power-reserve-gray/ref-5712g-001/id-13,201309,2026-08-09T16:47:32+00:00
Patek Philippe,Nautilus Moon Phase White Gold Power Reserve / Gray,5712G-001,,100360.0,USD,asking,2025-10-30,,,White Gold,40.0,Automatic,Gray,PREOWNED,Bezel,bezel,marketplace,https://shop.getbezel.com/watches/patek-philippe/nautilus-moon-phase-white-gold-power-reserve-gray/ref-5712g-001/id-13,214468,2026-08-09T16:47:32+00:00
Patek Philippe,Nautilus Moon Phase White Gold Power Reserve / Gray,5712G-001,,92315.0,USD,asking,2025-11-24,,,White Gold,40.0,Automatic,Gray,PREOWNED,Bezel,bezel,marketplace,https://shop.getbezel.com/watches/patek-philippe/nautilus-moon-phase-white-gold-power-reserve-gray/ref-5712g-001/id-13,222389,2026-08-09T16:47:32+00:00
Patek Philippe,Nautilus Moon Phase Rose Gold Power Reserve / Brown,5712R-001,,126245.0,USD,asking,2022-05-24,,,Rose Gold,40.0,Automatic,Black/Brown,PREOWNED,Bezel,bezel,marketplace,https://shop.getbezel.com/watches/patek-philippe/nautilus-moon-phase-rose-gold-power-reserve-brown/ref-5712r-001/id-14,971,2026-08-09T16:47:32+00:00
Patek Philippe,Nautilus Moon Phase Rose Gold Power Reserve / Brown,5712R-001,,130570.0,USD,asking,2024-08-15,,,Rose Gold,40.0,Automatic,Black/Brown,PREOWNED,Bezel,bezel,marketplace,https://shop.getbezel.com/watches/patek-philippe/nautilus-moon-phase-rose-gold-power-reserve-brown/ref-5712r-001/id-14,106547,2026-08-09T16:47:32+00:00
Patek Philippe,Nautilus Moon Phase Rose Gold Power Reserve / Brown,5712R-001,,151875.0,USD,asking,2025-08-21,,,Rose Gold,40.0,Automatic,Black/Brown,PREOWNED,Bezel,bezel,marketplace,https://shop.getbezel.com/watches/patek-philippe/nautilus-moon-phase-rose-gold-power-reserve-brown/ref-5712r-001/id-14,196021,2026-08-09T16:47:32+00:00
Patek Philippe,Nautilus Moon Phase Rose Gold Power Reserve / Brown,5712R-001,,196950.0,USD,asking,2025-10-02,,,Rose Gold,40.0,Automatic,Black/Brown,PREOWNED,Bezel,bezel,marketplace,https://shop.getbezel.com/watches/patek-philippe/nautilus-moon-phase-rose-gold-power-reserve-brown/ref-5712r-001/id-14,207444,2026-08-09T16:47:32+00:00
Patek Philippe,Nautilus Moon Phase Rose Gold Power Reserve / Brown,5712R-001,,120190.0,USD,asking,2025-11-24,,,Rose Gold,40.0,Automatic,Black/Brown,PREOWNED,Bezel,bezel,marketplace,https://shop.getbezel.com/watches/patek-philippe/nautilus-moon-phase-rose-gold-power-reserve-brown/ref-5712r-001/id-14,221858,2026-08-09T16:47:32+00:00
Patek Philippe,Nautilus Moon Phase Rose Gold Power Reserve / Brown,5712R-001,,145440.0,USD,asking,2025-11-24,,,Rose Gold,40.0,Automatic,Black/Brown,PREOWNED,Bezel,bezel,marketplace,https://shop.getbezel.com/watches/patek-philippe/nautilus-moon-phase-rose-gold-power-reserve-brown/ref-5712r-001/id-14,222124,2026-08-09T16:47:32+00:00
Patek Philippe,Nautilus Moon Phase Rose Gold Power Reserve / Brown,5712R-001,,128270.0,USD,asking,2025-11-26,,,Rose Gold,40.0,Automatic,Black/Brown,PREOWNED,Bezel,bezel,marketplace,https://shop.getbezel.com/watches/patek-philippe/nautilus-moon-phase-rose-gold-power-reserve-brown/ref-5712r-001/id-14,223435,2026-08-09T16:47:32+00:00
Patek Philippe,Nautilus Moon Phase Rose Gold Power Reserve / Brown,5712R-001,,116500.0,USD,asking,2026-01-06,,,Rose Gold,40.0,Automatic,Black/Brown,PREOWNED,Bezel,bezel,marketplace,https://shop.getbezel.com/watches/patek-philippe/nautilus-moon-phase-rose-gold-power-reserve-brown/ref-5712r-001/id-14,235040,2026-08-09T16:47:32+00:00
Patek Philippe,Nautilus Moon Phase Power Reserve Two-Tone / Gray,5712GR-001,,131295.0,USD,asking,2025-06-25,,,White Gold,40.0,Automatic,Gray,PREOWNED,Bezel,bezel,marketplace,https://shop.getbezel.com/watches/patek-philippe/nautilus-moon-phase-power-reserve-two-tone-gray/ref-5712gr-001/id-15,179821,2026-08-09T16:47:32+00:00
Patek Philippe,Nautilus Chronograph / Blue,5980/1A-001,,107620.0,USD,asking,2024-02-21,,,Steel,40.5,Automatic,Blue,PREOWNED,Bezel,bezel,marketplace,https://shop.getbezel.com/watches/patek-philippe/nautilus-chronograph-blue/ref-5980-1a-001/id-17,72050,2026-08-09T16:47:32+00:00
Patek Philippe,Nautilus Chronograph / Blue,5980/1A-001,,123625.0,USD,asking,2025-04-13,,,Steel,40.5,Automatic,Blue,PREOWNED,Bezel,bezel,marketplace,https://shop.getbezel.com/watches/patek-philippe/nautilus-chronograph-blue/ref-5980-1a-001/id-17,161696,2026-08-09T16:47:32+00:00
Patek Philippe,Nautilus Chronograph / Blue,5980/1A-001,,123760.0,USD,asking,2025-05-20,,,Steel,40.5,Automatic,Blue,PREOWNED,Bezel,bezel,marketplace,https://shop.getbezel.com/watches/patek-philippe/nautilus-chronograph-blue/ref-5980-1a-001/id-17,170318,2026-08-09T16:47:32+00:00
Patek Philippe,Nautilus Chronograph / Blue,5980/1A-001,,123585.0,USD,asking,2025-07-22,,,Steel,40.5,Automatic,Blue,PREOWNED,Bezel,bezel,marketplace,https://shop.getbezel.com/watches/patek-philippe/nautilus-chronograph-blue/ref-5980-1a-001/id-17,186523,2026-08-09T16:47:32+00:00
Patek Philippe,Nautilus Chronograph / Blue,5980/1A-001,,117150.0,USD,asking,2025-07-30,,,Steel,40.5,Automatic,Blue,PREOWNED,Bezel,bezel,marketplace,https://shop.getbezel.com/watches/patek-philippe/nautilus-chronograph-blue/ref-5980-1a-001/id-17,189070,2026-08-09T16:47:32+00:00
Patek Philippe,Nautilus Chronograph / Blue,5980/1A-001,,150485.0,USD,asking,2025-10-06,,,Steel,40.5,Automatic,Blue,PREOWNED,Bezel,bezel,marketplace,https://shop.getbezel.com/watches/patek-philippe/nautilus-chronograph-blue/ref-5980-1a-001/id-17,208494,2026-08-09T16:47:32+00:00
Patek Philippe,Nautilus Chronograph / Blue,5980/1A-001,,109995.0,USD,asking,2025-12-17,,,Steel,40.5,Automatic,Blue,PREOWNED,Bezel,bezel,marketplace,https://shop.getbezel.com/watches/patek-philippe/nautilus-chronograph-blue/ref-5980-1a-001/id-17,230823,2026-08-09T16:47:32+00:00
Patek Philippe,Nautilus Chronograph / Blue,5980/1A-001,,112950.0,USD,asking,2026-02-03,,,Steel,40.5,Automatic,Blue,PREOWNED,Bezel,bezel,marketplace,https://shop.getbezel.com/watches/patek-philippe/nautilus-chronograph-blue/ref-5980-1a-001/id-17,244527,2026-08-09T16:47:32+00:00
Patek Philippe,Nautilus Chronograph / Gray,5980/1A-014,,100495.0,USD,asking,2025-06-11,,,Steel,40.5,Automatic,Gray,PREOWNED,Bezel,bezel,marketplace,https://shop.getbezel.com/watches/patek-philippe/nautilus-chronograph-gray/ref-5980-1a-014/id-18,175811,2026-08-09T16:47:32+00:00
Patek Philippe,Nautilus Chronograph / Gray,5980/1A-014,,116145.0,USD,asking,2025-08-21,,,Steel,40.5,Automatic,Gray,PREOWNED,Bezel,bezel,marketplace,https://shop.getbezel.com/watches/patek-philippe/nautilus-chronograph-gray/ref-5980-1a-014/id-18,196572,2026-08-09T16:47:32+00:00
Patek Philippe,Nautilus Chronograph / Gray,5980/1A-014,,123625.0,USD,asking,2025-10-15,,,Steel,40.5,Automatic,Gray,PREOWNED,Bezel,bezel,marketplace,https://shop.getbezel.com/watches/patek-philippe/nautilus-chronograph-gray/ref-5980-1a-014/id-18,210632,2026-08-09T16:47:32+00:00
Patek Philippe,Nautilus Chronograph / Gray,5980/1A-014,,104335.0,USD,asking,2025-11-24,,,Steel,40.5,Automatic,Gray,PREOWNED,Bezel,bezel,marketplace,https://shop.getbezel.com/watches/patek-philippe/nautilus-chronograph-gray/ref-5980-1a-014/id-18,221955,2026-08-09T16:47:32+00:00
Patek Philippe,Nautilus Chronograph / Gray,5980/1A-014,,112945.0,USD,asking,2025-12-04,,,Steel,40.5,Automatic,Gray,PREOWNED,Bezel,bezel,marketplace,https://shop.getbezel.com/watches/patek-philippe/nautilus-chronograph-gray/ref-5980-1a-014/id-18,226267,2026-08-09T16:47:32+00:00
Patek Philippe,Nautilus Chronograph / Gray,5980/1A-014,,108715.0,USD,asking,2026-03-17,,,Steel,40.5,Automatic,Gray,PREOWNED,Bezel,bezel,marketplace,https://shop.getbezel.com/watches/patek-philippe/nautilus-chronograph-gray/ref-5980-1a-014/id-18,261220,2026-08-09T16:47:32+00:00
Patek Philippe,Nautilus Chronograph Rose Gold / Brown,5980R-001,,138365.0,USD,asking,2025-07-07,,,Rose Gold,40.5,Automatic,Brown,PREOWNED,Bezel,bezel,marketplace,https://shop.getbezel.com/watches/patek-philippe/nautilus-chronograph-rose-gold-brown/ref-5980r-001/id-19,182639,2026-08-09T16:47:32+00:00
Patek Philippe,Nautilus Chronograph Rose Gold / Brown,5980R-001,,138365.0,USD,asking,2025-07-07,,,Rose Gold,40.5,Automatic,Brown,PREOWNED,Bezel,bezel,marketplace,https://shop.getbezel.com/watches/patek-philippe/nautilus-chronograph-rose-gold-brown/ref-5980r-001/id-19,182641,2026-08-09T16:47:32+00:00
Patek Philippe,Nautilus Chronograph Rose Gold / Brown,5980R-001,,138365.0,USD,asking,2025-07-07,,,Rose Gold,40.5,Automatic,Brown,PREOWNED,Bezel,bezel,marketplace,https://shop.getbezel.com/watches/patek-philippe/nautilus-chronograph-rose-gold-brown/ref-5980r-001/id-19,182644,2026-08-09T16:47:32+00:00
Patek Philippe,Nautilus Chronograph Rose Gold / Brown,5980R-001,,138365.0,USD,asking,2025-07-08,,,Rose Gold,40.5,Automatic,Brown,PREOWNED,Bezel,bezel,marketplace,https://shop.getbezel.com/watches/patek-philippe/nautilus-chronograph-rose-gold-brown/ref-5980r-001/id-19,182925,2026-08-09T16:47:32+00:00
Patek Philippe,Nautilus Chronograph Rose Gold / Brown,5980R-001,,156435.0,USD,asking,2025-08-21,,,Rose Gold,40.5,Automatic,Brown,PREOWNED,Bezel,bezel,marketplace,https://shop.getbezel.com/watches/patek-philippe/nautilus-chronograph-rose-gold-brown/ref-5980r-001/id-19,196189,2026-08-09T16:47:32+00:00
Patek Philippe,Nautilus Chronograph Rose Gold / Brown,5980R-001,,138925.0,USD,asking,2025-10-15,,,Rose Gold,40.5,Automatic,Brown,PREOWNED,Bezel,bezel,marketplace,https://shop.getbezel.com/watches/patek-philippe/nautilus-chronograph-rose-gold-brown/ref-5980r-001/id-19,210638,2026-08-09T16:47:32+00:00
Patek Philippe,Nautilus Chronograph Rose Gold / Brown,5980R-001,,145745.0,USD,asking,2025-11-28,,,Rose Gold,40.5,Automatic,Brown,PREOWNED,Bezel,bezel,marketplace,https://shop.getbezel.com/watches/patek-philippe/nautilus-chronograph-rose-gold-brown/ref-5980r-001/id-19,224407,2026-08-09T16:47:32+00:00
Patek Philippe,Nautilus Chronograph Rose Gold / Brown,5980R-001,,135365.0,USD,asking,2026-01-05,,,Rose Gold,40.5,Automatic,Brown,PREOWNED,Bezel,bezel,marketplace,https://shop.getbezel.com/watches/patek-philippe/nautilus-chronograph-rose-gold-brown/ref-5980r-001/id-19,234769,2026-08-09T16:47:32+00:00
Patek Philippe,Nautilus Chronograph Rose Gold / Black,5980/1R-001,,214955.0,USD,asking,2024-08-15,,,Rose Gold,40.5,Automatic,Black,PREOWNED,Bezel,bezel,marketplace,https://shop.getbezel.com/watches/patek-philippe/nautilus-chronograph-rose-gold-black/ref-5980-1r-001/id-20,106531,2026-08-09T16:47:32+00:00
Patek Philippe,Nautilus Chronograph Rose Gold / Black,5980/1R-001,,295380.0,USD,asking,2025-04-13,,,Rose Gold,40.5,Automatic,Black,UNWORN,Bezel,bezel,marketplace,https://shop.getbezel.com/watches/patek-philippe/nautilus-chronograph-rose-gold-black/ref-5980-1r-001/id-20,161650,2026-08-09T16:47:32+00:00
Patek Philippe,Nautilus Chronograph Rose Gold / Black,5980/1R-001,,227245.0,USD,asking,2025-07-07,,,Rose Gold,40.5,Automatic,Black,PREOWNED,Bezel,bezel,marketplace,https://shop.getbezel.com/watches/patek-philippe/nautilus-chronograph-rose-gold-black/ref-5980-1r-001/id-20,182673,2026-08-09T16:47:32+00:00
Patek Philippe,Nautilus Chronograph Rose Gold / Black,5980/1R-001,,242550.0,USD,asking,2025-07-18,,,Rose Gold,40.5,Automatic,Black,PREOWNED,Bezel,bezel,marketplace,https://shop.getbezel.com/watches/patek-philippe/nautilus-chronograph-rose-gold-black/ref-5980-1r-001/id-20,185750,2026-08-09T16:47:32+00:00
Patek Philippe,Nautilus Chronograph Rose Gold / Black,5980/1R-001,,257720.0,USD,asking,2025-08-21,,,Rose Gold,40.5,Automatic,Black,PREOWNED,Bezel,bezel,marketplace,https://shop.getbezel.com/watches/patek-philippe/nautilus-chronograph-rose-gold-black/ref-5980-1r-001/id-20,196084,2026-08-09T16:47:32+00:00
Patek Philippe,Nautilus Chronograph Rose Gold / Black,5980/1R-001,,249840.0,USD,asking,2025-08-21,,,Rose Gold,40.5,Automatic,Black,PREOWNED,Bezel,bezel,marketplace,https://shop.getbezel.com/watches/patek-philippe/nautilus-chronograph-rose-gold-black/ref-5980-1r-001/id-20,196525,2026-08-09T16:47:32+00:00
Patek Philippe,Nautilus Chronograph Rose Gold / Black,5980/1R-001,,217150.0,USD,asking,2025-11-25,,,Rose Gold,40.5,Automatic,Black,PREOWNED,Bezel,bezel,marketplace,https://shop.getbezel.com/watches/patek-philippe/nautilus-chronograph-rose-gold-black/ref-5980-1r-001/id-20,222662,2026-08-09T16:47:32+00:00
Patek Philippe,Nautilus Chronograph Rose Gold / Black,5980/1R-001,,221265.0,USD,asking,2025-12-05,,,Rose Gold,40.5,Automatic,Black,PREOWNED,Bezel,bezel,marketplace,https://shop.getbezel.com/watches/patek-philippe/nautilus-chronograph-rose-gold-black/ref-5980-1r-001/id-20,226544,2026-08-09T16:47:32+00:00
Rolex,,,,11495.0,USD,asking,,,,,,,,,,watchrecon,community,https://www.watchrecon.com/?q=rolex&page=1,,2026-08-09T16:47:32+00:00
Rolex,,,,19995.0,USD,asking,,,,,,,,,,watchrecon,community,https://www.watchrecon.com/?q=rolex&page=1,,2026-08-09T16:47:32+00:00
Rolex,,,,19995.0,USD,asking,,,,,,,,,,watchrecon,community,https://www.watchrecon.com/?q=rolex&page=1,,2026-08-09T16:47:32+00:00
Rolex,,,,26995.0,USD,asking,,,,,,,,,,watchrecon,community,https://www.watchrecon.com/?q=rolex&page=1,,2026-08-09T16:47:32+00:00
Rolex,,,,16795.0,USD,asking,,,,,,,,,,watchrecon,community,https://www.watchrecon.com/?q=rolex&page=1,,2026-08-09T16:47:32+00:00
Rolex,,,,14995.0,USD,asking,,,,,,,,,,watchrecon,community,https://www.watchrecon.com/?q=rolex&page=1,,2026-08-09T16:47:32+00:00
,,,,1200.0,USD,asking,,,,,,,,,,watchrecon,community,https://www.watchrecon.com/?q=rolex&page=1,,2026-08-09T16:47:32+00:00
,,,,140.0,USD,asking,,,,,,,,,,watchrecon,community,https://www.watchrecon.com/?q=rolex&page=1,,2026-08-09T16:47:32+00:00
,,,,1100.0,USD,asking,,,,,,,,,,watchrecon,community,https://www.watchrecon.com/?q=rolex&page=1,,2026-08-09T16:47:32+00:00
,,,,2400.0,USD,asking,,,,,,,,,,watchrecon,community,https://www.watchrecon.com/?q=rolex&page=1,,2026-08-09T16:47:32+00:00
,,,,1150.0,USD,asking,,,,,,,,,,watchrecon,community,https://www.watchrecon.com/?q=rolex&page=1,,2026-08-09T16:47:32+00:00
,,,,8400.0,USD,asking,,,,,,,,,,watchrecon,community,https://www.watchrecon.com/?q=rolex&page=1,,2026-08-09T16:47:32+00:00
,,,,700.0,USD,asking,,,,,,,,,,watchrecon,community,https://www.watchrecon.com/?q=rolex&page=1,,2026-08-09T16:47:32+00:00
,,,,1550.0,USD,asking,,,,,,,,,,watchrecon,community,https://www.watchrecon.com/?q=rolex&page=1,,2026-08-09T16:47:32+00:00
,,,,900.0,USD,asking,,,,,,,,,,watchrecon,community,https://www.watchrecon.com/?q=rolex&page=1,,2026-08-09T16:47:32+00:00
,,,,325.0,USD,asking,,,,,,,,,,watchrecon,community,https://www.watchrecon.com/?q=rolex&page=1,,2026-08-09T16:47:32+00:00
,,,,500.0,USD,asking,,,,,,,,,,watchrecon,community,https://www.watchrecon.com/?q=rolex&page=1,,2026-08-09T16:47:32+00:00
,,,,7400.0,USD,asking,,,,,,,,,,watchrecon,community,https://www.watchrecon.com/?q=rolex&page=1,,2026-08-09T16:47:32+00:00
Damasko,,,,95.0,USD,asking,2026-08-09,,,,,,,,AustinOX,watchrecon,community,https://www.watchuseek.com/threads/damasko-20mm-links-and-tool.5685030/,7844283,2026-08-09T16:51:16+00:00
Seiko,,,,65.0,USD,asking,2026-08-09,,,,,,,,AustinOX,watchrecon,community,https://www.watchuseek.com/threads/new-grand-seiko-19mm-bracelet-links-aa1b1jlk-65-ea.5685028/,7844282,2026-08-09T16:51:16+00:00
Hanhart,,,,975.0,USD,asking,2026-08-09,,,,,,,,HikewithmeNYC,watchrecon,community,https://www.reddit.com/r/Watchexchange/comments/1vjujy9/wts_hanhart_pioneer_one_limited_edition_007150/,7844281,2026-08-09T16:51:16+00:00
Ulysse Nardin,,,,5250.0,USD,asking,2026-08-09,,,,,,,,KatoDynasty,watchrecon,community,https://www.reddit.com/r/Watchexchange/comments/1vjueuf/wts_ulysse_nardin_marine_chronometer_45mm/,7844280,2026-08-09T16:51:16+00:00
,,,,120.0,USD,asking,2026-08-09,,,,,,,,Individual_Role9950,watchrecon,community,https://www.reddit.com/r/Watchexchange/comments/1vjucgp/wts_forstner_bracelet/,7844278,2026-08-09T16:51:16+00:00
Omega,,,,15450.0,USD,asking,2026-08-09,,,,,,,,sjohn97,watchrecon,community,https://www.watchuseek.com/threads/omega-speedmaster-%E2%80%9Ced-white%E2%80%9C-cal-321-ref-311-30-40-30-01-001-immaculate-2023-complete-set-w-receipt.5685027/,7844276,2026-08-09T16:51:16+00:00
Cartier,,,,12800.0,USD,asking,2026-08-09,,,,,,,,sjohn97,watchrecon,community,https://www.watchuseek.com/threads/cartier-tank-am%C3%A9ricaine-small-18k-white-gold-ref-w26019l1-excellent-unpolished-condition-%E2%80%A2-circa-1990s.5684741/,7842368,2026-08-09T16:51:16+00:00
Rolex,,,,11495.0,USD,asking,2026-08-09,,,,,,,,Watchexplorer280 followers,watchrecon,community,https://www.watchuseek.com/threads/fs-rolex-216570-explorer-ii-white-polar-42mm-watch.5685025/,7844274,2026-08-09T16:51:16+00:00
Rolex,,,,19995.0,USD,asking,2026-08-09,,,,,,,,Watchexplorer280 followers,watchrecon,community,https://www.watchuseek.com/threads/fs-rolex-126613-submariner-watch-18k-ss-41mm-blue.5685023/,7790970,2026-08-09T16:51:16+00:00
Rolex,,,,19995.0,USD,asking,2026-08-09,,,,,,,,Watchexplorer280 followers,watchrecon,community,https://www.watchuseek.com/threads/fs-rolex-126720vtnr-gmt-master-ii-left-handed-sprite-nib.5685022/,7838632,2026-08-09T16:51:16+00:00
Rolex,,,,26995.0,USD,asking,2026-08-09,,,,,,,,Watchexplorer280 followers,watchrecon,community,https://www.watchuseek.com/threads/fs-rolex-116520-daytona-cosmograph-watch-black-dial.5685021/,7838631,2026-08-09T16:51:16+00:00
Nomos,,,,3400.0,USD,asking,2026-08-09,,,,,,,,HikewithmeNYC,watchrecon,community,https://www.reddit.com/r/Watchexchange/comments/1vjucjx/wts_nomos_glashütte_ahoi_neomatik_38_date_sky_ref/,7844279,2026-08-09T16:51:16+00:00
Rolex,,,,16795.0,USD,asking,2026-08-09,,,,,,,,Watchexplorer280 followers,watchrecon,community,https://www.watchuseek.com/threads/fs-rolex-279173-datejust-ladies-watch-28mm-nib.5685020/,7844270,2026-08-09T16:51:16+00:00
Rolex,,,,14995.0,USD,asking,2026-08-09,,,,,,,,Watchexplorer280 followers,watchrecon,community,https://www.watchuseek.com/threads/fs-rolex-126301-datejust-41-18k-ss-with-wimbledon-dial.5685018/,7844269,2026-08-09T16:51:16+00:00
,,,,7750.0,USD,asking,2026-08-09,,,,,,,,beanflavin,watchrecon,community,https://www.reddit.com/r/Watchexchange/comments/1vju9u5/wts_glashütte_original_seaq_395mm_black_dial/,7844277,2026-08-09T16:51:16+00:00
Oris,,,,1999.0,USD,asking,2026-08-09,,,,,,,,Klutzy-Check8977,watchrecon,community,https://www.reddit.com/r/watch_swap/comments/1vju6iq/wts_oris_aquis_date_calibre_400_green_435mm/,7844268,2026-08-09T16:51:16+00:00
Casio,,,,90.0,USD,asking,2026-08-09,,,,,,,,CitizenDino,watchrecon,community,https://www.watchuseek.com/threads/casio-gd010-1-for-sale-or-trade.5683283/,7832672,2026-08-09T16:51:16+00:00
Laco,,,,1200.0,USD,asking,2026-08-09,,,,,,,,JeepGuy,watchrecon,community,https://www.watchuseek.com/threads/laco-memmingen-42mm-bronze-flieger-handwinder.5668812/,7746752,2026-08-09T16:51:16+00:00
,,,,140.0,USD,asking,2026-08-09,,,,,,,,elconquistador10 followers,watchrecon,community,https://www.watchuseek.com/threads/baltany-small-seconds-mcm-style-dress-watch.5637275/,7562218,2026-08-09T16:51:16+00:00
Oris,,,,1100.0,USD,asking,2026-08-09,,,,,,,,Atebit,watchrecon,community,https://www.watchuseek.com/threads/fso-oris-divers-suxty-five-%E2%80%9Cglow%E2%80%9D-01-733-7707-4053.5685026/,7844261,2026-08-09T16:51:16+00:00
Straton,,,,300.0,USD,asking,2026-08-09,,,,,,,,JeepGuy,watchrecon,community,https://www.watchuseek.com/threads/price-drop-straton-speciale-yellow-dial-chronograph.5666113/,7731975,2026-08-09T16:51:16+00:00
Tag Heuer,,,,2400.0,USD,asking,2026-08-09,,,,,,,,KWOJ1 follower,watchrecon,community,https://www.watchuseek.com/threads/tag-heuer-formula-1-chronograph-automatic-titanium-cheapest-on-the-web.5680769/,7816957,2026-08-09T16:51:16+00:00
Marathon,,,,1150.0,USD,asking,2026-08-09,,,,,,,,alexk1 follower,watchrecon,community,https://www.watchuseek.com/threads/marathon-gsar-automatic-diver.5679464/,7834267,2026-08-09T16:51:16+00:00
Hamilton,,,,800.0,USD,asking,2026-08-09,,,,,,,,aegarcia422 followers,watchrecon,community,https://www.watchuseek.com/threads/fs-updated-hamilton-khaki-field-murph-38-on-bracelet-and-an-artem-sailcloth-strap-freshly-serviced.5684395/,7841619,2026-08-09T16:51:16+00:00
Seiko,,,,8400.0,USD,asking,2026-08-09,,,,,,,,watchsk,watchrecon,community,https://www.watchuseek.com/threads/fs-grand-seiko-atera-blue-slga025-free-shipping-8400.5685024/,7844255,2026-08-09T16:51:16+00:00
Citizen,,,,700.0,USD,asking,2026-08-09,,,,,,,,AurelioS,watchrecon,community,https://www.watchuseek.com/threads/fs-lnib-citizen-attesa-eco-drive-satellite-gps-chronograph.5683655/,7835156,2026-08-09T16:51:16+00:00
Seiko,,,,1550.0,USD,asking,2026-08-09,,,,,,,,spiralarchitect,watchrecon,community,https://www.watchuseek.com/threads/seiko-sbbn051-35th-anniversary-tuna.5685019/,7844253,2026-08-09T16:51:16+00:00
Tag Heuer,,,,900.0,USD,asking,2026-08-09,,,,,,,,Bear1845,watchrecon,community,https://www.watchuseek.com/threads/tag-heuer-1500-professional-gmt-jumbo-40mm-white-dial-ref-159-006.5684116/,7838236,2026-08-09T16:51:16+00:00
Laco,,,,325.0,USD,asking,2026-08-09,,,,,,,,stoov,watchrecon,community,https://www.watchuseek.com/threads/price-drop-laco-aachen-2s-39mm.5683501/,7834110,2026-08-09T16:51:16+00:00
Longines,,,,1500.0,USD,asking,2026-08-09,,,,,,,,Throat_Both,watchrecon,community,https://www.reddit.com/r/Watchexchange/comments/1vjtzg1/wts_longines_master_collection_retrograde/,7844266,2026-08-09T16:51:16+00:00
Stowa,,,,500.0,USD,asking,2026-08-09,,,,,,,,RobC2,watchrecon,community,https://www.watchuseek.com/threads/stowa-flieger-verus-40-handwound.5685013/,7844250,2026-08-09T16:51:16+00:00
Jaeger-LeCoultre,,,,5700.0,USD,asking,2026-08-09,,,,,,,,JamesTheWatchGuy,watchrecon,community,https://www.reddit.com/r/Watchexchange/comments/1vjtx03/wts_jaegerlecoultre_polaris_ref_9068670/,7844265,2026-08-09T16:51:16+00:00
Longines,,,,1300.0,USD,asking,2026-08-09,,,,,,,,Throat_Both,watchrecon,community,https://www.reddit.com/r/Watchexchange/comments/1vjttik/wts_longines_admiral_gmt_chronograph/,7838639,2026-08-09T16:51:16+00:00
,,,,325.0,USD,asking,2026-08-09,,,,,,,,veeezy637,watchrecon,community,https://www.reddit.com/r/Watchexchange/comments/1vjttmf/wts_revelot_terra_38_frost_325/,7844249,2026-08-09T16:51:16+00:00
Hamilton,,,,650.0,USD,asking,2026-08-09,,,,,,,,worldroamer,watchrecon,community,https://www.reddit.com/r/Watchexchange/comments/1vjtr87/wts_hamilton_khaki_field_titanium_automatic_42mm/,7844246,2026-08-09T16:51:16+00:00
Tag Heuer,,,,999.0,USD,asking,2026-08-09,,,,,,,,Throat_Both,watchrecon,community,https://www.reddit.com/r/Watchexchange/comments/1vjts6z/wts_tag_heuer_calibre_5_daydate_stainless_steel/,7838668,2026-08-09T16:51:16+00:00
Blancpain,,,,13500.0,USD,asking,2026-08-09,,,,,,,,JamesTheWatchGuy,watchrecon,community,https://www.reddit.com/r/Watchexchange/comments/1vjtqxy/wts_blancpain_fiftyfathoms_titanium_blue_dial/,7844245,2026-08-09T16:51:16+00:00
Seiko,,,,99.0,USD,asking,2026-08-09,,,,,,,,Temporary-Gap9550,watchrecon,community,https://www.reddit.com/r/Watchexchange/comments/1vjtplh/wts_2x_new_oem_seiko_20mm_woven_straps_gray_and/,7844244,2026-08-09T16:51:16+00:00
"Rolex,Seiko",,,,200.0,USD,asking,2026-08-09,,,,,,,,Financial_Match_1420,watchrecon,community,https://www.reddit.com/r/Watchexchange/comments/1vjtlp8/wts_rolex_explorer_iistyle_seiko_mod/,7844243,2026-08-09T16:51:16+00:00
Casio,,,,275.0,USD,asking,2026-08-09,,,,,,,,Temporary-Gap9550,watchrecon,community,https://www.reddit.com/r/Watchexchange/comments/1vjtku3/wts_casio_gshock_mudman_gw9500tlc1_team_land/,7844242,2026-08-09T16:51:16+00:00
Seiko,,,,175.0,USD,asking,2026-08-09,,,,,,,,Temporary-Gap9550,watchrecon,community,https://www.reddit.com/r/Watchexchange/comments/1vjtgqr/wts_seiko_oem_bracelet_for_spb151_spb153_willard/,7844240,2026-08-09T16:51:16+00:00
Panerai,,,,7400.0,USD,asking,2026-08-09,,,,,,,,Levy037560 posts,watchrecon,community,http://forums.timezone.com/index.php?t=tree&goto=7808953&rid=0#msg_7808953,7805454,2026-08-09T16:51:16+00:00
Seiko,,,,465.0,USD,asking,2026-08-09,,,,,,,,ColibriJack,watchrecon,community,https://www.reddit.com/r/Watchexchange/comments/1vjtccj/wts_seiko_mini_turtle_srpc39j_price_reduced/,7844238,2026-08-09T16:51:16+00:00
,,,,2800.0,USD,asking,2026-08-09,,,,,,,,CueTrader,watchrecon,community,https://www.reddit.com/r/Watchexchange/comments/1vjt6xg/wts_formex_stradale_essence_41mm_skeleton/,7844236,2026-08-09T16:51:16+00:00
Rolex,,,,1990.0,USD,asking,2026-08-09,,,,,,,,baebiboo,watchrecon,community,https://www.reddit.com/r/Watchexchange/comments/1vjt7gu/wts_1966_rolex_oysterdate_precision_6694_black/,7844237,2026-08-09T16:51:16+00:00
Victorinox,,,,551.0,USD,asking,2026-08-09,,,,,,,,CaptainCant,watchrecon,community,https://www.reddit.com/r/Watchexchange/comments/1vjt5oi/wts_victorinox_swiss_army_infantry_vintage/,7844235,2026-08-09T16:51:16+00:00
Rolex,,,,15995.0,USD,asking,2026-08-09,,,,,,,,Watchexplorer280 followers,watchrecon,community,https://www.watchuseek.com/threads/fs-rolex-116613-submariner-watch-18k-ss-black-ceramic-dial.5685017/,7592065,2026-08-09T16:52:39+00:00
Rolex,,,,17495.0,USD,asking,2026-08-09,,,,,,,,Watchexplorer280 followers,watchrecon,community,https://www.watchuseek.com/threads/fs-rolex-116680-yachtmaster-ii-watch-44mm.5685016/,7523250,2026-08-09T16:52:39+00:00
Rolex,,,,13995.0,USD,asking,2026-08-09,,,,,,,,Watchexplorer280 followers,watchrecon,community,https://www.watchuseek.com/threads/fs-rolex-16613-submariner-watch-18k-ss-black-dial.5685014/,7844223,2026-08-09T16:52:39+00:00
Rolex,,,,41895.0,USD,asking,2026-08-09,,,,,,,,Watchexplorer280 followers,watchrecon,community,https://www.watchuseek.com/threads/fs-rolex-116509-daytona-cosmograph-watch-18k-black-racing-dial.5685012/,7136519,2026-08-09T16:52:39+00:00
Rolex,,,,10700.0,USD,asking,2026-08-09,,,,,,,,alexk1 follower,watchrecon,community,https://www.watchuseek.com/threads/rolex-datejust-126300-41mm-jubilee-azzurro-blue-dial-2024-full-set.5665081/,7733353,2026-08-09T16:52:39+00:00
Rolex,,,,17500.0,USD,asking,2026-08-09,,,,,,,,BurtReynolds,watchrecon,community,https://www.watchuseek.com/threads/fs-unworn-2020-ss-rolex-dj41-126334-blue-diamond-dial.5682650/,7828662,2026-08-09T16:52:39+00:00
Rolex,,,,3999.0,USD,asking,2026-08-09,,,,,,,,Pristine_Courage_535,watchrecon,community,https://www.reddit.com/r/Watchexchange/comments/1vjsf23/wts_rolex_datejust_16030_1979/,7837856,2026-08-09T16:52:39+00:00
Rolex,,,,53500.0,USD,asking,2026-08-09,,,,,,,,SolanaWatches,watchrecon,community,https://www.reddit.com/r/Watchexchange/comments/1vjsk7f/wts_rolex_day_date_rose_gold_w_chocolate_baguette/,7844221,2026-08-09T16:52:39+00:00
Rolex,,,,13995.0,USD,asking,2026-08-09,,,,,,,,MangTangORang,watchrecon,community,https://www.reddit.com/r/Watchexchange/comments/1vjsfal/wts_2016_rolex_gmtmaster_ii_116710ln_full_set/,7844214,2026-08-09T16:52:39+00:00
Rolex,,,,31250.0,USD,asking,2026-08-09,,,,,,,,RandomRedditUser1991,watchrecon,community,https://www.reddit.com/r/Watchexchange/comments/1vjsb68/wts_rolex_cosmograph_daytona_116500ln_panda_full/,7839046,2026-08-09T16:52:39+00:00
Rolex,,,,18995.0,USD,asking,2026-08-09,,,,,,,,MangTangORang,watchrecon,community,https://www.reddit.com/r/Watchexchange/comments/1vjs9gv/wts_2026_rolex_gmtmaster_ii_sprite_126720vtnr/,7844187,2026-08-09T16:52:39+00:00
Rolex,,,,22295.0,USD,asking,2026-08-09,,,,,,,,MangTangORang,watchrecon,community,https://www.reddit.com/r/Watchexchange/comments/1vjs4s9/wts_rolex_skydweller_mint_green_336934_oyster/,7844179,2026-08-09T16:52:39+00:00
Rolex,,,,14600.0,USD,asking,2026-08-09,,,,,,,,SolanaWatches,watchrecon,community,https://www.reddit.com/r/Watchexchange/comments/1vjrymk/wts_rolex_datejust_36_w_aubergine_diamonds_dial/,7844172,2026-08-09T16:52:39+00:00
Rolex,,,,44975.0,USD,asking,2026-08-09,,,,,,,,SohAIS25 followers,watchrecon,community,https://www.watchuseek.com/threads/fsot-rolex-228238-daydate-40mm-dd40-yellow-gold-silver-roman-dial-2019-box-papers.5666096/,7647720,2026-08-09T16:52:39+00:00
Rolex,,,,8775.0,USD,asking,2026-08-09,,,,,,,,SohAIS25 followers,watchrecon,community,https://www.watchuseek.com/threads/fsot-rolex-114300-oyster-perpetual-39mm-black-dial-2019-box-papers.5668002/,7742130,2026-08-09T16:52:39+00:00
Rolex,,,,9975.0,USD,asking,2026-08-09,,,,,,,,SohAIS25 followers,watchrecon,community,https://www.watchuseek.com/threads/fsot-rolex-explorer-ii-16570-black-dial-40mm-f-serial-box-papers.5673307/,7773854,2026-08-09T16:52:39+00:00
Rolex,,,,14975.0,USD,asking,2026-08-09,,,,,,,,SohAIS25 followers,watchrecon,community,https://www.watchuseek.com/threads/fsot-rolex-datejust-41mm-126334-white-roman-dial-jubilee-2022-box-papers.5668806/,7746722,2026-08-09T16:52:39+00:00
Rolex,,,,10575.0,USD,asking,2026-08-09,,,,,,,,SohAIS25 followers,watchrecon,community,https://www.watchuseek.com/threads/fsot-rolex-milgauss-116400-white-dial-m-serial-box-papers.5650831/,7643460,2026-08-09T16:52:39+00:00
Rolex,,,,8575.0,USD,asking,2026-08-09,,,,,,,,SohAIS25 followers,watchrecon,community,https://www.watchuseek.com/threads/fsot-rolex-air-king-116900-40mm-stainless-steel-2020-box-papers.5667111/,7486090,2026-08-09T16:52:39+00:00
Rolex,,,,17500.0,USD,asking,2026-08-09,,,,,,,,dbhak222 followers,watchrecon,community,https://www.watchuseek.com/threads/fs-1986-rolex-day-date-18038.5684393/,7798830,2026-08-09T16:52:39+00:00
Rolex,,,,13500.0,USD,asking,2026-08-09,,,,,,,,dbhak222 followers,watchrecon,community,https://www.watchuseek.com/threads/fs-1978-rolex-submariner-mk3-1680-box-and-papers.5683405/,7770026,2026-08-09T16:52:39+00:00
Rolex,,,,5100.0,USD,asking,2026-08-09,,,,,,,,Watchex_Enterprises10 followers,watchrecon,community,https://www.reddit.com/r/Watchexchange/comments/1vjqhkt/wts_rolex_op_oyster_perpetual_115200_automatic/,7821507,2026-08-09T16:52:39+00:00
Rolex,,,,47500.0,USD,asking,2026-08-09,,,,,,,,SolanaWatches,watchrecon,community,https://www.reddit.com/r/Watchexchange/comments/1vjqe1u/wts_rolex_day_date_36_yellow_gold_champagne/,7844128,2026-08-09T16:52:39+00:00
Rolex,,,,5590.0,USD,asking,2026-08-09,,,,,,,,FrequentAssumption11 follower,watchrecon,community,https://www.reddit.com/r/Watchexchange/comments/1vjqbqe/wts_rolex_explorer_i_114270_d_serial_2005/,7844124,2026-08-09T16:52:39+00:00
Rolex,,,,11150.0,USD,asking,2026-08-09,,,,,,,,Watchex_Enterprises10 followers,watchrecon,community,https://www.reddit.com/r/Watchexchange/comments/1vjqb0c/wts_rolex_datejust_36_stick_dial_fluted_jubilee/,7801149,2026-08-09T16:52:39+00:00
Rolex,,,,8400.0,USD,asking,2026-08-09,,,,,,,,Watchex_Enterprises10 followers,watchrecon,community,https://www.reddit.com/r/Watchexchange/comments/1vjqa93/wts_rolex_yachtmaster_40mm_platinum_bezel_dial/,7760935,2026-08-09T16:52:39+00:00
Rolex,,,,12495.0,USD,asking,2026-08-09,,,,,,,,Watchex_Enterprises10 followers,watchrecon,community,https://www.reddit.com/r/Watchexchange/comments/1vjq97n/wts_rolex_submariner_date_126610ln_current_gen/,7831003,2026-08-09T16:52:39+00:00
Rolex,,,,10800.0,USD,asking,2026-08-09,,,,,,,,Watchex_Enterprises10 followers,watchrecon,community,https://www.reddit.com/r/Watchexchange/comments/1vjq2uh/wts_rolex_gmtmaster_ii_16710ln_y_serial_year_2002/,7815907,2026-08-09T16:52:39+00:00
Rolex,,,,5350.0,USD,asking,2026-08-09,,,,,,,,Watchex_Enterprises10 followers,watchrecon,community,https://www.reddit.com/r/Watchexchange/comments/1vjpyvo/wts_rolex_oyster_perpetual_op_116000_concentric/,7832307,2026-08-09T16:52:39+00:00
Rolex,,,,14890.0,USD,asking,2026-08-09,,,,,,,,NoogaTimepieces,watchrecon,community,https://www.reddit.com/r/Watchexchange/comments/1vjpv0v/wts_2021_rolex_yachtmaster_40_126622_rhodium/,7844109,2026-08-09T16:52:39+00:00
Rolex,,,,3750.0,USD,asking,2026-08-09,,,,,,,,WiseJasper123,watchrecon,community,https://www.reddit.com/r/Watchexchange/comments/1vjcgiw/wts_rolex_airking_precision_5500_silver_dial/,7843978,2026-08-09T16:52:39+00:00
Rolex,,,,9850.0,USD,asking,2026-08-09,,,,,,,,rkman111 follower,watchrecon,community,https://www.reddit.com/r/Watchexchange/comments/1vjbyyg/wts_where_the_1979_babies_at_rolex_daydate_18k/,7837997,2026-08-09T16:52:39+00:00
Rolex,,,,4500.0,USD,asking,2026-08-09,,,,,,,,ovadivaio,watchrecon,community,https://www.reddit.com/r/Watchexchange/comments/1vjbv2u/wts1970_rolex_datejust_36mm_1601_twotone_rare/,7843957,2026-08-09T16:52:39+00:00
Rolex,,,,6150.0,USD,asking,2026-08-09,,,,,,,,ovadivaio,watchrecon,community,https://www.reddit.com/r/Watchexchange/comments/1vjbkon/wts_rolex_datejust_36_ref_116200_silver_sunburst/,7843951,2026-08-09T16:52:39+00:00
Rolex,,,,11750.0,USD,asking,2026-08-09,,,,,,,,dosei5 followers,watchrecon,community,https://www.watchuseek.com/threads/fs-rolex-ceramic-submariner-116610ln-classic-sub-mint.5682680/,7828793,2026-08-09T16:52:39+00:00
Rolex,,,,21950.0,USD,asking,2026-08-09,,,,,,,,fmr5000,watchrecon,community,https://www.watchuseek.com/threads/fs-rolex-sky-dweller-336933-white-dial-oyster-bracelet-%E2%80%93-2023-full-set-%E2%80%93-21-950.5682984/,7830756,2026-08-09T16:52:39+00:00
Rolex,,,,6990.0,USD,asking,2026-08-09,,,,,,,,False_Actuary_89441 follower,watchrecon,community,https://www.reddit.com/r/Watchexchange/comments/1vj93iw/wtswtt_rolex_datejust_116200_full_set_serviced/,7843903,2026-08-09T16:52:39+00:00
Rolex,,,,13500.0,USD,asking,2026-08-09,,,,,,,,Dense-Bite-1418,watchrecon,community,https://www.reddit.com/r/Watchexchange/comments/1vj70ct/wts_rolex_gmtmaster_1675_mk1_long_e_1968_13500/,7843860,2026-08-09T16:52:39+00:00
Rolex,,,,5999.0,USD,asking,2026-08-09,,,,,,,,keepiece,watchrecon,community,https://www.reddit.com/r/Watchexchange/comments/1vj6ui7/wts_1970_rolex_datejust_ref_1601_rare_markers/,7811530,2026-08-09T16:52:39+00:00
Rolex,,,,21000.0,USD,asking,2026-08-09,,,,,,,,nicholasnick,watchrecon,community,https://www.watchuseek.com/threads/fs-2001-rolex-daytona-116520-black-dial-original-box-and-freshly-serviced-1-yr-warranty.5682288/,7825982,2026-08-09T16:52:39+00:00
Rolex,,,,12200.0,USD,asking,2026-08-09,,,,,,,,Successful-Put-2058,watchrecon,community,https://www.reddit.com/r/Watchexchange/comments/1vj6p9p/wts_2024_rolex_explorer_2_42mm_226570_polar_dial/,7843846,2026-08-09T16:52:39+00:00
"MK II,Rolex",,,,21250.0,USD,asking,2026-08-09,,,,,,,,nicholasnick,watchrecon,community,https://www.watchuseek.com/threads/fs-2020-rolex-gmt-master-ii-pepsi-126710blro-mk-ii-i-believe-box-ebay-auth-cert-beautiful-condition.5684617/,7841526,2026-08-09T16:52:39+00:00
Rolex,,,,5950.0,USD,asking,2026-08-09,,,,,,,,ConnorManquen1 follower,watchrecon,community,https://www.reddit.com/r/Watchexchange/comments/1vj6nbe/wts_rolex_datejust_16233_stunning_anniversary/,7836562,2026-08-09T16:52:39+00:00
Rolex,,,,12200.0,USD,asking,2026-08-09,,,,,,,,nicholasnick,watchrecon,community,https://www.watchuseek.com/threads/fs-rolex-submariner-no-date-124060-2022-full-set-like-new-condition.5684619/,7841527,2026-08-09T16:52:39+00:00
Rolex,,,,7650.0,USD,asking,2026-08-09,,,,,,,,ClassSoggy7007,watchrecon,community,https://www.reddit.com/r/Watchexchange/comments/1vj6k15/wts_rolex_oyster_perpetual_41_ref_124300_wbox/,7843838,2026-08-09T16:52:39+00:00
Rolex,,,,6950.0,USD,asking,2026-08-09,,,,,,,,215watches1 follower,watchrecon,community,https://www.reddit.com/r/watch_swap/comments/1vj5kuh/wts_rolex_explorer_36mm_ref114270_box_papers_6950/,7843784,2026-08-09T16:52:39+00:00
Rolex,,,,21995.0,USD,asking,2026-08-09,,,,,,,,watchexplorer17620 posts280 followers,watchrecon,community,http://forums.timezone.com/index.php?t=tree&goto=7808936&rid=0#msg_7808936,6670355,2026-08-09T16:52:39+00:00
Rolex,,,,20795.0,USD,asking,2026-08-09,,,,,,,,watchexplorer17620 posts280 followers,watchrecon,community,http://forums.timezone.com/index.php?t=tree&goto=7808935&rid=0#msg_7808935,7013368,2026-08-09T16:52:39+00:00
Rolex,,,,95.0,USD,asking,2026-08-09,,,,,,,,KustomLincoln2 followers,watchrecon,community,https://www.watchuseek.com/threads/fs-rolex-oyster-bracelet-link-new-oem.5684473/,7840581,2026-08-09T16:52:39+00:00
Rolex,,,,30995.0,USD,asking,2026-08-09,,,,,,,,mdgrwl37 followers,watchrecon,community,https://www.watchuseek.com/threads/fsot-rolex-cosmograph-daytona-126500ln-40mm-black-dial-new-complete.5684944/,7821793,2026-08-09T16:52:39+00:00
Rolex,,,,19750.0,USD,asking,2026-08-09,,,,,,,,mdgrwl37 followers,watchrecon,community,https://www.watchuseek.com/threads/fsot-rolex-submariner-date-116610lv-hulk-green-40mm-excellent-complete.5684943/,7818175,2026-08-09T16:52:39+00:00
Rolex,,,,16750.0,USD,asking,2026-08-09,,,,,,,,mdgrwl37 followers,watchrecon,community,https://www.watchuseek.com/threads/fsot-rolex-datejust-41-126334-blue-stick-dial-fluted-jubilee-new-2025.5677623/,7800896,2026-08-09T16:52:39+00:00
Rolex,,,,57825.0,USD,asking,2026-08-09,,,,,,,,TAKUYA353 followers,watchrecon,community,https://www.watchuseek.com/threads/fsot-rolex-336938-sky-dweller-18k-yellow-gold-white-dial-jubilee-band-2025-full-set.5684303/,7747552,2026-08-09T16:52:39+00:00
Rolex,,,,50525.0,USD,asking,2026-08-09,,,,,,,,TAKUYA353 followers,watchrecon,community,https://www.watchuseek.com/threads/fsot-rolex-116508-cosmograph-daytona-18k-yellow-gold-white-dial-2021-complete-set.5683353/,7832486,2026-08-09T16:52:39+00:00
Rolex,,,,18875.0,USD,asking,2026-08-09,,,,,,,,TAKUYA353 followers,watchrecon,community,https://www.watchuseek.com/threads/fsot-rolex-126613lb-submariner-bluesy-18k-yellow-gold-steel-blue-dial-2023-full-set.5684211/,7838210,2026-08-09T16:52:39+00:00
Rolex,,,,15875.0,USD,asking,2026-08-09,,,,,,,,TAKUYA353 followers,watchrecon,community,https://www.watchuseek.com/threads/fsot-rolex-116400gv-milgauss-green-crystal-z-blue-dial-2022-complete-set.5682821/,7829856,2026-08-09T16:52:39+00:00
Rolex,,,,250.0,USD,asking,2026-08-09,,,,,,,,thomasorgan,watchrecon,community,https://www.reddit.com/r/Watchexchange/comments/1vj3x08/wts_rolex_78790_oyster_bracelet_20mm/,7843711,2026-08-09T16:52:39+00:00
Rolex,,,,10700.0,USD,asking,2026-08-09,,,,,,,,Dense-Bite-1418,watchrecon,community,https://www.reddit.com/r/Watchexchange/comments/1vj3hmx/wts_1994_rolex_gmt_16700_serviced_10700/,7843704,2026-08-09T16:52:39+00:00
Rolex,,,,12900.0,USD,asking,2026-08-09,,,,,,,,Ambitious_Radish,watchrecon,community,https://www.reddit.com/r/Watchexchange/comments/1vj2zoh/wtswtt_2025_rolex_submariner_124060_full_kit_the/,7843671,2026-08-09T16:52:39+00:00
Rolex,,,,19900.0,USD,asking,2026-08-09,,,,,,,,drster275 followers,watchrecon,community,https://www.watchuseek.com/threads/fsot-bnib-rolex-gmt-master-ii-126710grnr-bruce-wayne-july-2026-warranty.5684712/,7842181,2026-08-09T16:52:39+00:00
Rolex,,,,6450.0,USD,asking,2026-08-09,,,,,,,,drster275 followers,watchrecon,community,https://www.watchuseek.com/threads/wts-reduced-further-ladies-rolex-datejust-31-178240-z-serial.5684713/,7826969,2026-08-09T16:52:39+00:00
Rolex,,,,16900.0,USD,asking,2026-08-09,,,,,,,,dglessner,watchrecon,community,https://www.watchuseek.com/threads/rolex-yacht-master-126221-new-in-box-40mm-rose-gold-with-chocolate-dial-warranty.5684924/,7843633,2026-08-09T16:52:39+00:00
Rolex,,,,17275.0,USD,asking,2026-08-09,,,,,,,,gabek164 posts,watchrecon,community,http://forums.timezone.com/index.php?t=tree&goto=7808928&rid=0#msg_7808928,7843646,2026-08-09T16:52:39+00:00
Rolex,,,,5250.0,USD,asking,2026-08-08,,,,,,,,dlngr,watchrecon,community,https://www.reddit.com/r/Watchexchange/comments/1vj0d5d/wts_rolex_cellini_4233_great_condition_watch_box/,7843604,2026-08-09T16:52:39+00:00
Rolex,,,,13650.0,USD,asking,2026-08-08,,,,,,,,Blaughva,watchrecon,community,https://www.watchuseek.com/threads/2019-rolex-yacht-master-40-dark-rhodium-116622-%E2%80%93-full-set-%E2%80%93-serviced-february-2025-%E2%80%93-horus-miami-blue-strap.5684297/,7839417,2026-08-09T16:52:39+00:00
Rolex,,,,980.0,USD,asking,2026-08-08,,,,,,,,venomviperz,watchrecon,community,https://www.reddit.com/r/Watchexchange/comments/1vizims/wts_mint_condition_genuine_rolex_white_gold/,7843560,2026-08-09T16:52:39+00:00
Rolex,,,,95.0,USD,asking,2026-08-08,,,,,,,,venomviperz,watchrecon,community,https://www.reddit.com/r/Watchexchange/comments/1vizhab/wts_mint_condition_genuine_rolex_submariner/,7843559,2026-08-09T16:52:39+00:00
Rolex,,,,220.0,USD,asking,2026-08-08,,,,,,,,venomviperz,watchrecon,community,https://www.reddit.com/r/Watchexchange/comments/1viz97a/wts_brand_newfactory_sealed_steel_reef_swiftlink/,7843552,2026-08-09T16:52:39+00:00
Rolex,,,,10900.0,USD,asking,2026-08-08,,,,,,,,venomviperz,watchrecon,community,https://www.reddit.com/r/Watchexchange/comments/1viyuv7/wts_2022_rolex_datejust_36_jubilee_smooth_bezel/,7838192,2026-08-09T16:52:39+00:00
Rolex,,,,12475.0,USD,asking,2026-08-08,,,,,,,,SohAIS25 followers,watchrecon,community,https://www.watchuseek.com/threads/fsot-rolex-116610ln-submariner-date-40mm-black-ceramic-bezel-2013-box-papers.5667109/,7654189,2026-08-09T16:52:39+00:00
Rolex,,,,30975.0,USD,asking,2026-08-08,,,,,,,,SohAIS25 followers,watchrecon,community,https://www.watchuseek.com/threads/fsot-rolex-yachtmaster-226659-white-gold-oysterflex-strap-42-mm-box-papers.5667110/,7625283,2026-08-09T16:52:39+00:00
Rolex,,,,9975.0,USD,asking,2026-08-08,,,,,,,,SohAIS25 followers,watchrecon,community,https://www.watchuseek.com/threads/fsot-rolex-ladies-datejust-178274-white-roman-dial-31mm-jubilee-b-p.5656231/,7675624,2026-08-09T16:52:39+00:00
Rolex,,,,15975.0,USD,asking,2026-08-08,,,,,,,,SohAIS25 followers,watchrecon,community,https://www.watchuseek.com/threads/fsot-rolex-126231-datejust-36mm-18k-rg-ss-rhodium-stick-dial-jubilee-box-papers.5652668/,7654186,2026-08-09T16:52:39+00:00
Rolex,,,,8495.0,USD,asking,2026-08-08,,,,,,,,Toxic_Time70,watchrecon,community,https://www.reddit.com/r/Watchexchange/comments/1viynfm/wts_rolex_op_116000_you_dont_see_this_dial_every/,7843539,2026-08-09T16:52:39+00:00
Rolex,,,,8150.0,USD,asking,2026-08-08,,,,,,,,Watchex_Enterprises10 followers,watchrecon,community,https://www.reddit.com/r/Watchexchange/comments/1viy0sb/wts_rolex_explorer_ii_16570_polar_f_serial/,7843496,2026-08-09T16:52:39+00:00
Rolex,,,,16400.0,USD,asking,2026-08-08,,,,,,,,Watchex_Enterprises10 followers,watchrecon,community,https://www.reddit.com/r/Watchexchange/comments/1vixxf5/wts_rolex_day_date_president_18036_year_1985_very/,7843495,2026-08-09T16:52:39+00:00
Rolex,,,,2390.0,USD,asking,2026-08-08,,,,,,,,baebiboo,watchrecon,community,https://www.reddit.com/r/Watchexchange/comments/1vixebs/wts_1966_rolex_oysterdate_precision_6694_with/,7843485,2026-08-09T16:52:39+00:00
Rolex,,,,4475.0,USD,asking,2026-08-08,,,,,,,,evanisrushin56 followers,watchrecon,community,https://www.watchuseek.com/threads/fsot-rolex-8952-precision-metropolitan-14k-yg-1950s-vintage-watch.5684907/,7843475,2026-08-09T16:52:39+00:00
Rolex,,,,12100.0,USD,asking,2026-08-08,,,,,,,,Studyingisnotfun2 followers,watchrecon,community,https://www.reddit.com/r/Watchexchange/comments/1viwxy1/wts_rolex_no_date_submariner_124060_12100/,7799607,2026-08-09T16:52:39+00:00
Rolex,,,,8300.0,USD,asking,2026-08-08,,,,,,,,Studyingisnotfun2 followers,watchrecon,community,https://www.reddit.com/r/Watchexchange/comments/1viwx4k/wts_rolex_seadweller_deepsea_black_44mm_116660/,7821492,2026-08-09T16:52:39+00:00
Rolex,,,,8999.0,USD,asking,2026-08-08,,,,,,,,Studyingisnotfun2 followers,watchrecon,community,https://www.reddit.com/r/Watchexchange/comments/1viwv3s/wts_rolex_datejust_36mm_blue_fluted_motif_dial/,7835946,2026-08-09T16:52:39+00:00
Rolex,,,,10895.0,USD,asking,2026-08-08,,,,,,,,Watchexplorer280 followers,watchrecon,community,https://www.watchuseek.com/threads/fs-rolex-16570-explorer-ii-watch-white-dial-polar-40mm.5684185/,7838690,2026-08-09T16:52:39+00:00
Rolex,,,,44595.0,USD,asking,2026-08-08,,,,,,,,Watchexplorer280 followers,watchrecon,community,https://www.watchuseek.com/threads/fs-rolex-116518-daytona-18k-yg-oysterflex-cosmograph-watch-cpo.5684294/,7595430,2026-08-09T16:52:39+00:00
Rolex,,,,39795.0,USD,asking,2026-08-08,,,,,,,,Watchexplorer280 followers,watchrecon,community,https://www.watchuseek.com/threads/fs-rolex-116515-daytona-watch-rose-gold-chocolate-arabic-dial.5683216/,7820572,2026-08-09T16:52:39+00:00
Rolex,,,,11395.0,USD,asking,2026-08-08,,,,,,,,Watchexplorer280 followers,watchrecon,community,https://www.watchuseek.com/threads/fs-rolex-224270-explorer-40mm-watch.5684187/,7838692,2026-08-09T16:52:39+00:00
Rolex,,,,16295.0,USD,asking,2026-08-08,,,,,,,,Watchexplorer280 followers,watchrecon,community,https://www.watchuseek.com/threads/fs-rolex-116710blnr-gmt-master-ii-watch-batman.5684069/,7837836,2026-08-09T16:52:39+00:00
Rolex,,,,15495.0,USD,asking,2026-08-08,,,,,,,,Watchexplorer280 followers,watchrecon,community,https://www.watchuseek.com/threads/fs-rolex-116710-gmt-master-ii-watch-black-bezel.5684074/,7569890,2026-08-09T16:52:39+00:00
Rolex,,,,13500.0,USD,asking,2026-08-08,,,,,,,,bpmrddt,watchrecon,community,https://www.reddit.com/r/Watchexchange/comments/1viwm8j/wts_rolex_submariner_date_126610ln_mint_condition/,7843438,2026-08-09T16:52:39+00:00
Rolex,,,,8500.0,USD,asking,2026-08-08,,,,,,,,A Johnston440 posts,watchrecon,community,http://forums.timezone.com/index.php?t=tree&goto=7808927&rid=0#msg_7808927,7843434,2026-08-09T16:52:39+00:00
Rolex,,,,9000.0,USD,asking,2026-08-08,,,,,,,,Mark Theken,watchrecon,community,https://www.watchuseek.com/threads/rolex-datejust-41-ref-116334.5664672/,7843433,2026-08-09T16:52:39+00:00
Rolex,,,,125.0,USD,asking,2026-08-08,,,,,,,,pacodo2 followers,watchrecon,community,https://www.reddit.com/r/Watchexchange/comments/1viv304/wts_rolex_datejust_41mm_black_116300_watch_only/,7843413,2026-08-09T16:52:39+00:00
Rolex,,,,125.0,USD,asking,2026-08-08,,,,,,,,pacodo2 followers,watchrecon,community,https://www.reddit.com/r/Watchexchange/comments/1viv2dr/wts_rolex_submariner_date_40mm_2018_118k/,7843412,2026-08-09T16:52:39+00:00
Rolex,,,,13300.0,USD,asking,2026-08-08,,,,,,,,pacodo2 followers,watchrecon,community,https://www.reddit.com/r/Watchexchange/comments/1viv1cc/wts_rolex_submariner_no_date_41mm_2025_133k/,7843411,2026-08-09T16:52:39+00:00
Rolex,,,,1395.0,USD,asking,2026-08-08,,,,,,,,Alex Collector34 followers,watchrecon,community,https://www.watchuseek.com/threads/fs-rolex-1675-16750-2-pepsi-fat-font-insert-pink-light-blue-faded-red-back-newest-price-reduction.5684891/,7843379,2026-08-09T16:52:39+00:00
Rolex,,,,1395.0,USD,asking,2026-08-08,,,,,,,,Alex Collector34 followers,watchrecon,community,https://www.watchuseek.com/threads/fs-rolex-1675-16750-pepsi-mega-fat-font-insert-red-back-faded-1-newer-price-reduction.5684890/,7843378,2026-08-09T16:52:39+00:00
Rolex,,,,12725.0,USD,asking,2026-08-07,,,,,,,,TAKUYA353 followers,watchrecon,community,https://www.watchuseek.com/threads/fsot-rolex-226570-explorer-2-black-dial-new-model-2026-warranty-full-set.5684871/,7843342,2026-08-09T16:52:39+00:00
Rolex,,,,10395.0,USD,asking,2026-08-07,,,,,,,,ocwatchguy12 followers,watchrecon,community,https://www.watchuseek.com/threads/fsot-rolex-submariner-date-2026-serviced-16610-black-stainless-steel-40mm-excellent.5684865/,7843308,2026-08-09T16:52:39+00:00
Rolex,,,,20995.0,USD,asking,2026-08-07,,,,,,,,ValueYourWatch.com,watchrecon,community,https://www.watchuseek.com/threads/fs-rolex-sea-dweller-deepsea-%E2%80%9Cdssd%E2%80%9D-oystersteel-ref-116660-watch-box-ps-this-watch-is-listed-on-behalf-of-our-trusted-users-at-valueyourw.5684796/,7842528,2026-08-09T16:52:39+00:00
Rolex,,,,6895.0,USD,asking,2026-08-07,,,,,,,,ocwatchguy12 followers,watchrecon,community,https://www.watchuseek.com/threads/fsot-rolex-datejust-16013-champagne-stainless-steel-yellow-gold-36mm-excellent.5684857/,7731236,2026-08-09T16:52:39+00:00
Rolex,,,,10300.0,USD,asking,2026-08-07,,,,,,,,amwhatiate,watchrecon,community,https://www.reddit.com/r/Watchexchange/comments/1vigg67/wts_dec_2025_rolex_oyster_perpetual_41_134300/,7843215,2026-08-09T16:52:39+00:00
Rolex,,,,10500.0,USD,asking,2026-08-07,,,,,,,,amwhatiate,watchrecon,community,https://www.reddit.com/r/Watchexchange/comments/1vigdfp/wts_rolex_submariner_date_16610_zserial_full_set/,7843213,2026-08-09T16:52:39+00:00
Rolex,,,,8250.0,USD,asking,2026-08-07,,,,,,,,Watchex_Enterprises10 followers,watchrecon,community,https://www.reddit.com/r/Watchexchange/comments/1viftlk/wts_rolex_explorer_ii_16570_polar_s_serial/,7843190,2026-08-09T16:52:39+00:00
Rolex,,,,58795.0,USD,asking,2026-08-07,,,,,,,,watchexplorer17617 posts280 followers,watchrecon,community,http://forums.timezone.com/index.php?t=tree&goto=7808912&rid=0#msg_7808912,7789714,2026-08-09T16:52:39+00:00
Rolex,,,,43995.0,USD,asking,2026-08-07,,,,,,,,watchexplorer17617 posts280 followers,watchrecon,community,http://forums.timezone.com/index.php?t=tree&goto=7808911&rid=0#msg_7808911,6792477,2026-08-09T16:52:39+00:00
Rolex,,,,44795.0,USD,asking,2026-08-07,,,,,,,,watchexplorer17617 posts280 followers,watchrecon,community,http://forums.timezone.com/index.php?t=tree&goto=7808910&rid=0#msg_7808910,6514808,2026-08-09T16:52:39+00:00
Rolex,,,,12400.0,USD,asking,2026-08-07,,,,,,,,Watchex_Enterprises10 followers,watchrecon,community,https://www.reddit.com/r/Watchexchange/comments/1viewjz/wts_rolex_pepsi_gmt_master_1996_t_serial_ref_16700/,7843157,2026-08-09T16:52:39+00:00
Rolex,,,,9950.0,USD,asking,2026-08-07,,,,,,,,TimeZone911,watchrecon,community,https://www.reddit.com/r/Watchexchange/comments/1vielfd/wts_rolex_submariner_16610_1991_box_and_paper/,7843143,2026-08-09T16:52:39+00:00
Rolex,,,,6799.0,USD,asking,2026-08-07,,,,,,,,Gdjjmart_Watch,watchrecon,community,https://www.reddit.com/r/Watchexchange/comments/1vielk1/wts_serviced_july_2026_rolex_explorer_i_214270/,7843144,2026-08-09T16:52:39+00:00
Rolex,,,,5600.0,USD,asking,2026-08-07,,,,,,,,theoshaberdashery1 follower,watchrecon,community,https://www.reddit.com/r/Watchexchange/comments/1vie5kk/wts_rolex_datejust_18kt_and_steel_36mm_1984_box/,7843137,2026-08-09T16:52:39+00:00
Rolex,,,,6600.0,USD,asking,2026-08-07,,,,,,,,laurent19611 follower,watchrecon,community,https://www.watchuseek.com/threads/datejust-36mm-reduced.5683519/,7834210,2026-08-09T16:52:39+00:00
Rolex,,,,44325.0,USD,asking,2026-08-07,,,,,,,,TAKUYA353 followers,watchrecon,community,https://www.watchuseek.com/threads/fsot-rolex-116718-gmt-master-2-18k-yellow-gold-green-dial-rsc-serviced-boxes-papers.5684588/,7840651,2026-08-09T16:52:39+00:00
Rolex,,,,36875.0,USD,asking,2026-08-07,,,,,,,,TAKUYA353 followers,watchrecon,community,https://www.watchuseek.com/threads/fsot-rolex-126619lb-submariner-41-18k-white-gold-blue-bezel-2022-full-set.5684586/,7814257,2026-08-09T16:52:39+00:00
Rolex,,,,63325.0,USD,asking,2026-08-07,,,,,,,,TAKUYA353 followers,watchrecon,community,https://www.watchuseek.com/threads/fsot-rolex-228238-day-date-40-yellow-gold-green-ombre-dial-2026-complete-set.5684109/,7838173,2026-08-09T16:52:39+00:00
Rolex,,,,63875.0,USD,asking,2026-08-07,,,,,,,,TAKUYA353 followers,watchrecon,community,https://www.watchuseek.com/threads/fsot-bnib-rolex-228235-day-date-40-rose-gold-olive-green-dial-2026-stickers-full-set.5683884/,7836622,2026-08-09T16:52:39+00:00
Rolex,,,,16200.0,USD,asking,2026-08-07,,,,,,,,Embarrassed-Mall6116,watchrecon,community,https://www.reddit.com/r/Watchexchange/comments/1vida95/wts_rolex_gmt_2_sprite_2026_full_set_oyster/,7843096,2026-08-09T16:52:39+00:00
Rolex,,,,14800.0,USD,asking,2026-08-07,,,,,,,,Embarrassed-Mall6116,watchrecon,community,https://www.reddit.com/r/Watchexchange/comments/1vico03/wts_new_rolex_datejust_mint_green_dial_36mm_2026/,7843089,2026-08-09T16:52:39+00:00
Rolex,,,,26099.0,USD,asking,2026-08-07,,,,,,,,Lerari41,watchrecon,community,https://www.reddit.com/r/Watchexchange/comments/1viccgt/wts_rolex_landdweller_127334_white_rolesor_40mm/,7843083,2026-08-09T16:52:39+00:00
Rolex,,,,9600.0,USD,asking,2026-08-07,,,,,,,,Lerari41,watchrecon,community,https://www.reddit.com/r/Watchexchange/comments/1vic9h5/wts_brand_new_unworn_rolex_airking_126900/,7843081,2026-08-09T16:52:39+00:00
Rolex,,,,7490.0,USD,asking,2026-08-07,,,,,,,,CoinWatchCo3 followers,watchrecon,community,https://www.reddit.com/r/Watchexchange/comments/1vibl9w/wts_1998_rolex_explorer_14270_box_and_papers/,7843055,2026-08-09T16:52:39+00:00
Rolex,,,,9650.0,USD,asking,2026-08-07,,,,,,,,Hoppyjr7 followers,watchrecon,community,https://www.watchuseek.com/threads/fs-rolex-134300-oyster-perpetual-41-2026-ad-purchase.5683759/,7835843,2026-08-09T16:52:39+00:00
"Rolex,Tudor",,,,1800.0,USD,asking,2026-08-07,,,,,,,,reckness75 followers,watchrecon,community,https://www.watchuseek.com/threads/rare-vintage-rolex-tudor-38mm-jumbo-prince-oysterdate-90814-solid-white-gold-bezel-with-rolex-bracelet-reduced%E3%80%80.5679746/,7818811,2026-08-09T16:52:39+00:00
"Rolex,Tudor",,,,1100.0,USD,asking,2026-08-07,,,,,,,,reckness75 followers,watchrecon,community,https://www.watchuseek.com/threads/vintage-rolex-tudor-2-tone-prince-oysterdate-74033-linen-dial-auto-with-org-bracelet.5684322/,7792600,2026-08-09T16:52:39+00:00
Rolex,,,,2299.0,USD,asking,2026-08-07,,,,,,,,SeanTurk821 follower,watchrecon,community,https://www.reddit.com/r/Watchexchange/comments/1vi8w2x/wts_horage_decaflux_road_to_usa_le_100_hr_pr/,7842984,2026-08-09T16:52:39+00:00
Rolex,,,,29100.0,USD,asking,2026-08-07,,,,,,,,xyz44,watchrecon,community,https://www.watchuseek.com/threads/fs-rolex-cosmograph-daytona-ref-116500ln.5681003/,7817511,2026-08-09T16:52:39+00:00
Rolex,,,,1500.0,USD,asking,2026-08-07,,,,,,,,Hyth17,watchrecon,community,https://www.reddit.com/r/Watchexchange/comments/1vi6prc/wts_rolex_1570_automatic_movement_crown_dial_sale/,7842918,2026-08-09T16:52:39+00:00
Rolex,,,,8499.0,USD,asking,2026-08-07,,,,,,,,faizan19901 follower,watchrecon,community,https://www.watchuseek.com/threads/rolex-oyster-perpetual-41mm-silver-124300.5684822/,7842862,2026-08-09T16:52:39+00:00
Rolex,,,,1750.0,USD,asking,2026-08-07,,,,,,,,Hyth17,watchrecon,community,https://www.reddit.com/r/Watchexchange/comments/1vi5xi7/wts_rolex_oyster_bracelet_7835319_two_tone_steel/,7842891,2026-08-09T16:52:39+00:00
Rolex,,,,5790.0,USD,asking,2026-08-07,,,,,,,,FrequentAssumption11 follower,watchrecon,community,https://www.reddit.com/r/watch_swap/comments/1vi61e6/wts_rolex_explorer_i_114270_d_serial/,7827087,2026-08-09T16:52:39+00:00
Rolex,,,,3295.0,USD,asking,2026-08-07,,,,,,,,Valle de Joux3 followers,watchrecon,community,https://www.watchuseek.com/threads/fs-rolex-6532-circa-1957-caliber-1030-auto-2-tone-swiss-dial-factory-spring-loaded-oyster-bracelet-just-serviced-3-295.5653891/,7661000,2026-08-09T16:52:39+00:00
Rolex,,,,7995.0,USD,asking,2026-08-07,,,,,,,,Valle de Joux3 followers,watchrecon,community,https://www.watchuseek.com/threads/fs-rolex-79173-lady-datejust-w-factory-black-tahitian-mop-diamond-dial-custom-diamond-bezel-original-18k-fluted-bezel-boxes-papers-both-tags-wow.5677881/,7802456,2026-08-09T16:52:39+00:00
Rolex,,,,8150.0,USD,asking,2026-08-07,,,,,,,,Valle de Joux3 followers,watchrecon,community,https://www.watchuseek.com/threads/fs-rolex-air-king-126900-new-model-mint-boxes-papers-dated-6-24-2022-full-year-left-on-factory-warranty.5679454/,7817364,2026-08-09T16:52:39+00:00
Rolex,,,,9750.0,USD,asking,2026-08-07,,,,,,,,IllustriousJelly34541 follower,watchrecon,community,https://www.reddit.com/r/Watchexchange/comments/1vi5a9i/wts_rolex_daydate_1803_18k_yellow_gold_white_dial/,7842874,2026-08-09T16:52:39+00:00
Rolex,,,,6750.0,USD,asking,2026-08-07,,,,,,,,Mars0813,watchrecon,community,https://www.reddit.com/r/Watchexchange/comments/1vi53mc/wts_2018_rolex_oyster_perpetual_36mm_blue_arabic/,7842868,2026-08-09T16:52:39+00:00
Rolex,,,,7350.0,USD,asking,2026-08-07,,,,,,,,IllustriousJelly34541 follower,watchrecon,community,https://www.reddit.com/r/Watchexchange/comments/1vi4xxs/wts_rolex_datejust_36_116200_beautiful_blue_roman/,7821056,2026-08-09T16:52:39+00:00
Omega,,,,5700.0,USD,asking,2026-08-09,,,,,,,,Puma7443 followers,watchrecon,community,https://www.watchuseek.com/threads/fsot-omega-seamaster-300-300m-titanium-bezel-steel-dial-210-30-42-20-06-002.5684253/,7839175,2026-08-09T16:52:39+00:00
Omega,,,,3450.0,USD,asking,2026-08-09,,,,,,,,Eddie23112 followers,watchrecon,community,https://www.reddit.com/r/Watchexchange/comments/1vjseyk/wts_omega_seamaster_professional_300m_ref/,7835448,2026-08-09T16:52:39+00:00
Omega,,,,9895.0,USD,asking,2026-08-09,,,,,,,,MangTangORang,watchrecon,community,https://www.reddit.com/r/Watchexchange/comments/1vjrv7t/wts_2026_omega_speedmaster_professional_moonwatch/,7844171,2026-08-09T16:52:39+00:00
Omega,,,,5750.0,USD,asking,2026-08-09,,,,,,,,BordeauxEscherBach,watchrecon,community,https://www.reddit.com/r/Watchexchange/comments/1vjrqgc/wts_omega_speedmaster_professional_original/,7844170,2026-08-09T16:52:39+00:00
Omega,,,,4975.0,USD,asking,2026-08-09,,,,,,,,SohAIS25 followers,watchrecon,community,https://www.watchuseek.com/threads/fsot-omega-seamaster-aqua-terra-150m-231-13-43-22-02-003-43mm-annual-calendar-bp.5663754/,7718918,2026-08-09T16:52:39+00:00
Omega,,,,15450.0,USD,asking,2026-08-09,,,,,,,,Sjohn1997,watchrecon,community,https://www.reddit.com/r/Watchexchange/comments/1vjrd1o/wts_omega_speedmaster_ed_white_calibre_321_ref/,7844166,2026-08-09T16:52:39+00:00
Omega,,,,23975.0,USD,asking,2026-08-09,,,,,,,,SohAIS25 followers,watchrecon,community,https://www.watchuseek.com/threads/fsot-bnib-omega-1957-trilogy-edition-557-limited-60th-anniversary-set-3-watches-b-p.5652676/,7155659,2026-08-09T16:52:39+00:00
Omega,,,,5300.0,USD,asking,2026-08-09,,,,,,,,savedbythebell5 followers,watchrecon,community,https://www.watchuseek.com/threads/omega-constellation-co-axial-38mm-two-tone-%E2%80%93-ref-123-20-38-21-02-009-%E2%80%93-full-kit.5684491/,7840710,2026-08-09T16:52:39+00:00
Omega,,,,2100.0,USD,asking,2026-08-09,,,,,,,,nhan87961 follower,watchrecon,community,https://www.reddit.com/r/Watchexchange/comments/1vjpykf/wts_omega_seamaster_professional_300m_midsize/,7844113,2026-08-09T16:52:39+00:00
Omega,,,,4450.0,USD,asking,2026-08-09,,,,,,,,Six2Midnight_Watches,watchrecon,community,https://www.reddit.com/r/Watchexchange/comments/1vjpyjp/wts_omega_seamaster_planet_ocean_600m_chronograph/,7844112,2026-08-09T16:52:39+00:00
Omega,,,,2695.0,USD,asking,2026-08-09,,,,,,,,Watchex_Enterprises10 followers,watchrecon,community,https://www.reddit.com/r/Watchexchange/comments/1vjpxae/wts_omega_seamaster_chrono_415mm_clean_links/,7832288,2026-08-09T16:52:39+00:00
Omega,,,,2875.0,USD,asking,2026-08-09,,,,,,,,Massrog,watchrecon,community,https://www.watchuseek.com/threads/wtt-omega-speedmaster-date-ref-323-30-40-40-06-001.5661344/,7758185,2026-08-09T16:52:39+00:00
"Omega,Swatch",,,,240.0,USD,asking,2026-08-09,,,,,,,,fermopagus1 follower,watchrecon,community,https://www.watchuseek.com/threads/fs-reduced-omega-x-swatch-mission-to-mars.5673794/,7777021,2026-08-09T16:52:39+00:00
Omega,,,,2750.0,USD,asking,2026-08-09,,,,,,,,nhan87961 follower,watchrecon,community,https://www.reddit.com/r/Watchexchange/comments/1vjp0t6/wts_omega_speedmaster_reduced_35105000_39mm/,7844087,2026-08-09T16:52:39+00:00
Omega,,,,3050.0,USD,asking,2026-08-09,,,,,,,,nhan87961 follower,watchrecon,community,https://www.reddit.com/r/Watchexchange/comments/1vjor73/wts_omega_seamaster_aqua_terra_392mm_ref_25033300/,7844084,2026-08-09T16:52:39+00:00
Omega,,,,1300.0,USD,asking,2026-08-09,,,,,,,,jmendozaj,watchrecon,community,https://www.reddit.com/r/Watchexchange/comments/1vjnwxd/wts_omega_de_ville_prestige_395mm/,7844075,2026-08-09T16:52:39+00:00
"Lemania,Omega,Universal Geneve",,,,2450.0,USD,asking,2026-08-09,,,,,,,,rbob99,watchrecon,community,https://www.watchuseek.com/threads/fs-universal-gen%C3%A8ve-compax-ref-884-425-full-set-serviced.5679624/,7816909,2026-08-09T16:52:39+00:00
Omega,,,,4600.0,USD,asking,2026-08-09,,,,,,,,hoangnguyen952 followers,watchrecon,community,https://www.reddit.com/r/Watchexchange/comments/1vjgbzy/wts_omega_seamaster_aqua_terra_150m_master/,7844048,2026-08-09T16:52:39+00:00
Omega,,,,400.0,USD,asking,2026-08-09,,,,,,,,Adventurous-Quail-29,watchrecon,community,https://www.reddit.com/r/Watchexchange/comments/1vjfuu2/wts_1965_omega_lu_6304_automatic_34mm_cal_550/,7844046,2026-08-09T16:52:39+00:00
Omega,,,,2575.0,USD,asking,2026-08-09,,,,,,,,hoangnguyen952 followers,watchrecon,community,https://www.reddit.com/r/Watchexchange/comments/1vjfrd4/wts_1963_omega_constellation_pie_pan_ref_167005/,7844043,2026-08-09T16:52:39+00:00
Omega,,,,3600.0,USD,asking,2026-08-09,,,,,,,,jmsolt,watchrecon,community,https://www.watchuseek.com/threads/sold-omega-seamaster-railmaster-blue-denim-dial-full-kit.5683662/,7835224,2026-08-09T16:52:39+00:00
"Omega,Swatch",,,,27.0,USD,asking,2026-08-09,,,,,,,,Theflyingclocksman,watchrecon,community,https://www.watchuseek.com/threads/no-pass-parachute-watch-straps-in-a-lot-of-colors.5684974/,7843975,2026-08-09T16:52:39+00:00
Omega,,,,6599.0,USD,asking,2026-08-09,,,,,,,,TopperRob27654 posts68 followers,watchrecon,community,http://forums.timezone.com/index.php?t=tree&goto=7808951&rid=0#msg_7808951,7843999,2026-08-09T16:52:39+00:00
Omega,,,,5999.0,USD,asking,2026-08-09,,,,,,,,TopperRob27654 posts68 followers,watchrecon,community,http://forums.timezone.com/index.php?t=tree&goto=7808950&rid=0#msg_7808950,7843998,2026-08-09T16:52:39+00:00
Omega,,,,5799.0,USD,asking,2026-08-09,,,,,,,,TopperRob27654 posts68 followers,watchrecon,community,http://forums.timezone.com/index.php?t=tree&goto=7808949&rid=0#msg_7808949,7843997,2026-08-09T16:52:39+00:00
Omega,,,,5699.0,USD,asking,2026-08-09,,,,,,,,TopperRob27654 posts68 followers,watchrecon,community,http://forums.timezone.com/index.php?t=tree&goto=7808948&rid=0#msg_7808948,7843996,2026-08-09T16:52:39+00:00
Omega,,,,6200.0,USD,asking,2026-08-09,,,,,,,,HistoricalBuy9987,watchrecon,community,https://www.reddit.com/r/Watchexchange/comments/1vjdhye/wts_omega_speedmaster_moonwatch_31030425001001/,7824815,2026-08-09T16:52:39+00:00
Omega,,,,5250.0,USD,asking,2026-08-09,,,,,,,,No-Kick-2577,watchrecon,community,https://www.reddit.com/r/watch_swap/comments/1vjde79/wts_omega_speedmaster_moonwatch_sapphire_sandwich/,7843321,2026-08-09T16:52:39+00:00
Omega,,,,1250.0,USD,asking,2026-08-09,,,,,,,,humbucker426,watchrecon,community,https://www.reddit.com/r/Watchexchange/comments/1vjd4kr/wts_omega_seamaster_14770_crosshair_dial_ω_1250/,7843989,2026-08-09T16:52:39+00:00
Omega,,,,2200.0,USD,asking,2026-08-09,,,,,,,,WiseJasper123,watchrecon,community,https://www.reddit.com/r/Watchexchange/comments/1vjcuh9/wts_omega_speedmaster_automatic_351180_blue_dial/,7843976,2026-08-09T16:52:39+00:00
Omega,,,,2800.0,USD,asking,2026-08-09,,,,,,,,hoangnguyen952 followers,watchrecon,community,https://www.reddit.com/r/Watchexchange/comments/1vjby6s/wts_omega_seamaster_aqua_terra_ref_25033300_good/,7843958,2026-08-09T16:52:39+00:00
Omega,,,,3850.0,USD,asking,2026-08-09,,,,,,,,fmr5000,watchrecon,community,https://www.watchuseek.com/threads/fs-omega-de-ville-prestige-co-axial-36-8mm-two-tone-424-20-37-20-08-001-%E2%80%93-full-set-%E2%80%93-3-850.5682849/,7829954,2026-08-09T16:52:39+00:00
Omega,,,,5650.0,USD,asking,2026-08-09,,,,,,,,dillon_u_sonofabitch1 follower,watchrecon,community,https://www.reddit.com/r/Watchexchange/comments/1vjazf0/wts_omega_speedmaster_moonwatch_professional/,7843946,2026-08-09T16:52:39+00:00
Omega,,,,2800.0,USD,asking,2026-08-09,,,,,,,,Toxic_Time70,watchrecon,community,https://www.reddit.com/r/Watchexchange/comments/1vj9suu/wts_omega_speedmaster_reduced_351050_39mm_nice/,7843917,2026-08-09T16:52:39+00:00
Omega,,,,5250.0,USD,asking,2026-08-09,,,,,,,,PantherKing515,watchrecon,community,https://www.watchuseek.com/threads/fs-bnib-omega-planet-ocean-%E2%80%9Ccreamsicle%E2%80%9D.5684566/,7841127,2026-08-09T16:52:39+00:00
Omega,,,,5250.0,USD,asking,2026-08-09,,,,,,,,solar g-shocker9 followers,watchrecon,community,https://www.watchuseek.com/threads/omega-planet-ocean-oreo-gmt-on-bracelet.5684488/,7840704,2026-08-09T16:52:39+00:00
Omega,,,,3650.0,USD,asking,2026-08-09,,,,,,,,False_Actuary_89441 follower,watchrecon,community,https://www.reddit.com/r/Watchexchange/comments/1vj931c/wtswtt_omega_aqua_terra_gmt_black_full_set_3650/,7843902,2026-08-09T16:52:39+00:00
Omega,,,,3200.0,USD,asking,2026-08-09,,,,,,,,False_Actuary_89441 follower,watchrecon,community,https://www.reddit.com/r/Watchexchange/comments/1vj92kv/wtswtt_omega_railmaster_grey_excellent/,7838874,2026-08-09T16:52:39+00:00
Omega,,,,3990.0,USD,asking,2026-08-09,,,,,,,,False_Actuary_89441 follower,watchrecon,community,https://www.reddit.com/r/Watchexchange/comments/1vj915g/wtswtt_omega_globemaster_white/,7838867,2026-08-09T16:52:39+00:00
Omega,,,,4450.0,USD,asking,2026-08-09,,,,,,,,False_Actuary_89441 follower,watchrecon,community,https://www.reddit.com/r/Watchexchange/comments/1vj90j8/wtswtt_omega_seamaster_smp300_grey_both_mesh_and/,7843899,2026-08-09T16:52:39+00:00
Omega,,,,15950.0,USD,asking,2026-08-09,,,,,,,,nicholasnick,watchrecon,community,https://www.watchuseek.com/threads/fsot-omega-speedmaster-professional-ref-145-012-67-sp-pre-moon-full-collectors-set.5676264/,7792635,2026-08-09T16:52:39+00:00
Omega,,,,999.0,USD,asking,2026-08-09,,,,,,,,keepiece,watchrecon,community,https://www.reddit.com/r/Watchexchange/comments/1vj6xqo/wts_1952_omega_ref_f6231_lava_dial/,7447073,2026-08-09T16:52:39+00:00
Omega,,,,5300.0,USD,asking,2026-08-09,,,,,,,,kg19989,watchrecon,community,https://www.watchuseek.com/threads/seamaster-americas-cup-210-30-42-20-04-002.5684951/,7843836,2026-08-09T16:52:39+00:00
Omega,,,,999.0,USD,asking,2026-08-09,,,,,,,,forg0t,watchrecon,community,https://www.watchuseek.com/threads/wts-omega-seamaster-cosmic-166-022-turler-speckle-dial-oem-1040-bracelet-included.5658446/,7815014,2026-08-09T16:52:39+00:00
Omega,,,,2695.0,USD,asking,2026-08-09,,,,,,,,ConnorManquen1 follower,watchrecon,community,https://www.reddit.com/r/Watchexchange/comments/1vj6lsi/wts_omega_seamaster_aqua_terra_black_39mm_250350/,7782578,2026-08-09T16:52:39+00:00
Omega,,,,2895.0,USD,asking,2026-08-09,,,,,,,,ConnorManquen1 follower,watchrecon,community,https://www.reddit.com/r/Watchexchange/comments/1vj6k7b/wts_omega_seamaster_aqua_terra_black_teak_385mm/,7828301,2026-08-09T16:52:39+00:00
Omega,,,,2950.0,USD,asking,2026-08-09,,,,,,,,ConnorManquen1 follower,watchrecon,community,https://www.reddit.com/r/Watchexchange/comments/1vj6iom/wts_omega_seamaster_railmaster_39mm_250352_clean/,7814774,2026-08-09T16:52:39+00:00
Omega,,,,2895.0,USD,asking,2026-08-09,,,,,,,,ConnorManquen1 follower,watchrecon,community,https://www.reddit.com/r/Watchexchange/comments/1vj6gso/wts_omega_seamaster_aqua_terra_385mm_white/,7815522,2026-08-09T16:52:39+00:00
Omega,,,,4500.0,USD,asking,2026-08-09,,,,,,,,Swissra41 follower,watchrecon,community,https://www.reddit.com/r/Watchexchange/comments/1vj6ehl/wts_omega_seamaster_planet_ocean_8500/,7785609,2026-08-09T16:52:39+00:00
Omega,,,,1650.0,USD,asking,2026-08-09,,,,,,,,JCSoFlo,watchrecon,community,https://www.reddit.com/r/watch_swap/comments/1vj5vkw/wts_omega_de_ville_prestige_tonneau_45035100/,7843783,2026-08-09T16:52:39+00:00
Omega,,,,21999.0,USD,asking,2026-08-09,,,,,,,,kayanako1,watchrecon,community,https://www.reddit.com/r/Watchexchange/comments/1vj5mfc/wts_2018_omega_limited_edition_trilogy_set_1957/,7843789,2026-08-09T16:52:39+00:00
Omega,,,,3500.0,USD,asking,2026-08-09,,,,,,,,christphil,watchrecon,community,https://www.reddit.com/r/Watchexchange/comments/1vj5iyg/wts_omega_speedmaster_mark_iii_serviced_by_omega/,7843782,2026-08-09T16:52:39+00:00
Omega,,,,10000.0,USD,asking,2026-08-09,,,,,,,,keepiece,watchrecon,community,https://www.reddit.com/r/Watchexchange/comments/1vj5grg/wts_bnib_omega_seamaster_300_only_10k/,7749666,2026-08-09T16:52:39+00:00
Omega,,,,975.0,USD,asking,2026-08-09,,,,,,,,Ok-Degree798,watchrecon,community,https://www.reddit.com/r/Watchexchange/comments/1vj5a2m/wts_vintage_omega_automatic_ref_1660140_35mm/,7843772,2026-08-09T16:52:39+00:00
Omega,,,,4499.0,USD,asking,2026-08-09,,,,,,,,kayanako1,watchrecon,community,https://www.reddit.com/r/Watchexchange/comments/1vj4rvt/wts_2024_omega_seamaster_professional/,7843725,2026-08-09T16:52:39+00:00
Omega,,,,799.0,USD,asking,2026-08-09,,,,,,,,keepiece,watchrecon,community,https://www.reddit.com/r/Watchexchange/comments/1vj4p2a/wts_bnib_omega_20mm_bracelet_stz004194/,7838309,2026-08-09T16:52:39+00:00
Omega,,,,3600.0,USD,asking,2026-08-09,,,,,,,,Dense-Bite-1418,watchrecon,community,https://www.reddit.com/r/Watchexchange/comments/1vj43g3/wts_omega_planet_ocean_600m_chronograph_serviced/,7843715,2026-08-09T16:52:39+00:00
Omega,,,,2400.0,USD,asking,2026-08-09,,,,,,,,Kivisto24,watchrecon,community,https://www.reddit.com/r/Watchexchange/comments/1vj44pu/wts_omega_seamaster_professional_300m_41mm/,7804704,2026-08-09T16:52:39+00:00
Omega,,,,6600.0,USD,asking,2026-08-09,,,,,,,,WatchScene3 followers,watchrecon,community,https://www.watchuseek.com/threads/fs-bright-side-of-speedmaster-omega-milano-cortina-%E2%80%93-2026-set.5681508/,7821007,2026-08-09T16:52:39+00:00
Omega,,,,4800.0,USD,asking,2026-08-09,,,,,,,,WatchScene3 followers,watchrecon,community,https://www.watchuseek.com/threads/fs-omega-seamaster-aqua-terra-150m-blue-%E2%80%93-james-bond-spectre-no-time-to-die-%E2%80%93-41-5mm.5679277/,7820976,2026-08-09T16:52:39+00:00
Omega,,,,5500.0,USD,asking,2026-08-09,,,,,,,,hedet,watchrecon,community,https://www.watchuseek.com/threads/fs-omega-speedmaster-professional-3861-hesalite.5684933/,7843685,2026-08-09T16:52:39+00:00
Omega,,,,3500.0,USD,asking,2026-08-09,,,,,,,,uglyRico,watchrecon,community,https://www.reddit.com/r/Watchexchange/comments/1vj3e7l/wts_omega_seamaster_300m_the_seamaster_you_dont/,7843700,2026-08-09T16:52:39+00:00
Omega,,,,5850.0,USD,asking,2026-08-09,,,,,,,,turnkeyconfirm,watchrecon,community,https://www.reddit.com/r/Watchexchange/comments/1vj3fcr/wts_omega_seamaster_planet_ocean_600m_42mm_grade/,7843701,2026-08-09T16:52:39+00:00
Omega,,,,5500.0,USD,asking,2026-08-09,,,,,,,,papacoleman,watchrecon,community,https://www.reddit.com/r/Watchexchange/comments/1vj355n/wts_omega_speedmaster_professional_3861_hesalite/,7843675,2026-08-09T16:52:39+00:00
Omega,,,,7499.0,USD,asking,2026-08-09,,,,,,,,ILeicaWatches,watchrecon,community,https://www.reddit.com/r/Watchexchange/comments/1vj26q7/wtswtt_omega_speedmaster_white_sapphire_sandwich/,7843654,2026-08-09T16:52:39+00:00
Omega,,,,13700.0,USD,asking,2026-08-09,,,,,,,,drster275 followers,watchrecon,community,https://www.watchuseek.com/threads/fsot-reduced-further-omega-speedmaster-pro-silver-snoopy-award-2025-warranty.5683868/,7825302,2026-08-09T16:52:39+00:00
Omega,,,,5497.0,USD,asking,2026-08-09,,,,,,,,watchthelegacy,watchrecon,community,https://www.reddit.com/r/Watchexchange/comments/1vj1f15/wts_2025_omega_seamaster_planet_ocean_600m_blue/,7843617,2026-08-09T16:52:39+00:00
Omega,,,,10000.0,USD,asking,2026-08-08,,,,,,,,dlngr,watchrecon,community,https://www.reddit.com/r/Watchexchange/comments/1vj0i8i/wts_omega_seamaster_300m_21020422001001_excellent/,7839079,2026-08-09T16:52:39+00:00
Omega,,,,799.0,USD,asking,2026-08-08,,,,,,,,ash147ad,watchrecon,community,https://www.reddit.com/r/Watchexchange/comments/1vj0ag9/wts_mint_omega_geneve_manual_wind_ref_135011_cal/,7843600,2026-08-09T16:52:39+00:00
Omega,,,,1100.0,USD,asking,2026-08-08,,,,,,,,ash147ad,watchrecon,community,https://www.reddit.com/r/Watchexchange/comments/1vj03pc/wts_mint_omega_constellation_tv_automatic_date/,7843596,2026-08-09T16:52:39+00:00
Omega,,,,3000.0,USD,asking,2026-08-08,,,,,,,,dlngr,watchrecon,community,https://www.reddit.com/r/Watchexchange/comments/1vj002n/wts_omega_speedmaster_triple_date_32213000/,7838011,2026-08-09T16:52:39+00:00
Omega,,,,1950.0,USD,asking,2026-08-08,,,,,,,,nhan87961 follower,watchrecon,community,https://www.reddit.com/r/Watchexchange/comments/1vizjun/wts_omega_dynamic_iii_chronograph_ref_52405000/,7843561,2026-08-09T16:52:39+00:00
Omega,,,,3200.0,USD,asking,2026-08-08,,,,,,,,nhan87961 follower,watchrecon,community,https://www.reddit.com/r/Watchexchange/comments/1viz7ke/wts_omega_seamaster_professional_diver_300m/,7843547,2026-08-09T16:52:39+00:00
Omega,,,,890.0,USD,asking,2026-08-08,,,,,,,,Vn_Ana-Digi_Watch,watchrecon,community,https://www.reddit.com/r/Watchexchange/comments/1viz6te/wts_vintage_omega_seamaster_cosmic_daydate/,7843545,2026-08-09T16:52:39+00:00
Omega,,,,3975.0,USD,asking,2026-08-08,,,,,,,,SohAIS25 followers,watchrecon,community,https://www.watchuseek.com/threads/fsot-omega-seamaster-diver-213-30-42-40-01-001-300m-automatic-41-5-chronograph-ss-bp.5669857/,7753026,2026-08-09T16:52:39+00:00
Omega,,,,11975.0,USD,asking,2026-08-08,,,,,,,,SohAIS25 followers,watchrecon,community,https://www.watchuseek.com/threads/fsot-omega-speedmaster-moonwatch-racing-tin-tin-311-30-42-30-01-004-box-papers.5664345/,7075226,2026-08-09T16:52:39+00:00
Omega,,,,7775.0,USD,asking,2026-08-08,,,,,,,,SohAIS25 followers,watchrecon,community,https://www.watchuseek.com/threads/fsot-omega-speedmaster-ck2998-blue-ss-bracelet-leather-311-33-40-30-02-001-b-p.5650821/,7192362,2026-08-09T16:52:39+00:00
Omega,,,,2400.0,USD,asking,2026-08-08,,,,,,,,Eddie23112 followers,watchrecon,community,https://www.reddit.com/r/Watchexchange/comments/1viyp32/wts_omega_speedmaster_triple_date_mk40_ref/,7837932,2026-08-09T16:52:39+00:00
Omega,,,,2850.0,USD,asking,2026-08-08,,,,,,,,Eddie23112 followers,watchrecon,community,https://www.reddit.com/r/Watchexchange/comments/1viyn2l/wts_omega_railmaster_ref_28035231_black_dial_39mm/,7821597,2026-08-09T16:52:39+00:00
Omega,,,,425.0,EUR,asking,2026-08-08,,,,,,,,victorescu33 followers,watchrecon,community,https://www.watchuseek.com/threads/price-drop-vintage-1951-omega-automatic-bumper-cal-351.5672733/,7770331,2026-08-09T16:52:39+00:00
Omega,,,,3050.0,USD,asking,2026-08-08,,,,,,,,Eddie23112 followers,watchrecon,community,https://www.reddit.com/r/Watchexchange/comments/1viyle0/wts_omega_seamaster_aqua_terra_ref_23110392106001/,7843537,2026-08-09T16:52:39+00:00
Omega,,,,4250.0,USD,asking,2026-08-08,,,,,,,,Watchex_Enterprises10 followers,watchrecon,community,https://www.reddit.com/r/Watchexchange/comments/1vixpuo/wts_omega_seamaster_300m_box_papers21030422003001/,7843492,2026-08-09T16:52:39+00:00
Omega,,,,4550.0,USD,asking,2026-08-08,,,,,,,,soycowboy10 followers,watchrecon,community,https://www.reddit.com/r/Watchexchange/comments/1vix94h/wts_omega_150m_aqua_terra_41mm_22013412103001/,7843482,2026-08-09T16:52:39+00:00
Omega,,,,3700.0,USD,asking,2026-08-08,,,,,,,,missionluxeco,watchrecon,community,https://www.reddit.com/r/Watchexchange/comments/1vix3t5/wts_2030_warranty_excellent_omega_seamaster_diver/,7843480,2026-08-09T16:52:39+00:00
Omega,,,,6980.0,USD,asking,2026-08-08,,,,,,,,sjohn97,watchrecon,community,https://www.watchuseek.com/threads/omega-seamaster-300m-james-bond-60th-anniversary-42mm-ref-210-30-42-20-03-002-new-unworn-2025-complete-set.5642366/,7843439,2026-08-09T16:52:39+00:00
Omega,,,,799.0,USD,asking,2026-08-08,,,,,,,,Rude-Awakening79,watchrecon,community,https://www.reddit.com/r/watch_swap/comments/1vivjes/wts_omega_seamaster_automatic_166003_circa_1967/,7836135,2026-08-09T16:52:39+00:00
"Blancpain,Breguet,Glashutte Original,H. Moser & Cie,Laurent Ferrier,Longines,Omega,Parmigiani,Seiko,Tag Heuer",,,,88200.0,USD,asking,2026-08-08,,,,,,,,Ralph@ExquisiteTimepieces1 follower,watchrecon,community,https://www.watchuseek.com/threads/fs-angelus-0tcdb-b01a-k009b-gold-carbon-flying-tourbillon-limited-edition.5684899/,7843403,2026-08-09T16:52:39+00:00
"Blancpain,Breguet,Glashutte Original,H. Moser & Cie,Laurent Ferrier,Longines,Omega,Parmigiani,Seiko,Tag Heuer",,,,2850.0,USD,asking,2026-08-08,,,,,,,,Ralph@ExquisiteTimepieces1 follower,watchrecon,community,https://www.watchuseek.com/threads/fs-fears-brunswick-38-polar-white.5684895/,7843399,2026-08-09T16:52:39+00:00
Omega,,,,6800.0,USD,asking,2026-08-08,,,,,,,,winster2 followers,watchrecon,community,https://www.watchuseek.com/threads/wts-omega-planet-ocean-4th-generation-bracelet-orange-rubber-deployment.5684893/,7843397,2026-08-09T16:52:39+00:00
Omega,,,,4050.0,USD,asking,2026-08-08,,,,,,,,bradtown103 posts,watchrecon,community,http://forums.timezone.com/index.php?t=tree&goto=7808925&rid=0#msg_7808925,7843392,2026-08-09T16:52:39+00:00
Omega,,,,1999.0,USD,asking,2026-08-07,,,,,,,,MeatServo1,watchrecon,community,https://www.reddit.com/r/Watchexchange/comments/1vim4j0/wts_vintage_18k_stamped_omega_w/,7843349,2026-08-09T16:52:39+00:00
Omega,,,,1640.0,USD,asking,2026-08-07,,,,,,,,Zealousideal_Log7638,watchrecon,community,https://www.reddit.com/r/Watchexchange/comments/1vilr7h/wtswtt_omega_seamaster_1660216_daydate_1190/,7843346,2026-08-09T16:52:39+00:00
Omega,,,,4250.0,USD,asking,2026-08-07,,,,,,,,decibeljoe1 follower,watchrecon,community,https://www.watchuseek.com/threads/omega-seamaster-aqua-terra-gmt-chrono.5684403/,7840070,2026-08-09T16:52:39+00:00
Omega,,,,7975.0,USD,asking,2026-08-07,,,,,,,,TAKUYA353 followers,watchrecon,community,https://www.watchuseek.com/threads/fsot-omega-speedmaster-professional-moonwatch-3861-white-dial-2026-warranty-full-set.5681166/,7818508,2026-08-09T16:52:39+00:00
Omega,,,,6850.0,USD,asking,2026-08-07,,,,,,,,G-Web4 followers,watchrecon,community,https://www.watchuseek.com/threads/1971-omega-speedmaster-145-022-serviced-extract.5684019/,7837641,2026-08-09T16:52:39+00:00
Omega,,,,4595.0,USD,asking,2026-08-07,,,,,,,,ocwatchguy12 followers,watchrecon,community,https://www.watchuseek.com/threads/fsot-omega-speedmaster-mint-3570-50-black-stainless-steel-42mm-mint.5684864/,7843307,2026-08-09T16:52:39+00:00
Omega,,,,5295.0,USD,asking,2026-08-07,,,,,,,,ocwatchguy12 followers,watchrecon,community,https://www.watchuseek.com/threads/fsot-omega-seamaster-300-heritage-titanium-233-90-41-21-03-001-blue-titanium-41mm-mint.5684862/,7843305,2026-08-09T16:52:39+00:00
Omega,,,,8895.0,USD,asking,2026-08-07,,,,,,,,ocwatchguy12 followers,watchrecon,community,https://www.watchuseek.com/threads/fsot-omega-speedmaster-reduced-marui-sapphire-panda-3539-31-white-stainless-steel-39mm-excellent.5684861/,7825692,2026-08-09T16:52:39+00:00
Omega,,,,1300.0,USD,asking,2026-08-07,,,,,,,,humbucker426,watchrecon,community,https://www.reddit.com/r/Watchexchange/comments/1vijgae/wts_omega_constellation_chronometer_1680055/,7843298,2026-08-09T16:52:39+00:00
Omega,,,,2150.0,USD,asking,2026-08-07,,,,,,,,hoangnguyen952 followers,watchrecon,community,https://www.reddit.com/r/Watchexchange/comments/1vij5qv/wts_omega_seamaster_professional_300m_midsize/,7843293,2026-08-09T16:52:39+00:00
Omega,,,,350.0,USD,asking,2026-08-07,,,,,,,,Hyth17,watchrecon,community,https://www.reddit.com/r/Watchexchange/comments/1vij0wz/wts_rare_omega_deville_rare_spider_dial_1387/,7843286,2026-08-09T16:52:39+00:00
Omega,,,,2450.0,USD,asking,2026-08-07,,,,,,,,hoangnguyen952 followers,watchrecon,community,https://www.reddit.com/r/Watchexchange/comments/1vij079/wts_omega_speedmaster_automatic_triple_calendar/,7843285,2026-08-09T16:52:39+00:00
Omega,,,,2600.0,USD,asking,2026-08-07,,,,,,,,hoangnguyen952 followers,watchrecon,community,https://www.reddit.com/r/Watchexchange/comments/1viivfk/wts_omega_seamaster_aqua_terra_first_gen_glossy/,7843284,2026-08-09T16:52:39+00:00
Omega,,,,2899.0,USD,asking,2026-08-07,,,,,,,,Perfect_Worth_65741 follower,watchrecon,community,https://www.reddit.com/r/Watchexchange/comments/1viht3o/wts_omega_seamaster_aqua_terra_coaxial_ref_250334/,7843262,2026-08-09T16:52:39+00:00
Omega,,,,2850.0,USD,asking,2026-08-07,,,,,,,,Perfect_Worth_65741 follower,watchrecon,community,https://www.reddit.com/r/Watchexchange/comments/1vihr64/wts_omega_seamaster_aqua_terra_coaxial_ref_250333/,7843259,2026-08-09T16:52:39+00:00
Omega,,,,1875.0,USD,asking,2026-08-07,,,,,,,,Perfect_Worth_65741 follower,watchrecon,community,https://www.reddit.com/r/Watchexchange/comments/1vihn94/wts_omega_seamaster_midsize_ref_225189_smaller/,7826713,2026-08-09T16:52:39+00:00
Omega,,,,2100.0,USD,asking,2026-08-07,,,,,,,,Comfortable_Body_958,watchrecon,community,https://www.reddit.com/r/Watchexchange/comments/1vifukm/wts_omega_speedmaster_1760012_mark_45_w_travel/,7843191,2026-08-09T16:52:39+00:00
Omega,,,,2999.0,USD,asking,2026-08-07,,,,,,,,JerryGotCarled,watchrecon,community,https://www.reddit.com/r/Watchexchange/comments/1viepy6/wts_omega_aqua_terra_38mm_grey_teak_dial_ref/,7843150,2026-08-09T16:52:39+00:00
Omega,,,,6400.0,USD,asking,2026-08-07,,,,,,,,chriskie,watchrecon,community,https://www.reddit.com/r/Watchexchange/comments/1viepf7/wts_2026_omega_speedmaster_milano_cortina_ref/,7843149,2026-08-09T16:52:39+00:00
Omega,,,,649.0,USD,asking,2026-08-07,,,,,,,,Bandy_Burnsy,watchrecon,community,https://www.reddit.com/r/watch_swap/comments/1vidaa2/wts_omega_seamaster_cosmic_2000_38mm/,7843099,2026-08-09T16:52:39+00:00
Omega,,,,3650.0,USD,asking,2026-08-07,,,,,,,,soycowboy10 followers,watchrecon,community,https://www.reddit.com/r/Watchexchange/comments/1vic05a/wts_omega_seamaster_professional_300m_bond_ref/,7748664,2026-08-09T16:52:39+00:00
Omega,,,,7450.0,USD,asking,2026-08-07,,,,,,,,Luxe_18,watchrecon,community,https://www.reddit.com/r/Watchexchange/comments/1vibsob/wts_omega_speedmaster_dark_side_of_the_moon_grey/,7843058,2026-08-09T16:52:39+00:00
Omega,,,,2850.0,USD,asking,2026-08-07,,,,,,,,IllustriousJelly34541 follower,watchrecon,community,https://www.reddit.com/r/Watchexchange/comments/1viblqt/wts_omega_aqua_terra_23110392106001_385mm_grey/,7843056,2026-08-09T16:52:39+00:00
Omega,,,,950.0,USD,asking,2026-08-07,,,,,,,,gleij276,watchrecon,community,https://www.reddit.com/r/Watchexchange/comments/1vibfm6/wts_usanj_vintage_omega_de_ville_ref_166033_cal/,7843052,2026-08-09T16:52:39+00:00
Omega,,,,750.0,USD,asking,2026-08-07,,,,,,,,gleij276,watchrecon,community,https://www.reddit.com/r/Watchexchange/comments/1vibbwu/wts_usanj_vintage_omega_seamaster_bumper_ref/,7843049,2026-08-09T16:52:39+00:00
Omega,,,,1800.0,USD,asking,2026-08-07,,,,,,,,keyboardcircle,watchrecon,community,https://www.reddit.com/r/Watchexchange/comments/1vi9xt6/wts_omega_de_ville_prestige_automatic_blue_dial/,7843022,2026-08-09T16:52:39+00:00
Omega,,,,34200.0,USD,asking,2026-08-07,,,,,,,,tradingfortime,watchrecon,community,https://www.reddit.com/r/Watchexchange/comments/1vi9xj9/wts_omega_speedmaster_moonwatch_moonshine_yellow/,7843021,2026-08-09T16:52:39+00:00
Omega,,,,34000.0,USD,asking,2026-08-07,,,,,,,,tradingfortime,watchrecon,community,https://www.reddit.com/r/Watchexchange/comments/1vi9t0y/wts_omega_speedmaster_18k_canopus_white_gold_42mm/,7843019,2026-08-09T16:52:39+00:00
Omega,,,,6699.0,USD,asking,2026-08-07,,,,,,,,Bnole23,watchrecon,community,https://www.reddit.com/r/Watchexchange/comments/1vi9oda/wts_price_drop_omega_speedmaster_3861_sapphire/,7841182,2026-08-09T16:52:39+00:00
Omega,,,,5200.0,USD,asking,2026-08-07,,,,,,,,tradingfortime,watchrecon,community,https://www.reddit.com/r/Watchexchange/comments/1vi9lbv/wts_omega_seamaster_planet_ocean_goodplanet_blue/,7734259,2026-08-09T16:52:39+00:00
Omega,,,,350.0,USD,asking,2026-08-07,,,,,,,,reckness75 followers,watchrecon,community,https://www.watchuseek.com/threads/vintage-omega-seamaster-30-ca-286-hand-winding-135-007-66-lower-price.5674630/,7782363,2026-08-09T16:52:39+00:00
Omega,,,,5300.0,USD,asking,2026-08-07,,,,,,,,Hamad-11,watchrecon,community,https://www.reddit.com/r/Watchexchange/comments/1vi98db/wts_omega_speedmaster_professional_3861_hesalite/,7843010,2026-08-09T16:52:39+00:00
Omega,,,,1475.0,USD,asking,2026-08-07,,,,,,,,cinealta,watchrecon,community,https://www.watchuseek.com/threads/omega-de-ville-prestige-deville-4510-33-00-silver-on-steel-34-4-quartz-unworn-new-old-stock-full-set.5681051/,7839611,2026-08-09T16:52:39+00:00
Omega,,,,2195.0,USD,asking,2026-08-07,,,,,,,,CW_Watch Shop,watchrecon,community,https://www.watchuseek.com/threads/fs-omega-deville-automatic-ref-155-007.5684125/,7838360,2026-08-09T16:52:39+00:00
Omega,,,,4897.0,USD,asking,2026-08-07,,,,,,,,watchthelegacy,watchrecon,community,https://www.reddit.com/r/Watchexchange/comments/1vi7ix5/wts_2021_omega_seamaster_aqua_terra_blue_teak/,7842928,2026-08-09T16:52:39+00:00
Omega,,,,1499.0,USD,asking,2026-08-07,,,,,,,,Valle de Joux3 followers,watchrecon,community,https://www.watchuseek.com/threads/fs-omega-14k-solid-yellow-gold-manual-wind-1970s-black-onyx-dial-beautiful.5628617/,7505665,2026-08-09T16:52:39+00:00
Omega,,,,3750.0,USD,asking,2026-08-07,,,,,,,,IllustriousJelly34541 follower,watchrecon,community,https://www.reddit.com/r/Watchexchange/comments/1vi5c2f/wts_omega_speedmaster_professional_moonwatch/,7825810,2026-08-09T16:52:39+00:00
Omega,,,,7400.0,USD,asking,2026-08-07,,,,,,,,basculante,watchrecon,community,https://www.watchuseek.com/threads/fs-or-trade-2026-omega-planet-ocean-42mm-black-dial-217-30-42-21-01-001-%E2%80%93-like-new-full-kit-%E2%80%93-7-400.5681670/,7822120,2026-08-09T16:52:39+00:00
Omega,,,,4500.0,USD,asking,2026-08-07,,,,,,,,Puzzleheaded_Rip9738,watchrecon,community,https://www.reddit.com/r/Watchexchange/comments/1vi56kk/wts_2026_omega_seaweed_smp/,7842871,2026-08-09T16:52:39+00:00
Omega,,,,4450.0,USD,asking,2026-08-07,,,,,,,,IllustriousJelly34541 follower,watchrecon,community,https://www.reddit.com/r/Watchexchange/comments/1vi58kz/wts_omega_seamaster_300_heritage_23430412101001/,7790914,2026-08-09T16:52:39+00:00
Omega,,,,850.0,USD,asking,2026-08-07,,,,,,,,IllustriousJelly34541 follower,watchrecon,community,https://www.reddit.com/r/Watchexchange/comments/1vi579p/wts_omega_constellation_gold_filled_reference/,7774472,2026-08-09T16:52:39+00:00
Omega,,,,2475.0,USD,asking,2026-08-07,,,,,,,,IllustriousJelly34541 follower,watchrecon,community,https://www.reddit.com/r/Watchexchange/comments/1vi544i/wts_omega_aqua_terra_23110392102001_white_teak/,7796184,2026-08-09T16:52:39+00:00
Omega,,,,2650.0,USD,asking,2026-08-07,,,,,,,,IllustriousJelly34541 follower,watchrecon,community,https://www.reddit.com/r/Watchexchange/comments/1vi52w1/wts_omega_seamaster_223150_automatic_41mm_titanium/,7816166,2026-08-09T16:52:39+00:00
Omega,,,,2950.0,USD,asking,2026-08-07,,,,,,,,IllustriousJelly34541 follower,watchrecon,community,https://www.reddit.com/r/Watchexchange/comments/1vi4n43/wts_omega_seamaster_diver_300m_21230412001003/,7842826,2026-08-09T16:52:39+00:00
Omega,,,,4450.0,USD,asking,2026-08-07,,,,,,,,IllustriousJelly34541 follower,watchrecon,community,https://www.reddit.com/r/Watchexchange/comments/1vi4dri/wts_omega_aqua_terra_22010412103001_complete_set/,7842818,2026-08-09T16:52:39+00:00
Omega,,,,450.0,USD,asking,2026-08-07,,,,,,,,Hyth17,watchrecon,community,https://www.reddit.com/r/Watchexchange/comments/1vi45qp/wts_omega_deville_arabic_numerals_dial/,7842811,2026-08-09T16:52:39+00:00
Omega,,,,890.0,USD,asking,2026-08-07,,,,,,,,Brave_Word_9042,watchrecon,community,https://www.reddit.com/r/Watchexchange/comments/1vi3p73/wts_1967_omega_seamaster_chronometer_ref_168022/,7832663,2026-08-09T16:52:39+00:00
Omega,,,,13550.0,USD,asking,2026-08-07,,,,,,,,mdgrwl37 followers,watchrecon,community,https://www.reddit.com/r/Watchexchange/comments/1vi3cof/wts_omega_speedmaster_dark_side_of_the_moon/,7756889,2026-08-09T16:52:39+00:00
Omega,,,,250.0,USD,asking,2026-08-07,,,,,,,,WRXtranceformed,watchrecon,community,https://www.watchuseek.com/threads/oem-omega-straps.5682060/,7824621,2026-08-09T16:52:39+00:00
Omega,,,,7975.0,USD,asking,2026-08-07,,,,,,,,SohAIS25 followers,watchrecon,community,https://www.watchuseek.com/threads/fsot-omega-speedmaster-3861-moonwatch-310-30-42-50-04-001-white-dial-sapphire-2025-bp.5678733/,7807644,2026-08-09T16:52:39+00:00
Omega,,,,4999.0,USD,asking,2026-08-07,,,,,,,,Cubex2 followers,watchrecon,community,https://www.watchuseek.com/threads/2026-omega-seamaster-diver-300m-seaweed-210-30-42-20-10-001.5684807/,7842714,2026-08-09T16:52:39+00:00
Omega,,,,5550.0,USD,asking,2026-08-07,,,,,,,,WRXtranceformed,watchrecon,community,https://www.watchuseek.com/threads/fs-omega-seamaster-diver-ceramic-300m-43-5mm-ref-210-92-44-20-01-001.5680905/,7817066,2026-08-09T16:52:39+00:00
Patek Philippe,,,,35325.0,USD,asking,2026-08-09,,,,,,,,TAKUYA353 followers,watchrecon,community,https://www.watchuseek.com/threads/fsot-patek-philippe-5212a-stainless-steel-calatrava-weekly-calendar-2025-full-set.5682958/,7801090,2026-08-09T16:52:39+00:00
Patek Philippe,,,,72100.0,USD,asking,2026-08-09,,,,,,,,xyz44,watchrecon,community,https://www.watchuseek.com/threads/fs-patek-philippe-aquanaut-ref-5167a-001.5681567/,7821413,2026-08-09T16:52:39+00:00
Patek Philippe,,,,7400.0,USD,asking,2026-08-08,,,,,,,,Watchex_Enterprises10 followers,watchrecon,community,https://www.reddit.com/r/Watchexchange/comments/1viy5pl/wts_patek_philippe_twenty_4_anthracite_dial_ref/,7752332,2026-08-09T16:52:39+00:00
Patek Philippe,,,,21200.0,USD,asking,2026-08-08,,,,,,,,Watchex_Enterprises10 followers,watchrecon,community,https://www.reddit.com/r/Watchexchange/comments/1viy2rd/wts_patek_philippe_calatrava_5296r001_blue_hands/,7843498,2026-08-09T16:52:39+00:00
Patek Philippe,,,,20600.0,USD,asking,2026-08-07,,,,,,,,Watchex_Enterprises10 followers,watchrecon,community,https://www.reddit.com/r/Watchexchange/comments/1vigam5/wts_patek_philippe_calatrava_5296g001_blue_hands/,7843212,2026-08-09T16:52:39+00:00
Patek Philippe,,,,29400.0,USD,asking,2026-08-07,,,,,,,,Watchex_Enterprises10 followers,watchrecon,community,https://www.reddit.com/r/Watchexchange/comments/1vieefs/wts_patek_philippe_annual_calendar_5396r_sector/,7815914,2026-08-09T16:52:39+00:00
Patek Philippe,,,,76825.0,USD,asking,2026-08-07,,,,,,,,TAKUYA353 followers,watchrecon,community,https://www.watchuseek.com/threads/fsot-patek-philippe-5167a-aquanaut-stainless-steel-extra-bracelet-full-set.5680797/,7815332,2026-08-09T16:52:39+00:00
Patek Philippe,,,,125875.0,USD,asking,2026-08-07,,,,,,,,TAKUYA353 followers,watchrecon,community,https://www.watchuseek.com/threads/fsot-patek-philippe-5968g-aquanaut-chronograph-white-gold-blue-dial-2021-full-set.5668980/,7747877,2026-08-09T16:52:39+00:00
Patek Philippe,,,,18375.0,USD,asking,2026-08-07,,,,,,,,slopekind,watchrecon,community,https://www.reddit.com/r/Watchexchange/comments/1vi96mp/wts_patek_philippe_gondolo_white_gold_factory/,7745375,2026-08-09T16:52:39+00:00
Patek Philippe,,,,47950.0,USD,asking,2026-08-07,,,,,,,,Mechanical-Art,watchrecon,community,https://www.reddit.com/r/Watchexchange/comments/1vi1luo/wtswtt_patek_philippe_complications_annual/,7842698,2026-08-09T16:52:39+00:00
"A. Lange & Sohne,Audemars Piguet,Breitling,FP Journe,Hublot,Panerai,Patek Philippe,Richard Mille,Rolex,Vacheron Constantin",,,,18950.0,USD,asking,2026-08-07,,,,,,,,Mechanical-Art,watchrecon,community,https://www.reddit.com/r/Watchexchange/comments/1vi1eo4/wtswtt_wilbur_leo_jw_14_25_piece_limited_edition/,7835826,2026-08-09T16:52:39+00:00
"A. Lange & Sohne,Audemars Piguet,Breitling,FP Journe,Hublot,Panerai,Patek Philippe,Richard Mille,Rolex,Vacheron Constantin",,,,18750.0,USD,asking,2026-08-07,,,,,,,,Mechanical-Art,watchrecon,community,https://www.reddit.com/r/Watchexchange/comments/1vi062u/wtswtt_czapek_antarctique_passage_de_drake_in/,7842626,2026-08-09T16:52:39+00:00
"A. Lange & Sohne,Audemars Piguet,Breitling,FP Journe,Hublot,Panerai,Patek Philippe,Richard Mille,Rolex,Vacheron Constantin",,,,24750.0,USD,asking,2026-08-07,,,,,,,,Mechanical-Art,watchrecon,community,https://www.reddit.com/r/Watchexchange/comments/1vhzvut/wtswtt_czapek_antarctique_passage_de_drake_99/,7842617,2026-08-09T16:52:39+00:00
"A. Lange & Sohne,Audemars Piguet,Breitling,FP Journe,Hublot,Panerai,Patek Philippe,Richard Mille,Rolex,Vacheron Constantin",,,,8550.0,USD,asking,2026-08-07,,,,,,,,Mechanical-Art,watchrecon,community,https://www.reddit.com/r/Watchexchange/comments/1vhza73/wtswtt_aventi_tourbillon_skeleton_sapphire/,7842592,2026-08-09T16:52:39+00:00
Patek Philippe,,,,37750.0,USD,asking,2026-08-07,,,,,,,,Mechanical-Art,watchrecon,community,https://www.reddit.com/r/Watchexchange/comments/1vhz7cs/wtswtt_patek_philippe_annual_calendar_moonphase/,7842591,2026-08-09T16:52:39+00:00
Patek Philippe,,,,30750.0,USD,asking,2026-08-07,,,,,,,,Mechanical-Art,watchrecon,community,https://www.reddit.com/r/Watchexchange/comments/1vhyrrb/wtswtt_patek_philippe_calatrava_date_carbon_motif/,7842587,2026-08-09T16:52:39+00:00
Patek Philippe,,,,125.0,USD,asking,2026-08-07,,,,,,,,pacodo2 followers,watchrecon,community,https://www.reddit.com/r/Watchexchange/comments/1vhvnga/wts_patek_59801ar_2016_105k/,7842550,2026-08-09T16:52:39+00:00
Patek Philippe,,,,13950.0,USD,asking,2026-08-06,,,,,,,,rkman111 follower,watchrecon,community,https://www.reddit.com/r/Watchexchange/comments/1vhn4st/wts_price_drop_straight_from_original_estate/,7836760,2026-08-09T16:52:39+00:00
Patek Philippe,,,,24650.0,USD,asking,2026-08-06,,,,,,,,Modestsonal3 followers,watchrecon,community,https://www.watchuseek.com/threads/patek-philippe-5146g-annual-calendar-18k-white-gold-clean-unit-oem-strap-oem-gold-deployant-clasp.5684750/,7831028,2026-08-09T16:52:39+00:00
Patek Philippe,,,,123325.0,USD,asking,2026-08-06,,,,,,,,TAKUYA353 followers,watchrecon,community,https://www.watchuseek.com/threads/fsot-patek-philippe-5711-nautilus-stainless-steel-white-dial-patek-serviced-warranty.5684715/,7713933,2026-08-09T16:52:39+00:00
Patek Philippe,,,,75460.0,USD,asking,2026-08-06,,,,,,,,majestixcollection,watchrecon,community,https://www.watchuseek.com/threads/fsot-patek-philippe-grand-complications-blue-dial-perpetual-calendar-18kt-white-gold-blue-leather-strap-39mm-mint-condition-complete-set-5327g-001.5684657/,7841814,2026-08-09T16:52:39+00:00
Patek Philippe,,,,24650.0,USD,asking,2026-08-05,,,,,,,,Watchex_Enterprises10 followers,watchrecon,community,https://www.reddit.com/r/Watchexchange/comments/1vgnlzz/wts_patek_philippe_5146g_annual_calendar_18k/,7788928,2026-08-09T16:52:39+00:00
Patek Philippe,,,,88495.0,USD,asking,2026-08-05,,,,,,,,StellarisCollection1 follower,watchrecon,community,https://www.reddit.com/r/Watchexchange/comments/1vgbvth/wts_patek_philippe_world_time_175th_anniversary/,7741434,2026-08-09T16:52:39+00:00
Patek Philippe,,,,62995.0,USD,asking,2026-08-05,,,,,,,,StellarisCollection1 follower,watchrecon,community,https://www.reddit.com/r/Watchexchange/comments/1vgbty4/wts_patek_philippe_world_time_date_complications/,7751183,2026-08-09T16:52:39+00:00
Patek Philippe,,,,32395.0,USD,asking,2026-08-05,,,,,,,,ocwatchguy12 followers,watchrecon,community,https://www.watchuseek.com/threads/fsot-patek-philippe-calatrava-officers-watch-5153g-010-white-sunburst-guilloche-white-gold-38mm-mint.5684542/,7840951,2026-08-09T16:52:39+00:00
Patek Philippe,,,,30895.0,USD,asking,2026-08-05,,,,,,,,ocwatchguy12 followers,watchrecon,community,https://www.watchuseek.com/threads/fsot-patek-philippe-calatrava-2026-pp-serviced-5153g-001-black-sunburst-guilloche-white-gold-38mm-excellent.5684541/,7840950,2026-08-09T16:52:39+00:00
Patek Philippe,,,,254995.0,USD,asking,2026-08-05,,,,,,,,ValueYourWatch.com,watchrecon,community,https://www.watchuseek.com/threads/fs-patek-philippe-nautilus-perpetual-calendar-moonphase-18k-white-gold-ref-5740-1g-001-full-set.5684523/,7840918,2026-08-09T16:52:39+00:00
Patek Philippe,,,,36500.0,USD,asking,2026-08-04,,,,,,,,Slysplash,watchrecon,community,https://www.reddit.com/r/Watchexchange/comments/1vfp549/wts_patek_philippe_complications_annual_calendar/,7840656,2026-08-09T16:52:39+00:00
Patek Philippe,,,,295875.0,USD,asking,2026-08-04,,,,,,,,TAKUYA353 followers,watchrecon,community,https://www.watchuseek.com/threads/fsot-patek-philippe-5271p-platinum-perpetual-calendar-chronograph-baguette-diamond-2021-full-set.5643114/,7599489,2026-08-09T16:52:39+00:00
Patek Philippe,,,,68825.0,USD,asking,2026-08-04,,,,,,,,TAKUYA353 followers,watchrecon,community,https://www.watchuseek.com/threads/fsot-patek-philippe-5326g-white-gold-annual-calendar-travel-time-2024-full-set.5684003/,7837509,2026-08-09T16:52:39+00:00
Patek Philippe,,,,41895.0,USD,asking,2026-08-04,,,,,,,,ocwatchguy12 followers,watchrecon,community,https://www.watchuseek.com/threads/fsot-patek-philippe-annual-calendar-regulator-5235-50r-001-black-rose-gold-40-5mm-mint.5684423/,7769297,2026-08-09T16:52:39+00:00
Patek Philippe,,,,22500.0,USD,asking,2026-08-03,,,,,,,,bmene,watchrecon,community,https://www.reddit.com/r/Watchexchange/comments/1veyc5l/wtswtt_2006_patek_philippe_5134g_travel_time/,7832469,2026-08-09T16:52:39+00:00
Patek Philippe,,,,73925.0,USD,asking,2026-08-03,,,,,,,,TAKUYA353 followers,watchrecon,community,https://www.watchuseek.com/threads/fsot-nib-patek-philippe-5320g-perpetual-calendar-white-gold-salmon-dial-2026-full-set.5677498/,7800072,2026-08-09T16:52:39+00:00
Patek Philippe,,,,109975.0,USD,asking,2026-08-03,,,,,,,,SohAIS25 followers,watchrecon,community,https://www.watchuseek.com/threads/fsot-patek-philippe-nautilus-5980-1ar-chronograph-18k-rg-ss-blue-dial-2017-b-p.5679529/,7679459,2026-08-09T16:52:39+00:00
Patek Philippe,,,,209995.0,USD,asking,2026-08-03,,,,,,,,Watchexplorer280 followers,watchrecon,community,https://www.watchuseek.com/threads/fs-patek-philippe-5980-1r-rose-gold-nautilus-chronograph-watch.5684068/,7716826,2026-08-09T16:52:39+00:00
Patek Philippe,,,,162000.0,USD,asking,2026-08-03,,,,,,,,StellarisCollection1 follower,watchrecon,community,https://www.reddit.com/r/Watchexchange/comments/1vegcoy/wts_patek_philippe_grand_complications_alarm/,7801363,2026-08-09T16:52:39+00:00
Patek Philippe,,,,175.0,USD,asking,2026-08-02,,,,,,,,Financial_Ad4199,watchrecon,community,https://www.reddit.com/r/Watchexchange/comments/1vdshqa/wts_patek_philippe_21mm_strap_175/,7838961,2026-08-09T16:52:39+00:00
Patek Philippe,,,,95825.0,USD,asking,2026-08-02,,,,,,,,TAKUYA353 followers,watchrecon,community,https://www.watchuseek.com/threads/fsot-patek-philippe-7118-1200a-nautilus-steel-diamond-bezel-blue-dial-2023-full-set.5677988/,7803070,2026-08-09T16:52:39+00:00
Patek Philippe,,,,95375.0,USD,asking,2026-08-02,,,,,,,,TAKUYA353 followers,watchrecon,community,https://www.watchuseek.com/threads/fsot-patek-philippe-5168g-aquanaut-18k-white-gold-green-dial-2022-full-set.5674142/,7760994,2026-08-09T16:52:39+00:00
Patek Philippe,,,,68995.0,USD,asking,2026-08-01,,,,,,,,watchexplorer17599 posts280 followers,watchrecon,community,http://forums.timezone.com/index.php?t=tree&goto=7808709&rid=0#msg_7808709,7838292,2026-08-09T16:52:39+00:00
Patek Philippe,,,,47895.0,USD,asking,2026-08-01,,,,,,,,watchexplorer17599 posts280 followers,watchrecon,community,http://forums.timezone.com/index.php?t=tree&goto=7808708&rid=0#msg_7808708,7796749,2026-08-09T16:52:39+00:00
Patek Philippe,,,,123175.0,USD,asking,2026-08-01,,,,,,,,TAKUYA353 followers,watchrecon,community,https://www.watchuseek.com/threads/fsot-patek-philippe-5961p-platinum-annual-calendar-chrono-blue-dial-diamond-2023.5674143/,7546849,2026-08-09T16:52:39+00:00
Patek Philippe,,,,52000.0,USD,asking,2026-08-01,,,,,,,,soycowboy10 followers,watchrecon,community,https://www.reddit.com/r/Watchexchange/comments/1vco5b6/wts_patek_philippe_aquanaut_5060a_with_extract/,7837780,2026-08-09T16:52:39+00:00
Patek Philippe,,,,53999.0,USD,asking,2026-07-31,,,,,,,,ValueYourWatch.com,watchrecon,community,https://www.watchuseek.com/threads/fs-2024-salmon-dial-patek-philippe-complications-world-time-flyback-chronograph.5683995/,7837459,2026-08-09T16:52:39+00:00
Patek Philippe,,,,55749.0,USD,asking,2026-07-31,,,,,,,,ValueYourWatch.com,watchrecon,community,https://www.watchuseek.com/threads/fs-2019-papers-5320g-cream-dial-white-gold-18k-perpetual-calendar-patek-philippe.5683993/,7837458,2026-08-09T16:52:39+00:00
Patek Philippe,,,,36495.0,USD,asking,2026-07-31,,,,,,,,majestixcollection,watchrecon,community,https://www.watchuseek.com/threads/fsot-2025-patek-philippe-calatrava-white-dial-clous-de-paris-bezel-brown-leather-strap-18k-rose-gold-39mm-mint-condition-complete-set-6119r-001.5683985/,7837369,2026-08-09T16:52:39+00:00
Patek Philippe,,,,2000.0,USD,asking,2026-07-30,,,,,,,,takeiitpersonal,watchrecon,community,https://www.reddit.com/r/Watchexchange/comments/1vb6zji/wts_patek_philippe_5167a_ss_bracelet_extra_15/,7836576,2026-08-09T16:52:39+00:00
Patek Philippe,,,,103000.0,USD,asking,2026-07-30,,,,,,,,theoshaberdashery1 follower,watchrecon,community,https://www.reddit.com/r/Watchexchange/comments/1vb6zeg/wts_patek_philippe_5712_watch_in_steel_103000/,7836575,2026-08-09T16:52:39+00:00
"A. Lange & Sohne,Audemars Piguet,Breitling,FP Journe,Hublot,Panerai,Patek Philippe,Richard Mille,Rolex,Vacheron Constantin",,,,15250.0,USD,asking,2026-07-29,,,,,,,,Mechanical-Art,watchrecon,community,https://www.reddit.com/r/Watchexchange/comments/1va6s3x/wtswtt_hyt_h0_fluid_mechanical_blue_night_black/,7766184,2026-08-09T16:52:39+00:00
Patek Philippe,,,,27900.0,USD,asking,2026-07-28,,,,,,,,Successful-Put-2058,watchrecon,community,https://www.reddit.com/r/Watchexchange/comments/1v9eyvm/wts_2015_patek_philippe_5146g010_annual_calendar/,7835038,2026-08-09T16:52:39+00:00
Patek Philippe,,,,13250.0,USD,asking,2026-07-28,,,,,,,,WatchesOfCharlotte,watchrecon,community,https://www.reddit.com/r/Watchexchange/comments/1v92vv7/wts_us_patek_philippe_calatrava_yellow_gold_white/,7834660,2026-08-09T16:52:39+00:00
Patek Philippe,,,,57497.0,USD,asking,2026-07-27,,,,,,,,ValueYourWatch.com,watchrecon,community,https://www.watchuseek.com/threads/fs-patek-philippe-world-time-flyback-chronograph-5930g-white-gold-complete-39-5mm.5683510/,7834173,2026-08-09T16:52:39+00:00
Patek Philippe,,,,119497.0,USD,asking,2026-07-27,,,,,,,,ValueYourWatch.com,watchrecon,community,https://www.watchuseek.com/threads/fs-patek-philippe-nautilus-flyback-chronograph-5980-1ar-blue-rose-gold-steel-40mm.5683509/,7834172,2026-08-09T16:52:39+00:00
Patek Philippe,,,,24500.0,USD,asking,2026-07-27,,,,,,,,Watchex_Enterprises10 followers,watchrecon,community,https://www.reddit.com/r/Watchexchange/comments/1v8evh7/wts_patek_philippe_annual_calendar_in_18k_white/,7775295,2026-08-09T16:52:39+00:00
"Audemars Piguet,IWC,Panerai,Patek Philippe,Rolex",,,,7895.0,USD,asking,2026-07-27,,,,,,,,ocwatchguy12 followers,watchrecon,community,https://www.watchuseek.com/threads/fsot-glash%C3%BCtte-original-senator-excellence-1-36-01-03-02-66-black-stainless-steel-40mm-mint.5683475/,7718206,2026-08-09T16:52:39+00:00
"Audemars Piguet,IWC,Panerai,Patek Philippe,Rolex",,,,8895.0,USD,asking,2026-07-27,,,,,,,,ocwatchguy12 followers,watchrecon,community,https://www.watchuseek.com/threads/fsot-massena-lab-magraph-ra%C3%BAl-pag%C3%A8s-silver-stainless-steel-like-new.5683474/,7754123,2026-08-09T16:52:39+00:00
Patek Philippe,,,,41395.0,USD,asking,2026-07-27,,,,,,,,StellarisCollection1 follower,watchrecon,community,https://www.reddit.com/r/Watchexchange/comments/1v83pvu/wts_patek_philippe_annual_calendar_regulator_rose/,7689875,2026-08-09T16:52:39+00:00
Patek Philippe,,,,19200.0,USD,asking,2026-07-26,,,,,,,,Modestsonal3 followers,watchrecon,community,https://www.watchuseek.com/threads/patek-philippe-calatrava-5196r-rose-gold-sharp-perfect-dress-proportions-slim-case.5683403/,7833451,2026-08-09T16:52:39+00:00
Patek Philippe,,,,24795.0,USD,asking,2026-07-26,,,,,,,,Modestsonal3 followers,watchrecon,community,https://www.watchuseek.com/threads/patek-philippe-annual-calendar-in-18k-white-gold-ref-5146g-001-clean-oem-strap-oem-gold-deployant-clasp-39mm.5683026/,7831027,2026-08-09T16:52:39+00:00
Tudor,,,,6900.0,USD,asking,2026-08-09,,,,,,,,Hal100002 followers,watchrecon,community,https://www.watchuseek.com/threads/vintage-tudor-ranger-7995-small-rose-smiley-text.5677846/,7802164,2026-08-09T16:52:39+00:00
Tudor,,,,3675.0,USD,asking,2026-08-09,,,,,,,,Pristine_Courage_535,watchrecon,community,https://www.reddit.com/r/Watchexchange/comments/1vjsi9l/wts_tudor_black_bay_41_monochrome_7941a1aonu/,7838018,2026-08-09T16:52:39+00:00
Tudor,,,,1800.0,USD,asking,2026-08-09,,,,,,,,lilolee,watchrecon,community,https://www.reddit.com/r/Watchexchange/comments/1vjs4fl/wts_tudor_prince_dateday_76213_1800/,7844178,2026-08-09T16:52:39+00:00
Tudor,,,,3300.0,USD,asking,2026-08-09,,,,,,,,lilolee,watchrecon,community,https://www.reddit.com/r/Watchexchange/comments/1vjs331/wts_2022_tudor_black_bay_58_925_3300/,7844177,2026-08-09T16:52:39+00:00
Tudor,,,,3899.0,USD,asking,2026-08-09,,,,,,,,JasonTsay,watchrecon,community,https://www.reddit.com/r/Watchexchange/comments/1vjgfpw/wts_tudor_pelagos_39_m25407n_titanium_p39/,7838200,2026-08-09T16:52:39+00:00
Tudor,,,,2500.0,USD,asking,2026-08-09,,,,,,,,minsarker2 followers,watchrecon,community,https://www.reddit.com/r/Watchexchange/comments/1vjerpk/wts_tudor_black_bay_fiftyeight_navy_blue_79030b/,7844030,2026-08-09T16:52:39+00:00
Tudor,,,,125.0,USD,asking,2026-08-09,,,,,,,,pacodo2 followers,watchrecon,community,https://www.reddit.com/r/Watchexchange/comments/1vjes55/wts_tudor_pelagos_39_new_2026_4500/,7844031,2026-08-09T16:52:39+00:00
Tudor,,,,3600.0,USD,asking,2026-08-09,,,,,,,,HistoricalBuy9987,watchrecon,community,https://www.reddit.com/r/Watchexchange/comments/1vjdr0h/wts_tudor_pelagos_blue_25600tb_box_and_papers/,7824789,2026-08-09T16:52:39+00:00
Tudor,,,,3600.0,USD,asking,2026-08-09,,,,,,,,HistoricalBuy9987,watchrecon,community,https://www.reddit.com/r/Watchexchange/comments/1vjajp9/wts_tudor_black_bay_41_7941a1a0ru_5_link_burgundy/,7835022,2026-08-09T16:52:39+00:00
Tudor,,,,135.0,USD,asking,2026-08-09,,,,,,,,Future-Pilot15,watchrecon,community,https://www.reddit.com/r/Watchexchange/comments/1vj9q8f/wts_zealande_black_kfm_strap_new_tudor_pelagos_39/,7843914,2026-08-09T16:52:39+00:00
Tudor,,,,3300.0,USD,asking,2026-08-09,,,,,,,,boardsandfilm,watchrecon,community,https://www.reddit.com/r/Watchexchange/comments/1vj8kap/wts_tudor_pelagos_fxd_full_kit_2022/,7843891,2026-08-09T16:52:39+00:00
Tudor,,,,3200.0,USD,asking,2026-08-09,,,,,,,,WetAndCheesyBurrito,watchrecon,community,https://www.reddit.com/r/Watchexchange/comments/1vj7c6k/wts_tudor_black_bay_54/,7843870,2026-08-09T16:52:39+00:00
Tudor,,,,2850.0,USD,asking,2026-08-09,,,,,,,,ovadivaio,watchrecon,community,https://www.reddit.com/r/Watchexchange/comments/1vj73ej/wts_tudor_prince_date_day_76213_champagne_roman/,7843861,2026-08-09T16:52:39+00:00
Tudor,,,,7999.0,USD,asking,2026-08-09,,,,,,,,keepiece,watchrecon,community,https://www.reddit.com/r/Watchexchange/comments/1vj6suq/wts_1987_tudor_submariner_ref_76100_lollipop_hands/,7750265,2026-08-09T16:52:39+00:00
Tudor,,,,1699.0,USD,asking,2026-08-09,,,,,,,,JerryGotCarled,watchrecon,community,https://www.reddit.com/r/Watchexchange/comments/1vj5jr1/wts_tudor_prince_date_ref_74033_gold_linen_dial/,7828399,2026-08-09T16:52:39+00:00
Tudor,,,,3150.0,USD,asking,2026-08-09,,,,,,,,TJ Lee,watchrecon,community,https://www.watchuseek.com/threads/tudor-pelagos-fxd-marine-nationale-blue-2024-w-box-and-papers.5674212/,7779534,2026-08-09T16:52:39+00:00
Tudor,,,,2750.0,USD,asking,2026-08-09,,,,,,,,JerryGotCarled,watchrecon,community,https://www.reddit.com/r/Watchexchange/comments/1vj42j9/wts_tudor_prince_dateday_76214_linen_diamond_dial/,7831051,2026-08-09T16:52:39+00:00
Tudor,,,,450.0,USD,asking,2026-08-09,,,,,,,,Toasty_Mango,watchrecon,community,https://www.reddit.com/r/Watchexchange/comments/1vj1xql/wts_oem_bb58_gmt_rubber_strap_with_endlinks_and/,7843650,2026-08-09T16:52:39+00:00
Tudor,,,,4275.0,USD,asking,2026-08-08,,,,,,,,slopekind,watchrecon,community,https://www.reddit.com/r/Watchexchange/comments/1vj0ey7/wts_tudor_monochrome_62026/,7820183,2026-08-09T16:52:39+00:00
Tudor,,,,4250.0,USD,asking,2026-08-08,,,,,,,,dlngr,watchrecon,community,https://www.reddit.com/r/Watchexchange/comments/1vizurg/wts_tudor_black_bay_chrono_very_good_condition/,7843569,2026-08-09T16:52:39+00:00
Tudor,,,,3799.0,USD,asking,2026-08-08,,,,,,,,floridays19893 followers,watchrecon,community,https://www.reddit.com/r/Watchexchange/comments/1vizodi/wts_tudor_pelagos_39_titanium_326_p39_ref_25407n/,7843564,2026-08-09T16:52:39+00:00
Tudor,,,,9150.0,USD,asking,2026-08-08,,,,,,,,Six2Midnight_Watches,watchrecon,community,https://www.reddit.com/r/watch_swap/comments/1vizd6e/wts_2025_tudor_black_bay_chrono_flamingo_blue/,7843563,2026-08-09T16:52:39+00:00
Tudor,,,,9150.0,USD,asking,2026-08-08,,,,,,,,Six2Midnight_Watches,watchrecon,community,https://www.reddit.com/r/Watchexchange/comments/1viz83f/wts_2025_tudor_black_bay_chrono_flamingo_blue/,7843551,2026-08-09T16:52:39+00:00
Tudor,,,,2200.0,USD,asking,2026-08-08,,,,,,,,Eddie23112 followers,watchrecon,community,https://www.reddit.com/r/Watchexchange/comments/1viyis9/wts_tudor_prince_dateday_ref_76200_black_dial/,7843536,2026-08-09T16:52:39+00:00
Tudor,,,,1750.0,USD,asking,2026-08-08,,,,,,,,dlngr,watchrecon,community,https://www.reddit.com/r/Watchexchange/comments/1viy9qf/wts_tudor_glamour_date_excellent_condition_watch/,7843500,2026-08-09T16:52:39+00:00
Tudor,,,,725.0,USD,asking,2026-08-08,,,,,,,,trf2271,watchrecon,community,https://www.watchuseek.com/threads/tudor-oem-5-link-22mm.5684592/,7841353,2026-08-09T16:52:39+00:00
Tudor,,,,4999.0,USD,asking,2026-08-08,,,,,,,,Studyingisnotfun2 followers,watchrecon,community,https://www.reddit.com/r/Watchexchange/comments/1viwvrs/wts_2026_brand_new_tudor_black_bay_58_gmt_coke/,7781478,2026-08-09T16:52:39+00:00
Tudor,,,,125.0,USD,asking,2026-08-08,,,,,,,,pacodo2 followers,watchrecon,community,https://www.reddit.com/r/Watchexchange/comments/1viv5y9/wts_tudor_ranger_36mm_black_new_2026_3400/,7843416,2026-08-09T16:52:39+00:00
Tudor,,,,1900.0,USD,asking,2026-08-08,,,,,,,,Ralph@ExquisiteTimepieces1 follower,watchrecon,community,https://www.watchuseek.com/threads/fs-tudor-1926-stainless-steel-black-dial-91650-0004.5684896/,7843400,2026-08-09T16:52:39+00:00
Tudor,,,,3400.0,USD,asking,2026-08-08,,,,,,,,ovadivaio,watchrecon,community,https://www.reddit.com/r/Watchexchange/comments/1virt78/wts_tudor_black_bay_58_blue_ref_79030b_box_paper/,7843389,2026-08-09T16:52:39+00:00
Tudor,,,,90.0,USD,asking,2026-08-08,,,,,,,,One_Fan_2572,watchrecon,community,https://www.reddit.com/r/Watchexchange/comments/1vioyps/wts_price_drop_delugs_cts_tropical_strap_navy/,7843377,2026-08-09T16:52:39+00:00
Tudor,,,,5175.0,USD,asking,2026-08-07,,,,,,,,TAKUYA353 followers,watchrecon,community,https://www.watchuseek.com/threads/fsot-bnib-tudor-black-bay-58-gmt-coke-bezel-jubilee-band-2026-complete-set.5676175/,7792043,2026-08-09T16:52:39+00:00
Tudor,,,,2895.0,USD,asking,2026-08-07,,,,,,,,ocwatchguy12 followers,watchrecon,community,https://www.watchuseek.com/threads/fsot-tudor-date-day-mint-76200-black-stainless-steel-36mm-mint.5684863/,7843306,2026-08-09T16:52:39+00:00
Tudor,,,,2999.0,USD,asking,2026-08-07,,,,,,,,Perfect_Worth_65741 follower,watchrecon,community,https://www.reddit.com/r/Watchexchange/comments/1vihpvb/wts_tudor_black_bay_58_blue_ref_79030b_mint_wears/,7843257,2026-08-09T16:52:39+00:00
Tudor,,,,3850.0,USD,asking,2026-08-07,,,,,,,,Perfect_Worth_65741 follower,watchrecon,community,https://www.reddit.com/r/Watchexchange/comments/1vihp8a/wts_tudor_black_bay_monochrome_black_white_metas/,7843256,2026-08-09T16:52:39+00:00
Tudor,,,,3400.0,USD,asking,2026-08-07,,,,,,,,KatoDynasty,watchrecon,community,https://www.reddit.com/r/Watchexchange/comments/1vihlql/wts_tudor_black_bay_54_blue_dial_m79000_3400/,7843250,2026-08-09T16:52:39+00:00
Tudor,,,,1725.0,USD,asking,2026-08-07,,,,,,,,JCSoFlo,watchrecon,community,https://www.reddit.com/r/watch_swap/comments/1vigmwo/wts_tudor_1926_ref_91550_39mm_full_set/,7843226,2026-08-09T16:52:39+00:00
Tudor,,,,7875.0,USD,asking,2026-08-07,,,,,,,,Perfect_Worth_65741 follower,watchrecon,community,https://www.reddit.com/r/Watchexchange/comments/1vigm8w/wts_tudor_submariner_1964_ref_7928_vintage_done/,7821221,2026-08-09T16:52:39+00:00
Tudor,,,,3250.0,USD,asking,2026-08-07,,,,,,,,bluedevil7704,watchrecon,community,https://www.reddit.com/r/Watchexchange/comments/1vige9f/wts_tudor_black_bay_58_blue_79030b_full_set_2020/,7843214,2026-08-09T16:52:39+00:00
Tudor,,,,5175.0,USD,asking,2026-08-07,,,,,,,,Goatimepieces,watchrecon,community,https://www.reddit.com/r/watch_swap/comments/1vifa1m/wts_tudor_black_bay_58_gmt_coke_brand_new/,7843159,2026-08-09T16:52:39+00:00
Tudor,,,,2600.0,USD,asking,2026-08-07,,,,,,,,ovadivaio,watchrecon,community,https://www.reddit.com/r/Watchexchange/comments/1vieu81/wts_tudor_black_bay_bronze_43mm_slate_grey_dial/,7843156,2026-08-09T16:52:39+00:00
Tudor,,,,5390.0,USD,asking,2026-08-07,,,,,,,,CoinWatchCo3 followers,watchrecon,community,https://www.reddit.com/r/Watchexchange/comments/1vicnks/wts_1995_tudor_36mm_submariner_stainless_steel/,7843087,2026-08-09T16:52:39+00:00
Tudor,,,,2550.0,USD,asking,2026-08-07,,,,,,,,JerryGotCarled,watchrecon,community,https://www.reddit.com/r/Watchexchange/comments/1vibvdw/wts_tudor_1926_36mm_steel_gold_ref_m91451_brand/,7821873,2026-08-09T16:52:39+00:00
Tudor,,,,2000.0,USD,asking,2026-08-07,,,,,,,,gleij276,watchrecon,community,https://www.reddit.com/r/Watchexchange/comments/1vibjzg/wts_usanj_tudor_prince_oysterdate_ref_74000_full/,7843054,2026-08-09T16:52:39+00:00
Tudor,,,,1550.0,USD,asking,2026-08-07,,,,,,,,Practical-Tune4940,watchrecon,community,https://www.reddit.com/r/Watchexchange/comments/1via6uy/wts_tudor_prince_dateday_36mm_linen_dial_steel/,7843026,2026-08-09T16:52:39+00:00
Tudor,,,,3650.0,USD,asking,2026-08-07,,,,,,,,Control187,watchrecon,community,https://www.watchuseek.com/threads/fs-ft-tudor-black-bay-gmt-opaline-m79830rb-%E2%80%94-full-kit-box-papers-tags-2-tudor-bracelets-rubber-strap-%E2%80%94-3-650-shipped-conus.5683288/,7832702,2026-08-09T16:52:39+00:00
Tudor,,,,3475.0,USD,asking,2026-08-07,,,,,,,,trf2271,watchrecon,community,https://www.watchuseek.com/threads/tudor-black-bay-gmt-opaline-2026.5684589/,7841316,2026-08-09T16:52:39+00:00
Tudor,,,,4499.0,USD,asking,2026-08-07,,,,,,,,floridays19893 followers,watchrecon,community,https://www.reddit.com/r/Watchexchange/comments/1vi8x6k/wts_new_tudor_black_bay_58_blackgilt_726_ref/,7842985,2026-08-09T16:52:39+00:00
Tudor,,,,1500.0,USD,asking,2026-08-07,,,,,,,,Hyth17,watchrecon,community,https://www.reddit.com/r/Watchexchange/comments/1vi8uu8/wts_tudor_prince_date_automatic_ref_74034_rare/,7842982,2026-08-09T16:52:39+00:00
Tudor,,,,3499.0,USD,asking,2026-08-07,,,,,,,,militarytudor,watchrecon,community,https://www.reddit.com/r/Watchexchange/comments/1vi8sz3/wts_tudor_black_bay_54_79000n_bb54_nov_25_full_set/,7838833,2026-08-09T16:52:39+00:00
Tudor,,,,3849.0,USD,asking,2026-08-07,,,,,,,,floridays19893 followers,watchrecon,community,https://www.reddit.com/r/Watchexchange/comments/1vi8lv2/wts_2026_new_tudor_black_bay_54_37mm_526_ref/,7842941,2026-08-09T16:52:39+00:00
Tudor,,,,4499.0,USD,asking,2026-08-07,,,,,,,,floridays19893 followers,watchrecon,community,https://www.reddit.com/r/Watchexchange/comments/1vi82nv/wts_new_2026_tudor_pelagos_blue_titanium_42mm/,7842932,2026-08-09T16:52:39+00:00
Tudor,,,,3150.0,USD,asking,2026-08-07,,,,,,,,JerryGotCarled,watchrecon,community,https://www.reddit.com/r/Watchexchange/comments/1vi7xio/wts_tudor_black_bay_58_black_ref_79030n_full_set/,7842930,2026-08-09T16:52:39+00:00
Tudor,,,,2450.0,USD,asking,2026-08-07,,,,,,,,IllustriousJelly34541 follower,watchrecon,community,https://www.reddit.com/r/Watchexchange/comments/1vi4id3/wts_tudor_black_bay_41_smiley_blue_dial_complete/,7842821,2026-08-09T16:52:39+00:00
Tudor,,,,3150.0,USD,asking,2026-08-07,,,,,,,,Six2Midnight_Watches,watchrecon,community,https://www.reddit.com/r/Watchexchange/comments/1vi37wi/wts_april_2026_tudor_royal_40mm_green_dial_ref/,7842763,2026-08-09T16:52:39+00:00
Tudor,,,,799.0,USD,asking,2026-08-07,,,,,,,,ThetaKing1,watchrecon,community,https://www.reddit.com/r/Watchexchange/comments/1vi2hqf/wts_tudor_ranger_bracelet_20mm/,7842750,2026-08-09T16:52:39+00:00
Tudor,,,,9975.0,USD,asking,2026-08-07,,,,,,,,SohAIS25 followers,watchrecon,community,https://www.watchuseek.com/threads/fsot-tudor-79360n-black-bay-chronograph-41mm-pink-dial-ss-jubilee-bracelet-b-p.5679526/,7818650,2026-08-09T16:52:39+00:00
Tudor,,,,10775.0,USD,asking,2026-08-07,,,,,,,,SohAIS25 followers,watchrecon,community,https://www.watchuseek.com/threads/fsot-tudor-79360n-black-bay-chronograph-41mm-flamingo-blue-dial-ss-jubilee-b-p.5679525/,7818649,2026-08-09T16:52:39+00:00
Tudor,,,,5400.0,USD,asking,2026-08-07,,,,,,,,Studyingisnotfun2 followers,watchrecon,community,https://www.reddit.com/r/Watchexchange/comments/1vi1zne/wts_2026_brand_new_tudor_pelagos_ultra_2543c1a7nu/,7827844,2026-08-09T16:52:39+00:00
Tudor,,,,3350.0,USD,asking,2026-08-07,,,,,,,,Studyingisnotfun2 followers,watchrecon,community,https://www.reddit.com/r/Watchexchange/comments/1vi1yff/wts_2026_brand_new_tudor_ranger_36mm_79930_3350/,7842707,2026-08-09T16:52:39+00:00
Tudor,,,,1700.0,USD,asking,2026-08-07,,,,,,,,Studyingisnotfun2 followers,watchrecon,community,https://www.reddit.com/r/Watchexchange/comments/1vi1x4h/wts_2026_brand_new_tudor_1926_gold_36mm_94150_1700/,7805992,2026-08-09T16:52:39+00:00
Tudor,,,,3600.0,USD,asking,2026-08-07,,,,,,,,Studyingisnotfun2 followers,watchrecon,community,https://www.reddit.com/r/Watchexchange/comments/1vi1w41/wts_2025_brand_new_tudor_black_bay_68_7943a1a0nu/,7827178,2026-08-09T16:52:39+00:00
Tudor,,,,2300.0,USD,asking,2026-08-07,,,,,,,,loop0br,watchrecon,community,https://www.reddit.com/r/Watchexchange/comments/1vi1bur/wts_tudor_black_bay_58_bb58/,7842660,2026-08-09T16:52:39+00:00
Tudor,,,,2700.0,USD,asking,2026-08-07,,,,,,,,Eddie23112 followers,watchrecon,community,https://www.reddit.com/r/Watchexchange/comments/1vi13o6/wts_tudor_prince_dateday_ref_76213_twotone_black/,7823023,2026-08-09T16:52:39+00:00
Tudor,,,,4250.0,USD,asking,2026-08-07,,,,,,,,PerceptionMountain70,watchrecon,community,https://www.reddit.com/r/watch_swap/comments/1vi0vhv/wts_the_tudor_black_bay_58_had_a_glass_of_red_wine/,7842643,2026-08-09T16:52:39+00:00
Tudor,,,,3199.0,USD,asking,2026-08-07,,,,,,,,Watcholic_Captain,watchrecon,community,https://www.reddit.com/r/Watchexchange/comments/1vhy284/wts_tudor_black_bay_one_39mm/,7842567,2026-08-09T16:52:39+00:00
Tudor,,,,125.0,USD,asking,2026-08-07,,,,,,,,pacodo2 followers,watchrecon,community,https://www.reddit.com/r/Watchexchange/comments/1vhvmue/wts_tudor_blaken_popcorn_55k/,7842549,2026-08-09T16:52:39+00:00
Tudor,,,,125.0,USD,asking,2026-08-07,,,,,,,,pacodo2 followers,watchrecon,community,https://www.reddit.com/r/Watchexchange/comments/1vhvkob/wts_tudor_royal_34mm_2_tone_mop_diamond_dial_new/,7842545,2026-08-09T16:52:39+00:00
Tudor,,,,4200.0,USD,asking,2026-08-07,,,,,,,,thetimehaus,watchrecon,community,https://www.reddit.com/r/Watchexchange/comments/1vhr96v/wts_2024_tudor_black_bay_58_gmt_coke_ref/,7842505,2026-08-09T16:52:39+00:00
Tudor,,,,4850.0,USD,asking,2026-08-06,,,,,,,,ernman3,watchrecon,community,https://www.watchuseek.com/threads/tudor-black-bay-54-lagoon-blue.5683626/,7834993,2026-08-09T16:52:39+00:00
Tudor,,,,3995.0,USD,asking,2026-08-06,,,,,,,,ocwatchguy12 followers,watchrecon,community,https://www.watchuseek.com/threads/fsot-tudor-pelagos-39-2025-25407n-0001-black-titanium-39mm-mint.5684756/,7842372,2026-08-09T16:52:39+00:00
Tudor,,,,3895.0,USD,asking,2026-08-06,,,,,,,,ocwatchguy12 followers,watchrecon,community,https://www.watchuseek.com/threads/fsot-tudor-ranger-may-2026-dune-79950-0008-tan-stainless-steel-39mm-mint.5684753/,7842370,2026-08-09T16:52:39+00:00
Tudor,,,,4150.0,USD,asking,2026-08-06,,,,,,,,Goatimepieces,watchrecon,community,https://www.reddit.com/r/watch_swap/comments/1vhljh3/wts_tudor_black_bay_pro_opaline_dial_brand_new/,7842361,2026-08-09T16:52:39+00:00
Tudor,,,,4500.0,USD,asking,2026-08-06,,,,,,,,gaffs821 follower,watchrecon,community,https://www.reddit.com/r/Watchexchange/comments/1vhkcgv/wts_tudor_black_bay_58_burgundy_brand_new_july/,7842331,2026-08-09T16:52:39+00:00
Tudor,,,,3400.0,USD,asking,2026-08-06,,,,,,,,ValueYourWatch.com,watchrecon,community,https://www.watchuseek.com/threads/fs-tudor-pelagos-42mm-%E2%80%93-ref-25600tb.5661834/,7842319,2026-08-09T16:52:39+00:00
Tudor,,,,3250.0,USD,asking,2026-08-06,,,,,,,,bjespo1 follower,watchrecon,community,https://www.watchuseek.com/threads/fs-tudor-pelagos-fxd-marine-nationale-2025-full-kit.5683515/,7841574,2026-08-09T16:52:39+00:00
Tudor,,,,2650.0,USD,asking,2026-08-06,,,,,,,,twinsora,watchrecon,community,https://www.reddit.com/r/Watchexchange/comments/1vhg4os/wts_tudor_bb58_blue_79030b/,7779861,2026-08-09T16:52:39+00:00
Tudor,,,,2500.0,USD,asking,2026-08-06,,,,,,,,Salty_Squidd,watchrecon,community,https://www.reddit.com/r/Watchexchange/comments/1vhfvl3/wts_tudor_royal_ref_m285000005/,7842223,2026-08-09T16:52:39+00:00
Tudor,,,,11175.0,USD,asking,2026-08-06,,,,,,,,TAKUYA353 followers,watchrecon,community,https://www.watchuseek.com/threads/fsot-bnib-tudor-79310n-black-bay-chronograph-39-yellow-dial-2026-model-full-set.5681270/,7819275,2026-08-09T16:52:39+00:00
Tudor,,,,3900.0,USD,asking,2026-08-06,,,,,,,,jimiwilli,watchrecon,community,https://www.watchuseek.com/threads/fs-tudor-heritage-chrono-blue-70330b.5681801/,7823133,2026-08-09T16:52:39+00:00
Tudor,,,,3500.0,USD,asking,2026-08-06,,,,,,,,lilolee,watchrecon,community,https://www.reddit.com/r/Watchexchange/comments/1vh9stj/wts_2025_tudor_black_bay_58_burgundy_3500/,7842031,2026-08-09T16:52:39+00:00
Tudor,,,,4300.0,USD,asking,2026-08-06,,,,,,,,lilolee,watchrecon,community,https://www.reddit.com/r/Watchexchange/comments/1vh9r1b/wts_2025_tudor_black_bay_58_burgundy_4300/,7842030,2026-08-09T16:52:39+00:00
Tudor,,,,2800.0,USD,asking,2026-08-06,,,,,,,,lilolee,watchrecon,community,https://www.reddit.com/r/Watchexchange/comments/1vh9g8u/wts_tudor_black_bay_58_79030n_2800/,7842025,2026-08-09T16:52:39+00:00
Tudor,,,,2800.0,USD,asking,2026-08-06,,,,,,,,lilolee,watchrecon,community,https://www.reddit.com/r/Watchexchange/comments/1vh9ek7/wts_2010_tudor_prince_dateday_champagne_stick/,7842024,2026-08-09T16:52:39+00:00
Tudor,,,,2800.0,USD,asking,2026-08-06,,,,,,,,lilolee,watchrecon,community,https://www.reddit.com/r/Watchexchange/comments/1vh9dil/wts_2007_tudor_prince_dateday_diamond_linen_dial/,7842023,2026-08-09T16:52:39+00:00
Tudor,,,,2400.0,USD,asking,2026-08-06,,,,,,,,lilolee,watchrecon,community,https://www.reddit.com/r/Watchexchange/comments/1vh9bi7/wts_2022_tudor_royal_28600_2400/,7842019,2026-08-09T16:52:39+00:00
Tudor,,,,2300.0,USD,asking,2026-08-06,,,,,,,,lilolee,watchrecon,community,https://www.reddit.com/r/Watchexchange/comments/1vh98on/wts_2022_tudor_royal_28500_2300/,7842008,2026-08-09T16:52:39+00:00
Tudor,,,,2850.0,USD,asking,2026-08-06,,,,,,,,Bubbly_Wall_908,watchrecon,community,https://www.reddit.com/r/Watchexchange/comments/1vh898y/wts_tudor_black_bay_fiftyeight_2024_on_oem_sail/,7841997,2026-08-09T16:52:39+00:00
Tudor,,,,3800.0,USD,asking,2026-08-06,,,,,,,,Studyingisnotfun2 followers,watchrecon,community,https://www.reddit.com/r/Watchexchange/comments/1vh7tc0/wts_2023_tudor_black_bay_chrono_panda_41mm_79360n/,7841980,2026-08-09T16:52:39+00:00
Tudor,,,,3100.0,USD,asking,2026-08-06,,,,,,,,Studyingisnotfun2 followers,watchrecon,community,https://www.reddit.com/r/Watchexchange/comments/1vh7s03/wts_2025_tudor_black_bay_pro_gmt_79470_3100/,7841979,2026-08-09T16:52:39+00:00
Tudor,,,,3100.0,USD,asking,2026-08-06,,,,,,,,Studyingisnotfun2 followers,watchrecon,community,https://www.reddit.com/r/Watchexchange/comments/1vh7r70/wts_2026_brand_new_tudor_royal_blue_dial_40mm/,7814001,2026-08-09T16:52:39+00:00
Tudor,,,,2650.0,USD,asking,2026-08-06,,,,,,,,Studyingisnotfun2 followers,watchrecon,community,https://www.reddit.com/r/Watchexchange/comments/1vh7qaf/wts_2026_brand_new_tudor_ranger_39mm_79950_2650/,7835029,2026-08-09T16:52:39+00:00
Tudor,,,,4450.0,USD,asking,2026-08-06,,,,,,,,recaro181 follower,watchrecon,community,https://www.watchuseek.com/threads/2026-tudor-black-bay-54-79000n-full-set-with-extras.5680824/,7816988,2026-08-09T16:52:39+00:00
Tudor,,,,2999.0,USD,asking,2026-08-06,,,,,,,,gabe_watch,watchrecon,community,https://www.reddit.com/r/watch_swap/comments/1vh6x96/wts_tudor_ranger_dune_39mm_79950_full_kit_122025/,7841952,2026-08-09T16:52:39+00:00
Tudor,,,,3900.0,USD,asking,2026-08-06,,,,,,,,BurtMaklin,watchrecon,community,https://www.reddit.com/r/Watchexchange/comments/1vh4fq6/wts_tudor_pelagos_39_full_set/,7833704,2026-08-09T16:52:39+00:00
Tudor,,,,2450.0,USD,asking,2026-08-06,,,,,,,,Critical_Gas_2590,watchrecon,community,https://www.reddit.com/r/Watchexchange/comments/1vh3eui/wts_tudor_black_bay_58_black_ref_79030n/,7841862,2026-08-09T16:52:39+00:00
Tudor,,,,3250.0,USD,asking,2026-08-06,,,,,,,,whitemb,watchrecon,community,https://www.watchuseek.com/threads/1972-tudor-prince-oysterdate-jumbo-7025-3.5667876/,7741447,2026-08-09T16:52:39+00:00
Tudor,,,,4599.0,USD,asking,2026-08-06,,,,,,,,floridays19893 followers,watchrecon,community,https://www.reddit.com/r/Watchexchange/comments/1vh0urt/wts_new_2026_tudor_pelagos_39_black_titanium_726/,7841839,2026-08-09T16:52:39+00:00
Tudor,,,,4899.0,USD,asking,2026-08-06,,,,,,,,floridays19893 followers,watchrecon,community,https://www.reddit.com/r/Watchexchange/comments/1vh0ngo/wts_new_2026_tudor_black_bay_58_gmt_jubilee_726/,7841838,2026-08-09T16:52:39+00:00
Tudor,,,,3349.0,USD,asking,2026-08-06,,,,,,,,floridays19893 followers,watchrecon,community,https://www.reddit.com/r/Watchexchange/comments/1vh00c0/wts_2024_tudor_black_bay_58_blue_ref_79030b_524/,7841835,2026-08-09T16:52:39+00:00
Tudor,,,,2550.0,USD,asking,2026-08-06,,,,,,,,Right_Potential789,watchrecon,community,https://www.reddit.com/r/Watchexchange/comments/1vgx6ua/wts_2020_tudor_black_bay_heritage_41_burgundy/,7841820,2026-08-09T16:52:39+00:00
Tudor,,,,2550.0,USD,asking,2026-08-05,,,,,,,,taengoo4life5 followers,watchrecon,community,https://www.reddit.com/r/Watchexchange/comments/1vgrr6g/wts_tudor_ranger_79950_39mm_2023_full_kit_2550/,7833479,2026-08-09T16:52:39+00:00
Tudor,,,,2150.0,USD,asking,2026-08-05,,,,,,,,taengoo4life5 followers,watchrecon,community,https://www.reddit.com/r/Watchexchange/comments/1vgriyu/wts_tudor_prince_daydate_76200_36mm_white_arabic/,7820522,2026-08-09T16:52:39+00:00
Tudor,,,,2999.0,USD,asking,2026-08-05,,,,,,,,Pristine_Courage_535,watchrecon,community,https://www.reddit.com/r/Watchexchange/comments/1vgoku2/wts_tudor_black_bay_58_79030n_full_set/,7841609,2026-08-09T16:52:39+00:00
Tudor,,,,3700.0,USD,asking,2026-08-05,,,,,,,,BrianRawley4087,watchrecon,community,https://www.reddit.com/r/Watchexchange/comments/1vgom8q/wts_tudor_pelagos_39mm_complete_set_excellent/,7838969,2026-08-09T16:52:39+00:00
Tudor,,,,3899.0,USD,asking,2026-08-05,,,,,,,,Pristine_Courage_535,watchrecon,community,https://www.reddit.com/r/Watchexchange/comments/1vgok98/wts_tudor_pelagos_39_25407n_full_set_2026/,7841608,2026-08-09T16:52:39+00:00
Tudor,,,,4699.0,USD,asking,2026-08-05,,,,,,,,Goatimepieces,watchrecon,community,https://www.reddit.com/r/Watchexchange/comments/1vgnkrp/wts_tudor_black_bay_monochrome_jubilee_brand_new/,7841587,2026-08-09T16:52:39+00:00
Tudor,,,,4799.0,USD,asking,2026-08-05,,,,,,,,Goatimepieces,watchrecon,community,https://www.reddit.com/r/Watchexchange/comments/1vgnf17/wts_tudor_pelagos_39_brand_new_complete_set_4799/,7841565,2026-08-09T16:52:39+00:00
Tudor,,,,3250.0,USD,asking,2026-08-05,,,,,,,,JerryGotCarled,watchrecon,community,https://www.reddit.com/r/Watchexchange/comments/1vgmhuk/wts_tudor_black_bay_58_blue_79030b_full_set_2021/,7841541,2026-08-09T16:52:39+00:00
"Rolex,Tudor",,,,1900.0,USD,asking,2026-08-05,,,,,,,,mildstimulant,watchrecon,community,https://www.reddit.com/r/Watchexchange/comments/1vgiwc1/wts_vintage_rolextudor_oyster_custom_california/,7841445,2026-08-09T16:52:39+00:00
Tudor,,,,4395.0,USD,asking,2026-08-05,,,,,,,,Fun-Statistician9830,watchrecon,community,https://www.reddit.com/r/Watchexchange/comments/1vgikme/wts_usfl_tudor_black_bay_58_burgundy/,7841432,2026-08-09T16:52:39+00:00
Tudor,,,,4595.0,USD,asking,2026-08-05,,,,,,,,Fun-Statistician9830,watchrecon,community,https://www.reddit.com/r/Watchexchange/comments/1vgic94/wts_usfl_tudor_black_bay_54_allblue_m79000b0001/,7841430,2026-08-09T16:52:39+00:00
Tudor,,,,13900.0,USD,asking,2026-08-05,,,,,,,,majestixcollection,watchrecon,community,https://www.watchuseek.com/threads/fsot-tudor-black-bay-58-green-dial-brown-green-bezel-brown-green-fabric-strap-18k-yellow-gold-39mm-mint-condition-complete-set-m79018v-0001.5684597/,7760707,2026-08-09T16:52:39+00:00
Tudor,,,,1450.0,USD,asking,2026-08-05,,,,,,,,ovadivaio,watchrecon,community,https://www.reddit.com/r/Watchexchange/comments/1vghj8x/wts_tudor_1926_36mm_silver_textured_dial_ref/,7841404,2026-08-09T16:52:39+00:00
Tudor,,,,3225.0,USD,asking,2026-08-05,,,,,,,,purebred08,watchrecon,community,https://www.watchuseek.com/threads/fs-tudor-black-bay-41-ceramic-case-79210cnu-full-kit.5671099/,7760905,2026-08-09T16:52:39+00:00
Tudor,,,,2600.0,USD,asking,2026-08-05,,,,,,,,RivetingxWeb,watchrecon,community,https://www.reddit.com/r/Watchexchange/comments/1vgbf1l/wts_tudor_black_bay_pro_m79470_2024/,7841211,2026-08-09T16:52:39+00:00
Tudor,,,,4999.0,USD,asking,2026-08-05,,,,,,,,floridays19893 followers,watchrecon,community,https://www.reddit.com/r/Watchexchange/comments/1vg9mtu/wts_new_2026_tudor_black_bay_58_gmt_jubilee_726/,7841167,2026-08-09T16:52:39+00:00
Tudor,,,,9250.0,USD,asking,2026-08-05,,,,,,,,SolanaWatches,watchrecon,community,https://www.reddit.com/r/Watchexchange/comments/1vg9mj7/wts_brand_new_tudor_black_bay_pink_chrono_79360n/,7841166,2026-08-09T16:52:39+00:00
Tudor,,,,5850.0,USD,asking,2026-08-05,,,,,,,,mp_chronorides2 followers,watchrecon,community,https://www.watchuseek.com/threads/fs-unworn-tudor-black-bay-chrono-panda-41mm-m79360n-0014-complete-set.5683212/,7832165,2026-08-09T16:52:39+00:00
Tudor,,,,5150.0,USD,asking,2026-08-05,,,,,,,,mp_chronorides2 followers,watchrecon,community,https://www.watchuseek.com/threads/fs-unworn-tudor-black-bay-58-gmt-coke-39mm-m7939g1a0nru-x2-available.5683211/,7832164,2026-08-09T16:52:39+00:00
Tudor,,,,4399.0,USD,asking,2026-08-05,,,,,,,,floridays19893 followers,watchrecon,community,https://www.reddit.com/r/Watchexchange/comments/1vg8uuk/wts_2026_new_tudor_black_bay_41_monochrome/,7841155,2026-08-09T16:52:39+00:00
Tudor,,,,2700.0,USD,asking,2026-08-05,,,,,,,,Eddie23112 followers,watchrecon,community,https://www.reddit.com/r/Watchexchange/comments/1vg8odt/wts_tudor_prince_dateday_ref_76213_18k_solid_gold/,7828959,2026-08-09T16:52:39+00:00
Tudor,,,,2750.0,USD,asking,2026-08-05,,,,,,,,Studyingisnotfun2 followers,watchrecon,community,https://www.reddit.com/r/Watchexchange/comments/1vg8jo5/wts_tudor_prince_date_day_linen_diamond_dial_36mm/,7841150,2026-08-09T16:52:39+00:00
Tudor,,,,2750.0,USD,asking,2026-08-05,,,,,,,,Studyingisnotfun2 followers,watchrecon,community,https://www.reddit.com/r/Watchexchange/comments/1vg8gm1/wts_2026_tudor_ranger_39mm_79950_2750/,7841146,2026-08-09T16:52:39+00:00
Tudor,,,,3750.0,USD,asking,2026-08-05,,,,,,,,Studyingisnotfun2 followers,watchrecon,community,https://www.reddit.com/r/Watchexchange/comments/1vg8frj/wts_discontinued_2026_brand_new_tudor_black_bay/,7841145,2026-08-09T16:52:39+00:00
Tudor,,,,2700.0,USD,asking,2026-08-05,,,,,,,,AudaciousCo7 followers,watchrecon,community,https://www.reddit.com/r/Watchexchange/comments/1vg8dvw/wts_tudor_daydate_enamel_dial_ref76214_18k_white/,7841142,2026-08-09T16:52:39+00:00
Tudor,,,,3350.0,USD,asking,2026-08-05,,,,,,,,Tennisplayer802,watchrecon,community,https://www.reddit.com/r/watch_swap/comments/1vg8d9u/wts_tudor_pelagos_fxd_mn22_full_kit_extra_straps/,7840557,2026-08-09T16:52:39+00:00
Tudor,,,,3100.0,USD,asking,2026-08-05,,,,,,,,Studyingisnotfun2 followers,watchrecon,community,https://www.reddit.com/r/Watchexchange/comments/1vg8c34/wts_discontinued_tudor_black_bay_58_blue_79030b/,7841138,2026-08-09T16:52:39+00:00
Tudor,,,,4399.0,USD,asking,2026-08-05,,,,,,,,floridays19893 followers,watchrecon,community,https://www.reddit.com/r/Watchexchange/comments/1vg8cc7/wts_new_2026_tudor_black_bay_58_gmt_726/,7841139,2026-08-09T16:52:39+00:00
Tudor,,,,2750.0,USD,asking,2026-08-05,,,,,,,,smilton5 followers,watchrecon,community,https://www.watchuseek.com/threads/fs-reduced-tudor-ranger-39-black-dial-on-bracelet-new-oct-2025.5682551/,7827876,2026-08-09T16:52:39+00:00
Tudor,,,,4800.0,USD,asking,2026-08-05,,,,,,,,drushiesty,watchrecon,community,https://www.reddit.com/r/Watchexchange/comments/1vg7xtd/wts_tudor_black_bay_58_26_full_set_4800_like_new/,7841044,2026-08-09T16:52:39+00:00
Tudor,,,,3895.0,USD,asking,2026-08-05,,,,,,,,Longjumping-Dream517,watchrecon,community,https://www.reddit.com/r/Watchexchange/comments/1vg7jgv/wts_tudor_pelagos_25600tb/,7841039,2026-08-09T16:52:39+00:00
Tudor,,,,1799.0,USD,asking,2026-08-05,,,,,,,,mhstoreonline,watchrecon,community,https://www.reddit.com/r/Watchexchange/comments/1vg5wqs/wts_tudor_grantour_41mm_automatic_uae_prince/,7840998,2026-08-09T16:52:39+00:00
Cartier,,,,2350.0,USD,asking,2026-08-09,,,,,,,,LouisWatches,watchrecon,community,https://www.reddit.com/r/Watchexchange/comments/1vjsxvv/wts_cartier_pasha_ref_7324_balck_dial_arabic/,7844230,2026-08-09T16:52:39+00:00
Cartier,,,,4999.0,USD,asking,2026-08-09,,,,,,,,Goatimepieces,watchrecon,community,https://www.reddit.com/r/watch_swap/comments/1vjnoaa/wts_cartier_small_panthere_wspn0013_brand/,7843182,2026-08-09T16:52:39+00:00
Cartier,,,,3450.0,USD,asking,2026-08-09,,,,,,,,LoveMakesASoundSoul,watchrecon,community,https://www.reddit.com/r/Watchexchange/comments/1vjgypp/wts_cartier_vendome_louis_cartier_trinity/,7844055,2026-08-09T16:52:39+00:00
Cartier,,,,3200.0,USD,asking,2026-08-09,,,,,,,,LoveMakesASoundSoul,watchrecon,community,https://www.reddit.com/r/Watchexchange/comments/1vjgy4c/wts_cartier_vendome_louis_cartier_ref866010_18k/,7844054,2026-08-09T16:52:39+00:00
Cartier,,,,4350.0,USD,asking,2026-08-09,,,,,,,,Ambitious_Radish,watchrecon,community,https://www.reddit.com/r/Watchexchange/comments/1vjaozq/wtswtt_calibre_de_cartier_w7100016_masculine_and/,7843927,2026-08-09T16:52:39+00:00
Cartier,,,,5750.0,USD,asking,2026-08-09,,,,,,,,nicholasnick,watchrecon,community,https://www.watchuseek.com/threads/fsot-calibre-de-cartier-chronograph-watch-large-w-rose-gold-bezel-pristine-ref-w7100043.5679243/,7820205,2026-08-09T16:52:39+00:00
Cartier,,,,3800.0,USD,asking,2026-08-09,,,,,,,,pre_captain_america,watchrecon,community,https://www.reddit.com/r/Watchexchange/comments/1vj7s5v/wts_cartier_tank_must_large_on_bracelet_full_set/,7843874,2026-08-09T16:52:39+00:00
Cartier,,,,1900.0,USD,asking,2026-08-09,,,,,,,,Dense-Bite-1418,watchrecon,community,https://www.reddit.com/r/Watchexchange/comments/1vj6r1d/wts_cartier_ronde_solo_36mm_w6701005_1900/,7843850,2026-08-09T16:52:39+00:00
Cartier,,,,1750.0,USD,asking,2026-08-08,,,,,,,,dlngr,watchrecon,community,https://www.reddit.com/r/Watchexchange/comments/1vj0al7/wts_cartier_tank_vermeil_good_condition_serviced/,7838111,2026-08-09T16:52:39+00:00
Cartier,,,,520.0,USD,asking,2026-08-08,,,,,,,,AudaciousCo7 followers,watchrecon,community,https://www.reddit.com/r/Watchexchange/comments/1viwk6b/wts_sary007_cartier_presage_excellent_condition/,7843437,2026-08-09T16:52:39+00:00
Cartier,,,,6999.0,USD,asking,2026-08-08,,,,,,,,floridays19893 followers,watchrecon,community,https://www.reddit.com/r/Watchexchange/comments/1viumwx/wts_mint_cartier_santos_de_cartier_medium_white/,7838059,2026-08-09T16:52:39+00:00
Cartier,,,,5895.0,USD,asking,2026-08-08,,,,,,,,Alex Collector34 followers,watchrecon,community,https://www.watchuseek.com/threads/fs-cartier-santos-100-xl-chronograph-roman-w2020005-titanium-case-coated-with-adlc-boxes-ebay-papers-price-reduction.5681072/,7748849,2026-08-09T16:52:39+00:00
Cartier,,,,1850.0,USD,asking,2026-08-08,,,,,,,,LoveMakesASoundSoul,watchrecon,community,https://www.reddit.com/r/Watchexchange/comments/1vint6w/wts_cartier_pasha_seatimer_refr4010_35mm/,7824948,2026-08-09T16:52:39+00:00
Cartier,,,,2050.0,USD,asking,2026-08-08,,,,,,,,LoveMakesASoundSoul,watchrecon,community,https://www.reddit.com/r/Watchexchange/comments/1vinsme/wts_cartier_must_tank_lm_trinity_art_deco_manual/,7825685,2026-08-09T16:52:39+00:00
Cartier,,,,2500.0,USD,asking,2026-08-08,,,,,,,,LoveMakesASoundSoul,watchrecon,community,https://www.reddit.com/r/Watchexchange/comments/1vingdh/wts_cartier_must_tank_lm_classic_roman_quartz_2500/,7842478,2026-08-09T16:52:39+00:00
Cartier,,,,7350.0,USD,asking,2026-08-07,,,,,,,,Perfect_Worth_65741 follower,watchrecon,community,https://www.reddit.com/r/Watchexchange/comments/1vihsdc/wts_cartier_santos_dumont_black_lacquer_mint_2026/,7831894,2026-08-09T16:52:39+00:00
Cartier,,,,5300.0,USD,asking,2026-08-07,,,,,,,,Embarrassed-Mall6116,watchrecon,community,https://www.reddit.com/r/Watchexchange/comments/1vidh5x/wts_cartier_santos_galbée_chronograph_quartz_box/,7843116,2026-08-09T16:52:39+00:00
Cartier,,,,6799.0,USD,asking,2026-08-07,,,,,,,,thewatchpulse,watchrecon,community,https://www.reddit.com/r/Watchexchange/comments/1vidcph/wts_2025_cartier_santos_medium_ref_wssa0029/,7843111,2026-08-09T16:52:39+00:00
Cartier,,,,5498.0,USD,asking,2026-08-07,,,,,,,,Lerari41,watchrecon,community,https://www.reddit.com/r/Watchexchange/comments/1vic0ye/wts_cartier_ballon_bleu_40mm_blue_dial_fresh/,7843076,2026-08-09T16:52:39+00:00
Cartier,,,,2250.0,USD,asking,2026-08-07,,,,,,,,IllustriousJelly34541 follower,watchrecon,community,https://www.reddit.com/r/Watchexchange/comments/1vibe1e/wts_cartier_tank_must_de_cartier_dore_dial_23x30mm/,7843050,2026-08-09T16:52:39+00:00
Cartier,,,,5620.0,USD,asking,2026-08-07,,,,,,,,tradingfortime,watchrecon,community,https://www.reddit.com/r/Watchexchange/comments/1via6y4/wts_cartier_ballon_bleu_40mm_stainless_steel_blue/,7813433,2026-08-09T16:52:39+00:00
Cartier,,,,3400.0,USD,asking,2026-08-07,,,,,,,,Hyth17,watchrecon,community,https://www.reddit.com/r/Watchexchange/comments/1vi9zbr/wts_cartier_santos_100_xl_ref_2656_automatic_mens/,7843023,2026-08-09T16:52:39+00:00
Cartier,,,,5400.0,USD,asking,2026-08-07,,,,,,,,tradingfortime,watchrecon,community,https://www.reddit.com/r/Watchexchange/comments/1vi9fl5/wts_cartier_ballon_bleu_pink_dial_33mm_stainless/,7816209,2026-08-09T16:52:39+00:00
Cartier,,,,7000.0,USD,asking,2026-08-07,,,,,,,,faizan19901 follower,watchrecon,community,https://www.watchuseek.com/threads/cartier-santos-large-blue-wssa0071.5684824/,7842911,2026-08-09T16:52:39+00:00
Cartier,,,,1895.0,USD,asking,2026-08-07,,,,,,,,Valle de Joux3 followers,watchrecon,community,https://www.watchuseek.com/threads/fs-cartier-tankmust-de-cartier-tank-vermeil-with-rare-dore-dial-try-to-find-another-one-1-895.5677645/,7801069,2026-08-09T16:52:39+00:00
Cartier,,,,6150.0,USD,asking,2026-08-07,,,,,,,,IllustriousJelly34541 follower,watchrecon,community,https://www.reddit.com/r/Watchexchange/comments/1vi50o1/wts_cartier_santos_medium_wssa0029/,7821057,2026-08-09T16:52:39+00:00
Cartier,,,,1300.0,USD,asking,2026-08-07,,,,,,,,hayzewsc1 follower,watchrecon,community,https://www.reddit.com/r/Watchexchange/comments/1vi4ikn/wts_late_90s_must_de_cartier_ronde_ref_1815_w/,7842823,2026-08-09T16:52:39+00:00
Cartier,,,,4500.0,USD,asking,2026-08-07,,,,,,,,mp_chronorides2 followers,watchrecon,community,https://www.watchuseek.com/threads/fs-cartier-tank-must-red-dial-wsta0054-box-papers.5684806/,7842712,2026-08-09T16:52:39+00:00
Cartier,,,,8700.0,USD,asking,2026-08-07,,,,,,,,Watchex_Enterprises10 followers,watchrecon,community,https://www.reddit.com/r/Watchexchange/comments/1vi1gd7/wts_cartier_santos_medium_box_papers_additional/,7842692,2026-08-09T16:52:39+00:00
Cartier,,,,4500.0,USD,asking,2026-08-07,,,,,,,,mjperez1001 follower,watchrecon,community,https://www.reddit.com/r/Watchexchange/comments/1vhzwmt/wts_cartier_tank_must_red_dial_wsta0054/,7842618,2026-08-09T16:52:39+00:00
Cartier,,,,24995.0,USD,asking,2026-08-07,,,,,,,,scorpgodz00,watchrecon,community,https://www.watchuseek.com/threads/very-rare-mint-condition-cartier-rotonde-perpetual-calendar-w1556217-18k-gold.5684783/,7842507,2026-08-09T16:52:39+00:00
Cartier,,,,2300.0,USD,asking,2026-08-06,,,,,,,,LoveMakesASoundSoul,watchrecon,community,https://www.reddit.com/r/Watchexchange/comments/1vhqoan/wts_cartier_must_tank_lm_lemon_manual_winding_2300/,7842497,2026-08-09T16:52:39+00:00
Cartier,,,,2450.0,USD,asking,2026-08-06,,,,,,,,LoveMakesASoundSoul,watchrecon,community,https://www.reddit.com/r/Watchexchange/comments/1vhqgy8/wts_cartier_must_tank_lm_classic_roman_manual/,7842496,2026-08-09T16:52:39+00:00
Cartier,,,,6199.0,USD,asking,2026-08-06,,,,,,,,watchvaultnyc52 followers,watchrecon,community,https://www.watchuseek.com/threads/cartier-tank-anglaise-ladies-small-w5310036-23mm-quartz-xal004.5606888/,7382804,2026-08-09T16:52:39+00:00
Cartier,,,,4499.0,USD,asking,2026-08-06,,,,,,,,watchvaultnyc52 followers,watchrecon,community,https://www.watchuseek.com/threads/cartier-tank-francaise-two-tone-w51004q4-chronograph-28mm-quartz-xah105.5588329/,7645414,2026-08-09T16:52:39+00:00
Cartier,,,,4649.0,USD,asking,2026-08-06,,,,,,,,watchvaultnyc52 followers,watchrecon,community,https://www.watchuseek.com/threads/cartier-tank-solo-mens-w5200014-27mm-quartz-xaf102.5577819/,7833087,2026-08-09T16:52:39+00:00
Cartier,,,,4500.0,USD,asking,2026-08-06,,,,,,,,hypberbolicsquare,watchrecon,community,https://www.reddit.com/r/Watchexchange/comments/1vhi671/wts_cartier_santos_carrée_2961_w_fresh_service/,7842271,2026-08-09T16:52:39+00:00
Cartier,,,,12800.0,USD,asking,2026-08-06,,,,,,,,Sjohn1997,watchrecon,community,https://www.reddit.com/r/Watchexchange/comments/1vhi0sh/wts_cartier_tank_américaine_small_18k_white_gold/,7842265,2026-08-09T16:52:39+00:00
Cartier,,,,74999.0,USD,asking,2026-08-06,,,,,,,,-Slartibart,watchrecon,community,https://www.reddit.com/r/Watchexchange/comments/1vh9jlc/wts_cartier_santos_dumont_obsidian_nib_2026_card/,7834694,2026-08-09T16:52:39+00:00
Cartier,,,,5195.0,USD,asking,2026-08-06,,,,,,,,ocwatchguy12 followers,watchrecon,community,https://www.watchuseek.com/threads/fsot-cartier-drive-de-cartier-wsnm0009-black-stainless-steel-41mm-mint.5684665/,7763597,2026-08-09T16:52:39+00:00
Cartier,,,,3995.0,USD,asking,2026-08-06,,,,,,,,ocwatchguy12 followers,watchrecon,community,https://www.watchuseek.com/threads/fsot-cartier-tank-must-large-wsta0052-silver-stainless-steel-37mm-mint.5684664/,7832793,2026-08-09T16:52:39+00:00
Cartier,,,,13895.0,USD,asking,2026-08-06,,,,,,,,ocwatchguy12 followers,watchrecon,community,https://www.watchuseek.com/threads/fsot-cartier-pasha-vintage-yellow-gold-1020-1-silver-yellow-gold-38mm-excellent.5684663/,7829425,2026-08-09T16:52:39+00:00
Cartier,,,,5295.0,USD,asking,2026-08-06,,,,,,,,ocwatchguy12 followers,watchrecon,community,https://www.watchuseek.com/threads/fsot-cartier-tank-francais-wsta0067-silver-stainless-steel-36-7mm-x-30-5mm-mint.5684662/,7841827,2026-08-09T16:52:39+00:00
Cartier,,,,6395.0,USD,asking,2026-08-06,,,,,,,,ocwatchguy12 followers,watchrecon,community,https://www.watchuseek.com/threads/fsot-cartier-panth%C3%A8re-183949-opaline-stainless-steel-yellow-gold-27mm-excellent.5684661/,7739817,2026-08-09T16:52:39+00:00
Cartier,,,,1350.0,USD,asking,2026-08-05,,,,,,,,LoveMakesASoundSoul,watchrecon,community,https://www.reddit.com/r/Watchexchange/comments/1vgtt4y/wts_like_new_cartier_ballon_bleu_w6920035_mop_18k/,7820582,2026-08-09T16:52:39+00:00
Cartier,,,,2750.0,USD,asking,2026-08-05,,,,,,,,LoveMakesASoundSoul,watchrecon,community,https://www.reddit.com/r/Watchexchange/comments/1vgto6p/wts_cartier_must_tank_lm_classic_roman_manual/,7822040,2026-08-09T16:52:39+00:00
Cartier,,,,2450.0,USD,asking,2026-08-05,,,,,,,,LoveMakesASoundSoul,watchrecon,community,https://www.reddit.com/r/Watchexchange/comments/1vgtm95/wts_cartier_must_tank_lm_art_deco_quartz_2450/,7835234,2026-08-09T16:52:39+00:00
Cartier,,,,4200.0,USD,asking,2026-08-05,,,,,,,,Timepieces_nyc,watchrecon,community,https://www.reddit.com/r/Watchexchange/comments/1vgt5qa/wts_cartier_w20106x8_medium_santos_100_4200/,7828744,2026-08-09T16:52:39+00:00
Cartier,,,,8995.0,USD,asking,2026-08-05,,,,,,,,samsamtana,watchrecon,community,https://www.reddit.com/r/Watchexchange/comments/1vgnuya/wts_who_said_you_cant_buy_class_santos_de_cartier/,7841596,2026-08-09T16:52:39+00:00
Cartier,,,,2600.0,USD,asking,2026-08-05,,,,,,,,soycowboy10 followers,watchrecon,community,https://www.reddit.com/r/Watchexchange/comments/1vgnu6m/wts_cartier_tank_vermeil_large_manual_wind/,7777189,2026-08-09T16:52:39+00:00
Cartier,,,,16800.0,USD,asking,2026-08-05,,,,,,,,mp_chronorides2 followers,watchrecon,community,https://www.watchuseek.com/threads/fs-unworn-cartier-santos-dumont-extra-large-18kt-yellow-gold-%E2%80%93-box-papres-%E2%80%93-wgsa0108.5668455/,7744753,2026-08-09T16:52:39+00:00
Cartier,,,,2500.0,USD,asking,2026-08-05,,,,,,,,Eddie23112 followers,watchrecon,community,https://www.reddit.com/r/Watchexchange/comments/1vg8cxx/wts_cartier_tank_solo_ref_wsta0028_quartz_box/,7841141,2026-08-09T16:52:39+00:00
Cartier,,,,6700.0,USD,asking,2026-08-05,,,,,,,,Chance_Individual879,watchrecon,community,https://www.reddit.com/r/watch_swap/comments/1vfxtb4/wts_cartier_santos_de_cartier_medium_wssa0029/,7840914,2026-08-09T16:52:39+00:00
Cartier,,,,2300.0,USD,asking,2026-08-04,,,,,,,,LoveMakesASoundSoul,watchrecon,community,https://www.reddit.com/r/Watchexchange/comments/1vfwvsd/wts_cartier_must_tank_sm_classic_roman_quartz/,7840893,2026-08-09T16:52:39+00:00
Cartier,,,,2650.0,USD,asking,2026-08-04,,,,,,,,LoveMakesASoundSoul,watchrecon,community,https://www.reddit.com/r/Watchexchange/comments/1vfwrxc/wts_cartier_must_tank_lm_classic_roman_ref590005/,7840889,2026-08-09T16:52:39+00:00
Cartier,,,,1050.0,USD,asking,2026-08-04,,,,,,,,LoveMakesASoundSoul,watchrecon,community,https://www.reddit.com/r/Watchexchange/comments/1vfwoaj/wts_cartier_must_vendome_sm_brown_quartz_1050/,7840888,2026-08-09T16:52:39+00:00
Cartier,,,,7388.0,USD,asking,2026-08-04,,,,,,,,Spiritual-Ad171 follower,watchrecon,community,https://www.reddit.com/r/Watchexchange/comments/1vfn0uf/wts_2025_cartier_santos_de_cartier_medium/,7840610,2026-08-09T16:52:39+00:00
Cartier,,,,4837.0,USD,asking,2026-08-04,,,,,,,,Viper41086,watchrecon,community,https://www.watchuseek.com/threads/fsot-cartier-calibre-de-cartier-42mm-18k-rose-gold-two-tone-bracelet-w7100039-b-p.5674522/,7781640,2026-08-09T16:52:39+00:00
Cartier,,,,4573.0,USD,asking,2026-08-04,,,,,,,,Viper41086,watchrecon,community,https://www.watchuseek.com/threads/fsot-2021-cartier-ballon-bleu-42mm-blue-dial-steel-case-watch-wsbb0027-box-card.5683561/,7804634,2026-08-09T16:52:39+00:00
Cartier,,,,5750.0,USD,asking,2026-08-04,,,,,,,,Loan_Wolve,watchrecon,community,https://www.reddit.com/r/Watchexchange/comments/1vfgzr4/wtswtt_calibre_de_cartier_chronograph_large_42mm/,7828298,2026-08-09T16:52:39+00:00
Cartier,,,,2400.0,USD,asking,2026-08-04,,,,,,,,FrostyTurnipede,watchrecon,community,https://www.reddit.com/r/Watchexchange/comments/1vfgm7d/wts_carter_tank_solo_3170_w5200013/,7840411,2026-08-09T16:52:39+00:00
Cartier,,,,4275.0,USD,asking,2026-08-04,,,,,,,,SohAIS25 followers,watchrecon,community,https://www.watchuseek.com/threads/fsot-cartier-ballon-blue-de-cartier-42mm-w69016z4-automatic-ss-silver-dial-b-p.5678739/,7807649,2026-08-09T16:52:39+00:00
Cartier,,,,3690.0,USD,asking,2026-08-04,,,,,,,,CoinWatchCo3 followers,watchrecon,community,https://www.reddit.com/r/Watchexchange/comments/1vfcaer/wts_cartier_roadster_xl_3312_silver_dial_automatic/,7840275,2026-08-09T16:52:39+00:00
Cartier,,,,3999.0,USD,asking,2026-08-04,,,,,,,,Watchex_Enterprises10 followers,watchrecon,community,https://www.reddit.com/r/Watchexchange/comments/1vfaik4/wts_cartier_santos_100_xl_box_papers_ref_2656/,7840206,2026-08-09T16:52:39+00:00
Cartier,,,,4350.0,USD,asking,2026-08-04,,,,,,,,Puzzleheaded_Sir_279,watchrecon,community,https://www.reddit.com/r/Watchexchange/comments/1vfact6/wts_cartier_calibre_de_cartier_black_dial_2014/,7840196,2026-08-09T16:52:39+00:00
Cartier,,,,9500.0,USD,asking,2026-08-04,,,,,,,,vlaspri,watchrecon,community,https://www.reddit.com/r/Watchexchange/comments/1vf8uq3/wts_cartier_15716_new_york_stepped_tank_full_set/,7733790,2026-08-09T16:52:39+00:00
Cartier,,,,2125.0,USD,asking,2026-08-03,,,,,,,,LoveMakesASoundSoul,watchrecon,community,https://www.reddit.com/r/Watchexchange/comments/1vf0dwv/wts_serviced_cartier_pasha_c_ref2324_35mm/,7820594,2026-08-09T16:52:39+00:00
Cartier,,,,2100.0,USD,asking,2026-08-03,,,,,,,,LoveMakesASoundSoul,watchrecon,community,https://www.reddit.com/r/Watchexchange/comments/1vezxh7/wts_cartier_must_tank_sm_classic_roman_quartz_2100/,7832747,2026-08-09T16:52:39+00:00
Cartier,,,,6999.0,USD,asking,2026-08-03,,,,,,,,TopperRob27617 posts68 followers,watchrecon,community,http://forums.timezone.com/index.php?t=tree&goto=7808772&rid=0#msg_7808772,7763575,2026-08-09T16:52:39+00:00
Cartier,,,,1500.0,USD,asking,2026-08-03,,,,,,,,LoveMakesASoundSoul,watchrecon,community,https://www.reddit.com/r/Watchexchange/comments/1vezjo6/wts_cartier_must_tank_sm_column_quartz_1500/,7785382,2026-08-09T16:52:39+00:00
Cartier,,,,8250.0,USD,asking,2026-08-03,,,,,,,,rkman111 follower,watchrecon,community,https://www.reddit.com/r/Watchexchange/comments/1vew6qg/wts_vintage_cartier_tank_louis_solid_18k_gold/,7839958,2026-08-09T16:52:39+00:00
Cartier,,,,12400.0,USD,asking,2026-08-03,,,,,,,,KenanCaptainIgloo,watchrecon,community,https://www.reddit.com/r/Watchexchange/comments/1vetakn/wts_cartier_tank_louis_cartier_large_18k_rose/,7839870,2026-08-09T16:52:39+00:00
Cartier,,,,2500.0,USD,asking,2026-08-03,,,,,,,,TimeCapsuleTrading1 follower,watchrecon,community,https://www.reddit.com/r/Watchexchange/comments/1veq74d/wts_cartier_tank_ref_2384_original_mop_dial_2500/,7839787,2026-08-09T16:52:39+00:00
Cartier,,,,2450.0,USD,asking,2026-08-03,,,,,,,,Rare_Meal_5220,watchrecon,community,https://www.reddit.com/r/Watchexchange/comments/1vepbmp/wts_three_for_one_cartier_pasha/,7839742,2026-08-09T16:52:39+00:00
Cartier,,,,6999.0,USD,asking,2026-08-03,,,,,,,,Philip_mspt,watchrecon,community,https://www.reddit.com/r/Watchexchange/comments/1vema9w/wts_cartier_santos_large_green_dial_box_papers/,7839648,2026-08-09T16:52:39+00:00
Cartier,,,,5499.0,USD,asking,2026-08-03,,,,,,,,HA Numis,watchrecon,community,https://www.watchuseek.com/threads/2022-cartier-ballon-bleu-mens-40mm-wsbb0061-with-warranty-till-2030.5683588/,7834746,2026-08-09T16:52:39+00:00
Cartier,,,,6600.0,USD,asking,2026-08-02,,,,,,,,ovadivaio,watchrecon,community,https://www.reddit.com/r/Watchexchange/comments/1vdzdjy/wts_cartier_santos_medium_model_ref_wssa0029_full/,7832625,2026-08-09T16:52:39+00:00
Cartier,,,,3499.0,USD,asking,2026-08-02,,,,,,,,SNAPCHAT_ME_TITS,watchrecon,community,https://www.reddit.com/r/Watchexchange/comments/1vdypfx/wts_ballon_bleu_de_cartier/,7839152,2026-08-09T16:52:39+00:00
Cartier,,,,2900.0,USD,asking,2026-08-02,,,,,,,,Life_Distribution_90,watchrecon,community,https://www.reddit.com/r/Watchexchange/comments/1vdwmwt/wts_cartier_tank_françaisefull_set_2017/,7839091,2026-08-09T16:52:39+00:00
Cartier,,,,2800.0,USD,asking,2026-08-02,,,,,,,,jeythebest,watchrecon,community,https://www.reddit.com/r/Watchexchange/comments/1vdp0er/wts_cartier_tank_française_steel_ref_2301_full/,7838784,2026-08-09T16:52:39+00:00
Cartier,,,,4000.0,USD,asking,2026-08-02,,,,,,,,freesolex,watchrecon,community,https://www.reddit.com/r/Watchexchange/comments/1vdoe42/wts_cartier_santos_dumont_large_quartz_wssa0022/,7838778,2026-08-09T16:52:39+00:00
Cartier,,,,3795.0,USD,asking,2026-08-02,,,,,,,,StatisticianFew510,watchrecon,community,https://www.reddit.com/r/Watchexchange/comments/1vdn4rn/wts_cartier_tank_xl_wsta0040_31mm_automatic/,7838721,2026-08-09T16:52:39+00:00
Cartier,,,,3350.0,USD,asking,2026-08-01,,,,,,,,LoveMakesASoundSoul,watchrecon,community,https://www.reddit.com/r/Watchexchange/comments/1vd81ph/wts_cartier_vendome_louis_cartier_ref866010_18k/,7838462,2026-08-09T16:52:39+00:00
Cartier,,,,3600.0,USD,asking,2026-08-01,,,,,,,,LoveMakesASoundSoul,watchrecon,community,https://www.reddit.com/r/Watchexchange/comments/1vd7nil/wts_cartier_vendome_louis_cartier_trinity/,7838459,2026-08-09T16:52:39+00:00
Cartier,,,,6700.0,USD,asking,2026-08-01,,,,,,,,SolanaWatches,watchrecon,community,https://www.reddit.com/r/Watchexchange/comments/1vcy4xs/wts_cartier_santos_white_medium_wssa0029/,7838205,2026-08-09T16:52:39+00:00
Cartier,,,,3450.0,USD,asking,2026-08-01,,,,,,,,Watchex_Enterprises10 followers,watchrecon,community,https://www.reddit.com/r/Watchexchange/comments/1vcq6xv/wts_cartier_ronde_must_de_cartier_blue_hands_40mm/,7837877,2026-08-09T16:52:39+00:00
Cartier,,,,1400.0,USD,asking,2026-07-31,,,,,,,,LoveMakesASoundSoul,watchrecon,community,https://www.reddit.com/r/Watchexchange/comments/1vccg6b/wts_cartier_panthere_cougar_ref987906_patina_dial/,7830404,2026-08-09T16:52:39+00:00
Cartier,,,,2799.0,USD,asking,2026-07-31,,,,,,,,Perfect_Worth_65741 follower,watchrecon,community,https://www.reddit.com/r/Watchexchange/comments/1vc8iwu/wts_cartier_tank_must_ref_wsta0071_black_dial/,7837545,2026-08-09T16:52:39+00:00
"Cartier,Omega",,,,7700.0,USD,asking,2026-07-31,,,,,,,,Slinghaus,watchrecon,community,https://www.reddit.com/r/Watchexchange/comments/1vc4p6d/wts_omega_speedmaster_ref_31030425004001/,7837441,2026-08-09T16:52:39+00:00
Cartier,,,,5137.0,USD,asking,2026-07-31,,,,,,,,Viper41086,watchrecon,community,https://www.watchuseek.com/threads/fsot-cartier-ballon-bleu-pink-dial-automatic-watch-wsbb0046-box-papers-dated-2022.5683964/,7837303,2026-08-09T16:52:39+00:00
Cartier,,,,3750.0,USD,asking,2026-07-31,,,,,,,,padrewarbucks,watchrecon,community,https://www.reddit.com/r/Watchexchange/comments/1vc0llp/wts_cartier_wsbb0060_40mm_ballon_bleu_3750/,7837288,2026-08-09T16:52:39+00:00
"Alain Silberstein,Cartier,Louis Erard",,,,4250.0,USD,asking,2026-07-31,,,,,,,,goldie_11730 posts,watchrecon,community,http://forums.timezone.com/index.php?t=tree&goto=7808669&rid=0#msg_7808669,7809492,2026-08-09T16:52:39+00:00
Cartier,,,,3450.0,USD,asking,2026-07-31,,,,,,,,gmtwatchshop,watchrecon,community,https://www.reddit.com/r/Watchexchange/comments/1vbt372/wts_cartier_pasha_chronograph_automatic_cal_205/,7837045,2026-08-09T16:52:39+00:00
Cartier,,,,4999.0,USD,asking,2026-07-30,,,,,,,,Timepieces_nyc,watchrecon,community,https://www.reddit.com/r/Watchexchange/comments/1vbgm9w/wts_cartier_wsbb0025_blue_dial_42mm_ballon_bleu/,7836857,2026-08-09T16:52:39+00:00
Cartier,,,,2550.0,USD,asking,2026-07-30,,,,,,,,LoveMakesASoundSoul,watchrecon,community,https://www.reddit.com/r/Watchexchange/comments/1vbfvdl/wts_cartier_must_tank_lm_classic_roman_quartz_2550/,7836849,2026-08-09T16:52:39+00:00
Cartier,,,,3300.0,USD,asking,2026-07-30,,,,,,,,WhatDoesTheOwlSay,watchrecon,community,https://www.reddit.com/r/Watchexchange/comments/1vbfpfu/wts_cartier_tank_francaise_automatic_full_set/,7836842,2026-08-09T16:52:39+00:00
Cartier,,,,9000.0,USD,asking,2026-07-30,,,,,,,,KaznZazn2,watchrecon,community,https://www.reddit.com/r/Watchexchange/comments/1vb93i5/wts_cartier_santos_titanium_ref_wssa0089_with/,7836686,2026-08-09T16:52:39+00:00
Cartier,,,,6500.0,USD,asking,2026-07-30,,,,,,,,jimiwilli,watchrecon,community,https://www.watchuseek.com/threads/fs-cartier-santos-large-wssa0018.5681789/,7823086,2026-08-09T16:52:39+00:00
Cartier,,,,6395.0,USD,asking,2026-07-30,,,,,,,,ConnorManquen1 follower,watchrecon,community,https://www.reddit.com/r/Watchexchange/comments/1vaz7ci/wts_cartier_santos_adlc_large_wssa0037_price/,7820413,2026-08-09T16:52:39+00:00
Cartier,,,,5037.0,USD,asking,2026-07-30,,,,,,,,Viper41086,watchrecon,community,https://www.watchuseek.com/threads/fsot-2021-cartier-ballon-bleu-pink-dial-automatic-watch-wsbb0046-box-papers-mint.5677612/,7800836,2026-08-09T16:52:39+00:00
Cartier,,,,2350.0,USD,asking,2026-07-29,,,,,,,,LoveMakesASoundSoul,watchrecon,community,https://www.reddit.com/r/Watchexchange/comments/1vaip8s/wts_cartier_must_tank_lm_lemon_manual_winding_2350/,7836044,2026-08-09T16:52:39+00:00
Cartier,,,,2500.0,USD,asking,2026-07-29,,,,,,,,LoveMakesASoundSoul,watchrecon,community,https://www.reddit.com/r/Watchexchange/comments/1vainty/wts_cartier_must_tank_lm_classic_roman_manual/,7836042,2026-08-09T16:52:39+00:00
Cartier,,,,9500.0,USD,asking,2026-07-29,,,,,,,,samsamtana,watchrecon,community,https://www.reddit.com/r/Watchexchange/comments/1vag3m9/wts_cartier_santos_medium_two_tone_excellent/,7836012,2026-08-09T16:52:39+00:00
Cartier,,,,40425.0,USD,asking,2026-07-29,,,,,,,,majestixcollection,watchrecon,community,https://www.watchuseek.com/threads/fsot-cartier-santos-dumont-micro-rotor-skeleton-dial-black-alligator-strap-18k-rose-gold-43-5-x-31mm-mint-condition-complete-set-whsa0030.5683765/,7835940,2026-08-09T16:52:39+00:00
Cartier,,,,95.0,USD,asking,2026-07-29,,,,,,,,EspressoWatches,watchrecon,community,https://www.reddit.com/r/Watchexchange/comments/1va8skz/wts_veblenist_21_mm_navy_blue_saffiano/,7835812,2026-08-09T16:52:39+00:00
Cartier,,,,2500.0,USD,asking,2026-07-29,,,,,,,,soycowboy10 followers,watchrecon,community,https://www.reddit.com/r/Watchexchange/comments/1va7wry/wts_cartier_tank_vermeil_oxblood_with_spider/,7835775,2026-08-09T16:52:39+00:00
Cartier,,,,2500.0,USD,asking,2026-07-29,,,,,,,,Hyth17,watchrecon,community,https://www.reddit.com/r/Watchexchange/comments/1va33ex/wts_vintage_cartier_panthère_goldsteel_27x36_mm/,7835618,2026-08-09T16:52:39+00:00
Cartier,,,,2750.0,USD,asking,2026-07-29,,,,,,,,edubyatexas,watchrecon,community,https://www.reddit.com/r/Watchexchange/comments/1va2bip/wts_cartier_tank_solo_xl_automatic_3515_on_oem/,7835597,2026-08-09T16:52:39+00:00
Cartier,,,,3600.0,USD,asking,2026-07-29,,,,,,,,KatoDynasty,watchrecon,community,https://www.reddit.com/r/Watchexchange/comments/1va0jib/wtswtt_cartier_ronde_de_solo_29mm_w6700355_gold/,7835555,2026-08-09T16:52:39+00:00
Cartier,,,,4750.0,USD,asking,2026-07-29,,,,,,,,mikerayyy,watchrecon,community,https://www.reddit.com/r/Watchexchange/comments/1v9ybsc/wts_cartier_santos_galbee_1564/,7835485,2026-08-09T16:52:39+00:00
Cartier,,,,8200.0,USD,asking,2026-07-29,,,,,,,,pacodo2 followers,watchrecon,community,https://www.reddit.com/r/Watchexchange/comments/1v9y1x3/wts_cartier_santos_large_grey_2025_8200/,7835472,2026-08-09T16:52:39+00:00
Cartier,,,,8700.0,USD,asking,2026-07-29,,,,,,,,Thin_Departure_6939,watchrecon,community,https://www.reddit.com/r/Watchexchange/comments/1v9xqj6/wts_cartier_roadster_medium_ref_wsrd0019_2026/,7835459,2026-08-09T16:52:39+00:00
Cartier,,,,6100.0,USD,asking,2026-07-29,,,,,,,,AquaNerd871 follower,watchrecon,community,https://www.reddit.com/r/Watchexchange/comments/1v9sboh/wtsus_cartier_ronde_must_silver_dial_quartz_36mm/,7766930,2026-08-09T16:52:39+00:00
Cartier,,,,1775.0,USD,asking,2026-07-28,,,,,,,,apexwarrior55,watchrecon,community,https://www.reddit.com/r/Watchexchange/comments/1v9exl6/wts_cartier_pasha_c2324_automatic_mens_watch/,7835037,2026-08-09T16:52:39+00:00
Cartier,,,,1850.0,USD,asking,2026-07-28,,,,,,,,Watchex_Enterprises10 followers,watchrecon,community,https://www.reddit.com/r/Watchexchange/comments/1v9aube/wts_cartier_miss_pasha_pink_dial_blue_hands/,7834907,2026-08-09T16:52:39+00:00
Cartier,,,,2999.0,GBP,asking,2026-07-28,,,,,,,,amg786,watchrecon,community,https://www.watchuseek.com/threads/cartier-calibre-de-cartier-3389-ref-cr-w7100041-stainless-steel-obo-42mm.5680347/,7820555,2026-08-09T16:52:39+00:00
Cartier,,,,3650.0,USD,asking,2026-07-28,,,,,,,,MDFL3 followers,watchrecon,community,https://www.watchuseek.com/threads/cartier-tank-must-large.5678882/,7808615,2026-08-09T16:52:39+00:00
Cartier,,,,7995.0,USD,asking,2026-07-28,,,,,,,,majestixcollection,watchrecon,community,https://www.watchuseek.com/threads/fsot-cartier-santos-de-cartier-large-blue-dial-stainless-steel-39-8mm-mint-condition-complete-set-wssa0030.5683551/,7834425,2026-08-09T16:52:39+00:00
Cartier,,,,4650.0,USD,asking,2026-07-28,,,,,,,,unfortunate_muffun2 followers,watchrecon,community,https://www.reddit.com/r/Watchexchange/comments/1v8sjy1/wts_cartier_santos_de_cartier_galbée_watch_large/,7834424,2026-08-09T16:52:39+00:00
Cartier,,,,2100.0,USD,asking,2026-07-28,,,,,,,,LoveMakesASoundSoul,watchrecon,community,https://www.reddit.com/r/Watchexchange/comments/1v8obz8/wts_cartier_must_tank_sm_burgundy_manual_winding/,7834406,2026-08-09T16:52:39+00:00
Cartier,,,,2650.0,USD,asking,2026-07-27,,,,,,,,rkman111 follower,watchrecon,community,https://www.reddit.com/r/Watchexchange/comments/1v8i6x0/wts_classic_vintage_must_de_cartier_tank_manual/,7834241,2026-08-09T16:52:39+00:00
Cartier,,,,9500.0,USD,asking,2026-07-27,,,,,,,,Slysplash,watchrecon,community,https://www.reddit.com/r/Watchexchange/comments/1v8hy8g/wts_2026_cartier_roadster_large_blue_wsrd0014/,7834235,2026-08-09T16:52:39+00:00
Rolex,,,,13250.0,USD,asking,2026-08-10,,,,,,,,peter.thoms,watchrecon,community,https://www.watchuseek.com/threads/2023-rolex-datejust-36mm-green-palm-dial-126234-oyster-bracelet-full-set.5683248/,7817417,2026-08-10T06:42:13+00:00
Rolex,,,,8650.0,USD,asking,2026-08-10,,,,,,,,peter.thoms,watchrecon,community,https://www.watchuseek.com/threads/2005-rolex-submariner-date-16610.5683245/,7801668,2026-08-10T06:42:13+00:00
Rolex,,,,19950.0,USD,asking,2026-08-10,,,,,,,,JessyW6 followers,watchrecon,community,https://www.watchuseek.com/threads/fs-1995-rolex-yg-day-date-ref-18238-non-luminous-white-roman-dial-with-box.5685105/,7830416,2026-08-10T06:42:13+00:00
Rolex,,,,4950.0,USD,asking,2026-08-10,,,,,,,,JessyW6 followers,watchrecon,community,https://www.watchuseek.com/threads/fs-1987-rolex-two-tone-ladies-datejust-ref-69173-with-champagne-tapestry-dial.5685104/,7835283,2026-08-10T06:42:13+00:00
Rolex,,,,12900.0,USD,asking,2026-08-10,,,,,,,,imadeapoopie,watchrecon,community,https://www.reddit.com/r/Watchexchange/comments/1vk6ku9/wts_rolex_yachtmaster_platinum_blue_ref_116622/,7844719,2026-08-10T06:42:13+00:00
Rolex,,,,11500.0,USD,asking,2026-08-10,,,,,,,,dosei5 followers,watchrecon,community,https://www.watchuseek.com/threads/fs-rolex-ceramic-submariner-116610ln-classic-sub-mint.5682680/,7828793,2026-08-10T06:42:13+00:00
Rolex,,,,8950.0,USD,asking,2026-08-10,,,,,,,,gaffs821 follower,watchrecon,community,https://www.reddit.com/r/Watchexchange/comments/1vk6236/wts_rolex_explorer_ii_black_216570_2015_serviced/,7844701,2026-08-10T06:42:13+00:00
Rolex,,,,21000.0,USD,asking,2026-08-10,,,,,,,,nicholasnick,watchrecon,community,https://www.watchuseek.com/threads/fs-2001-rolex-daytona-116520-black-dial-original-box-and-freshly-serviced-1-yr-warranty.5682288/,7825982,2026-08-10T06:42:13+00:00
"MK II,Rolex",,,,21250.0,USD,asking,2026-08-10,,,,,,,,nicholasnick,watchrecon,community,https://www.watchuseek.com/threads/fs-2020-rolex-gmt-master-ii-pepsi-126710blro-mk-ii-i-believe-box-ebay-auth-cert-beautiful-condition.5684617/,7841526,2026-08-10T06:42:13+00:00
Rolex,,,,12200.0,USD,asking,2026-08-10,,,,,,,,nicholasnick,watchrecon,community,https://www.watchuseek.com/threads/fs-rolex-submariner-no-date-124060-2022-full-set-like-new-condition.5684619/,7841527,2026-08-10T06:42:13+00:00
Rolex,,,,12725.0,USD,asking,2026-08-10,,,,,,,,TAKUYA353 followers,watchrecon,community,https://www.watchuseek.com/threads/fsot-rolex-226570-explorer-2-black-dial-new-model-2026-warranty-full-set.5684871/,7843342,2026-08-10T06:42:13+00:00
Rolex,,,,13250.0,USD,asking,2026-08-10,,,,,,,,DoverElm,watchrecon,community,https://www.reddit.com/r/Watchexchange/comments/1vk2yqq/wts_2019_rolex_milgauss_zblue_116400gv_complete/,7833208,2026-08-10T06:42:13+00:00
Rolex,,,,15400.0,USD,asking,2026-08-10,,,,,,,,Watchex_Enterprises10 followers,watchrecon,community,https://www.reddit.com/r/Watchexchange/comments/1vk2l5l/wts_rolex_daytona_116523_cosmograph_steel_gold/,7837359,2026-08-10T06:42:13+00:00
Rolex,,,,7100.0,USD,asking,2026-08-10,,,,,,,,ThePhillyWatchGuy,watchrecon,community,https://www.reddit.com/r/Watchexchange/comments/1vk2h9u/wts_stunning_cream_rolex_datejust_16233_from_1992/,7844593,2026-08-10T06:42:13+00:00
Rolex,,,,4475.0,USD,asking,2026-08-10,,,,,,,,evanisrushin56 followers,watchrecon,community,https://www.watchuseek.com/threads/fsot-rolex-8952-precision-metropolitan-14k-yg-1950s-vintage-watch.5684907/,7843475,2026-08-10T06:42:13+00:00
Rolex,,,,15500.0,USD,asking,2026-08-10,,,,,,,,alfarmer1181 posts,watchrecon,community,http://forums.timezone.com/index.php?t=tree&goto=7808967&rid=0#msg_7808967,7547849,2026-08-10T06:42:13+00:00
Rolex,,,,13500.0,USD,asking,2026-08-10,,,,,,,,alfarmer1181 posts,watchrecon,community,http://forums.timezone.com/index.php?t=tree&goto=7808966&rid=0#msg_7808966,7549273,2026-08-10T06:42:13+00:00
Rolex,,,,5000.0,USD,asking,2026-08-10,,,,,,,,TimeZone911,watchrecon,community,https://www.reddit.com/r/Watchexchange/comments/1vk17k0/wts_rolex_oyster_date_1503_14kt/,7844531,2026-08-10T06:42:13+00:00
Rolex,,,,19900.0,USD,asking,2026-08-10,,,,,,,,drster275 followers,watchrecon,community,https://www.watchuseek.com/threads/fsot-bnib-rolex-gmt-master-ii-126710grnr-bruce-wayne-july-2026-warranty.5684712/,7842181,2026-08-10T06:42:13+00:00
Rolex,,,,6450.0,USD,asking,2026-08-10,,,,,,,,drster275 followers,watchrecon,community,https://www.watchuseek.com/threads/wts-reduced-further-ladies-rolex-datejust-31-178240-z-serial.5684713/,7826969,2026-08-10T06:42:13+00:00
Rolex,,,,15495.0,USD,asking,2026-08-10,,,,,,,,ocwatchguy12 followers,watchrecon,community,https://www.watchuseek.com/threads/fsot-rolex-submariner-41-2024-mk-2-unpolished-126610lv-black-stainless-steel-green-cerachrome-41mm-excellent-unpolished.5685054/,7844519,2026-08-10T06:42:13+00:00
Rolex,,,,13195.0,USD,asking,2026-08-10,,,,,,,,ocwatchguy12 followers,watchrecon,community,https://www.watchuseek.com/threads/fsot-rolex-explorer-ii-2025-unpolished-226570-white-stainless-steel-42mm-mint.5685053/,7844518,2026-08-10T06:42:13+00:00
Rolex,,,,8395.0,USD,asking,2026-08-10,,,,,,,,ocwatchguy12 followers,watchrecon,community,https://www.watchuseek.com/threads/fsot-rolex-oyster-perpetual-2026-rolex-serviced-116000-steel-stainless-steel-36mm-mint.5685052/,7844517,2026-08-10T06:42:13+00:00
Rolex,,,,9395.0,USD,asking,2026-08-10,,,,,,,,ocwatchguy12 followers,watchrecon,community,https://www.watchuseek.com/threads/fsot-rolex-datejust-blue-diamond-dial-116234-blue-diamond-stainless-steel-36mm-excellent.5685051/,7844516,2026-08-10T06:42:13+00:00
Rolex,,,,20895.0,USD,asking,2026-08-10,,,,,,,,ocwatchguy12 followers,watchrecon,community,https://www.watchuseek.com/threads/fsot-rolex-land-dweller-36-2026-127234-silver-stainless-steel-36mm-excellent-never-polished.5685048/,7817012,2026-08-10T06:42:13+00:00
Rolex,,,,29395.0,USD,asking,2026-08-10,,,,,,,,watchexplorer17623 posts280 followers,watchrecon,community,http://forums.timezone.com/index.php?t=tree&goto=7808964&rid=0#msg_7808964,7725510,2026-08-10T06:42:13+00:00
Rolex,,,,7695.0,USD,asking,2026-08-10,,,,,,,,Toxic_Time70,watchrecon,community,https://www.reddit.com/r/Watchexchange/comments/1vk0pkj/wts_rolex_op34_the_black_dial_just_works/,7844508,2026-08-10T06:42:13+00:00
Rolex,,,,18795.0,USD,asking,2026-08-10,,,,,,,,watchexplorer17622 posts280 followers,watchrecon,community,http://forums.timezone.com/index.php?t=tree&goto=7808963&rid=0#msg_7808963,7523250,2026-08-10T06:42:13+00:00
Rolex,,,,12100.0,USD,asking,2026-08-10,,,,,,,,xyz44,watchrecon,community,https://www.watchuseek.com/threads/fs-rolex-submariner-ref-124060-no-date-complete-set.5684551/,7840974,2026-08-10T06:42:13+00:00
Rolex,,,,41895.0,USD,asking,2026-08-10,,,,,,,,watchexplorer17622 posts280 followers,watchrecon,community,http://forums.timezone.com/index.php?t=tree&goto=7808962&rid=0#msg_7808962,5950053,2026-08-10T06:42:13+00:00
Rolex,,,,4795.0,USD,asking,2026-08-10,,,,,,,,Toxic_Time70,watchrecon,community,https://www.reddit.com/r/Watchexchange/comments/1vk0bbf/wts_rolex_16014_36mm_this_blue_dial_hits_different/,7844490,2026-08-10T06:42:13+00:00
Rolex,,,,8850.0,USD,asking,2026-08-10,,,,,,,,cubex681 follower,watchrecon,community,https://www.reddit.com/r/Watchexchange/comments/1vk08g2/wts_2001_rolex_sea_dweller_16600_serviced_and/,7836360,2026-08-10T06:42:13+00:00
Rolex,,,,14299.0,USD,asking,2026-08-10,,,,,,,,cubex681 follower,watchrecon,community,https://www.reddit.com/r/Watchexchange/comments/1vk07bk/wts_rolex_datejust_41_wimbledon_126303_14299/,7829139,2026-08-10T06:42:13+00:00
Rolex,,,,13599.0,USD,asking,2026-08-10,,,,,,,,cubex681 follower,watchrecon,community,https://www.reddit.com/r/Watchexchange/comments/1vk05ok/wts_rolex_datejust_41_126333_18k_yg_and_steel/,7803983,2026-08-10T06:42:13+00:00
Rolex,,,,7399.0,USD,asking,2026-08-10,,,,,,,,ThetaKing1,watchrecon,community,https://www.reddit.com/r/Watchexchange/comments/1vjzu0s/wts_rolex_oyster_perpetual_39_114300_the_op39/,7844480,2026-08-10T06:42:13+00:00
Rolex,,,,95.0,USD,asking,2026-08-10,,,,,,,,KustomLincoln2 followers,watchrecon,community,https://www.watchuseek.com/threads/fs-rolex-oyster-bracelet-link-new-oem.5684473/,7840581,2026-08-10T06:42:13+00:00
Rolex,,,,3997.0,USD,asking,2026-08-10,,,,,,,,Toxic_Time70,watchrecon,community,https://www.reddit.com/r/Watchexchange/comments/1vjz5st/wts_rolex_16014_not_quite_white_not_quite_silver/,7844466,2026-08-10T06:42:13+00:00
Rolex,,,,2900.0,USD,asking,2026-08-10,,,,,,,,apexwarrior55,watchrecon,community,https://www.reddit.com/r/Watchexchange/comments/1vjy7n1/wts_rolex_oysterdate_6694_mens_watch/,7844435,2026-08-10T06:42:13+00:00
Rolex,,,,55500.0,USD,asking,2026-08-10,,,,,,,,SolanaWatches,watchrecon,community,https://www.reddit.com/r/Watchexchange/comments/1vjxha9/wts_rolex_day_date_white_gold_w_silver_baguette/,7844413,2026-08-10T06:42:13+00:00
"Rolex,Tudor",,,,1750.0,USD,asking,2026-08-10,,,,,,,,reckness75 followers,watchrecon,community,https://www.watchuseek.com/threads/rare-vintage-rolex-tudor-38mm-jumbo-prince-oysterdate-90814-solid-white-gold-bezel-with-rolex-bracelet-reduced%E3%80%80.5679746/,7818811,2026-08-10T06:42:13+00:00
"Rolex,Tudor",,,,1100.0,USD,asking,2026-08-10,,,,,,,,reckness75 followers,watchrecon,community,https://www.watchuseek.com/threads/vintage-rolex-tudor-2-tone-prince-oysterdate-74033-linen-dial-auto-with-org-bracelet.5684322/,7792600,2026-08-10T06:42:13+00:00
Rolex,,,,63875.0,USD,asking,2026-08-10,,,,,,,,TAKUYA353 followers,watchrecon,community,https://www.watchuseek.com/threads/fsot-bnib-rolex-228235-day-date-40-rose-gold-olive-green-dial-2026-stickers-full-set.5683884/,7836622,2026-08-10T06:42:13+00:00
Rolex,,,,63325.0,USD,asking,2026-08-10,,,,,,,,TAKUYA353 followers,watchrecon,community,https://www.watchuseek.com/threads/fsot-rolex-228238-day-date-40-yellow-gold-green-ombre-dial-2026-complete-set.5684109/,7838173,2026-08-10T06:42:13+00:00
Rolex,,,,61875.0,USD,asking,2026-08-10,,,,,,,,TAKUYA353 followers,watchrecon,community,https://www.watchuseek.com/threads/fsot-mint-rolex-126518ln-daytona-yellow-gold-pikachu-oysterflex-new-model-full-set.5684110/,7838174,2026-08-10T06:42:13+00:00
Rolex,,,,45325.0,USD,asking,2026-08-10,,,,,,,,TAKUYA353 followers,watchrecon,community,https://www.watchuseek.com/threads/fsot-rolex-336235-sky-dweller-rose-gold-slate-dial-oysterflex-2023-full-set.5680796/,7815331,2026-08-10T06:42:13+00:00
Rolex,,,,17875.0,USD,asking,2026-08-10,,,,,,,,TAKUYA353 followers,watchrecon,community,https://www.watchuseek.com/threads/fsot-rolex-126331-datejust-41-rose-gold-steel-sundust-dial-jubilee-2026-full-set.5682820/,7829855,2026-08-10T06:42:13+00:00
Rolex,,,,31375.0,USD,asking,2026-08-10,,,,,,,,TAKUYA353 followers,watchrecon,community,https://www.watchuseek.com/threads/fsot-rolex-126500ln-daytona-stainless-steel-black-dial-new-model-2025-full-set.5683761/,7835167,2026-08-10T06:42:13+00:00
Rolex,,,,21250.0,USD,asking,2026-08-10,,,,,,,,SolanaWatches,watchrecon,community,https://www.reddit.com/r/Watchexchange/comments/1vjw6s2/wts_2024_rolex_gmt_master_ii_zombie_ref_126713grnr/,7820992,2026-08-10T06:42:13+00:00
Rolex,,,,13250.0,USD,asking,2026-08-10,,,,,,,,PitMaster918,watchrecon,community,https://www.reddit.com/r/Watchexchange/comments/1vjvuei/wts_2023_rolex_submariner_date_full_kit_13250/,7844349,2026-08-10T06:42:13+00:00
Rolex,,,,20825.0,USD,asking,2026-08-10,,,,,,,,takuya16267 posts353 followers,watchrecon,community,http://forums.timezone.com/index.php?t=tree&goto=7808956&rid=0#msg_7808956,7809942,2026-08-10T06:42:13+00:00
Rolex,,,,43900.0,USD,asking,2026-08-10,,,,,,,,SolanaWatches,watchrecon,community,https://www.reddit.com/r/Watchexchange/comments/1vjvl4p/wts_rolex_gmt_master_ii_pepsi_in_white_gold_w/,7844344,2026-08-10T06:42:13+00:00
Rolex,,,,11750.0,USD,asking,2026-08-10,,,,,,,,ZachBowman19,watchrecon,community,https://www.reddit.com/r/Watchexchange/comments/1vjuvdh/wtswtt_rolex_2022_126600_sea_dweller_43mm_full/,7844291,2026-08-10T06:42:13+00:00
Rolex,,,,11495.0,USD,asking,2026-08-10,,,,,,,,Watchexplorer280 followers,watchrecon,community,https://www.watchuseek.com/threads/fs-rolex-216570-explorer-ii-white-polar-42mm-watch.5685025/,7844274,2026-08-10T06:42:13+00:00
Rolex,,,,19995.0,USD,asking,2026-08-10,,,,,,,,Watchexplorer280 followers,watchrecon,community,https://www.watchuseek.com/threads/fs-rolex-126613-submariner-watch-18k-ss-41mm-blue.5685023/,7790970,2026-08-10T06:42:13+00:00
Rolex,,,,19995.0,USD,asking,2026-08-10,,,,,,,,Watchexplorer280 followers,watchrecon,community,https://www.watchuseek.com/threads/fs-rolex-126720vtnr-gmt-master-ii-left-handed-sprite-nib.5685022/,7838632,2026-08-10T06:42:13+00:00
Rolex,,,,26995.0,USD,asking,2026-08-10,,,,,,,,Watchexplorer280 followers,watchrecon,community,https://www.watchuseek.com/threads/fs-rolex-116520-daytona-cosmograph-watch-black-dial.5685021/,7838631,2026-08-10T06:42:13+00:00
Rolex,,,,16795.0,USD,asking,2026-08-10,,,,,,,,Watchexplorer280 followers,watchrecon,community,https://www.watchuseek.com/threads/fs-rolex-279173-datejust-ladies-watch-28mm-nib.5685020/,7844270,2026-08-10T06:42:13+00:00
Rolex,,,,14995.0,USD,asking,2026-08-10,,,,,,,,Watchexplorer280 followers,watchrecon,community,https://www.watchuseek.com/threads/fs-rolex-126301-datejust-41-18k-ss-with-wimbledon-dial.5685018/,7844269,2026-08-10T06:42:13+00:00
"Rolex,Seiko",,,,200.0,USD,asking,2026-08-10,,,,,,,,Financial_Match_1420,watchrecon,community,https://www.reddit.com/r/Watchexchange/comments/1vjtlp8/wts_rolex_explorer_iistyle_seiko_mod/,7844243,2026-08-10T06:42:13+00:00
Rolex,,,,1990.0,USD,asking,2026-08-10,,,,,,,,baebiboo,watchrecon,community,https://www.reddit.com/r/Watchexchange/comments/1vjt7gu/wts_1966_rolex_oysterdate_precision_6694_black/,7844237,2026-08-10T06:42:13+00:00
Rolex,,,,15995.0,USD,asking,2026-08-10,,,,,,,,Watchexplorer280 followers,watchrecon,community,https://www.watchuseek.com/threads/fs-rolex-116613-submariner-watch-18k-ss-black-ceramic-dial.5685017/,7592065,2026-08-10T06:42:13+00:00
Rolex,,,,13995.0,USD,asking,2026-08-10,,,,,,,,Watchexplorer280 followers,watchrecon,community,https://www.watchuseek.com/threads/fs-rolex-16613-submariner-watch-18k-ss-black-dial.5685014/,7844223,2026-08-10T06:42:13+00:00
Rolex,,,,41895.0,USD,asking,2026-08-10,,,,,,,,Watchexplorer280 followers,watchrecon,community,https://www.watchuseek.com/threads/fs-rolex-116509-daytona-cosmograph-watch-18k-black-racing-dial.5685012/,7136519,2026-08-10T06:42:13+00:00
Rolex,,,,10700.0,USD,asking,2026-08-10,,,,,,,,alexk1 follower,watchrecon,community,https://www.watchuseek.com/threads/rolex-datejust-126300-41mm-jubilee-azzurro-blue-dial-2024-full-set.5665081/,7733353,2026-08-10T06:42:13+00:00
Rolex,,,,17500.0,USD,asking,2026-08-10,,,,,,,,BurtReynolds,watchrecon,community,https://www.watchuseek.com/threads/fs-unworn-2020-ss-rolex-dj41-126334-blue-diamond-dial.5682650/,7828662,2026-08-10T06:42:13+00:00
Rolex,,,,3999.0,USD,asking,2026-08-10,,,,,,,,Pristine_Courage_535,watchrecon,community,https://www.reddit.com/r/Watchexchange/comments/1vjsf23/wts_rolex_datejust_16030_1979/,7837856,2026-08-10T06:42:13+00:00
Rolex,,,,53500.0,USD,asking,2026-08-10,,,,,,,,SolanaWatches,watchrecon,community,https://www.reddit.com/r/Watchexchange/comments/1vjsk7f/wts_rolex_day_date_rose_gold_w_chocolate_baguette/,7844221,2026-08-10T06:42:13+00:00
Rolex,,,,13995.0,USD,asking,2026-08-10,,,,,,,,MangTangORang,watchrecon,community,https://www.reddit.com/r/Watchexchange/comments/1vjsfal/wts_2016_rolex_gmtmaster_ii_116710ln_full_set/,7844214,2026-08-10T06:42:13+00:00
Rolex,,,,31250.0,USD,asking,2026-08-10,,,,,,,,RandomRedditUser1991,watchrecon,community,https://www.reddit.com/r/Watchexchange/comments/1vjsb68/wts_rolex_cosmograph_daytona_116500ln_panda_full/,7839046,2026-08-10T06:42:13+00:00
Rolex,,,,18995.0,USD,asking,2026-08-10,,,,,,,,MangTangORang,watchrecon,community,https://www.reddit.com/r/Watchexchange/comments/1vjs9gv/wts_2026_rolex_gmtmaster_ii_sprite_126720vtnr/,7844187,2026-08-10T06:42:13+00:00
Rolex,,,,22295.0,USD,asking,2026-08-10,,,,,,,,MangTangORang,watchrecon,community,https://www.reddit.com/r/Watchexchange/comments/1vjs4s9/wts_rolex_skydweller_mint_green_336934_oyster/,7844179,2026-08-10T06:42:13+00:00
Rolex,,,,14600.0,USD,asking,2026-08-10,,,,,,,,SolanaWatches,watchrecon,community,https://www.reddit.com/r/Watchexchange/comments/1vjrymk/wts_rolex_datejust_36_w_aubergine_diamonds_dial/,7844172,2026-08-10T06:42:13+00:00
Rolex,,,,44975.0,USD,asking,2026-08-10,,,,,,,,SohAIS25 followers,watchrecon,community,https://www.watchuseek.com/threads/fsot-rolex-228238-daydate-40mm-dd40-yellow-gold-silver-roman-dial-2019-box-papers.5666096/,7647720,2026-08-10T06:42:13+00:00
Rolex,,,,8775.0,USD,asking,2026-08-10,,,,,,,,SohAIS25 followers,watchrecon,community,https://www.watchuseek.com/threads/fsot-rolex-114300-oyster-perpetual-39mm-black-dial-2019-box-papers.5668002/,7742130,2026-08-10T06:42:13+00:00
Rolex,,,,9975.0,USD,asking,2026-08-10,,,,,,,,SohAIS25 followers,watchrecon,community,https://www.watchuseek.com/threads/fsot-rolex-explorer-ii-16570-black-dial-40mm-f-serial-box-papers.5673307/,7773854,2026-08-10T06:42:13+00:00
Rolex,,,,14975.0,USD,asking,2026-08-10,,,,,,,,SohAIS25 followers,watchrecon,community,https://www.watchuseek.com/threads/fsot-rolex-datejust-41mm-126334-white-roman-dial-jubilee-2022-box-papers.5668806/,7746722,2026-08-10T06:42:13+00:00
Rolex,,,,10575.0,USD,asking,2026-08-10,,,,,,,,SohAIS25 followers,watchrecon,community,https://www.watchuseek.com/threads/fsot-rolex-milgauss-116400-white-dial-m-serial-box-papers.5650831/,7643460,2026-08-10T06:42:13+00:00
Rolex,,,,8575.0,USD,asking,2026-08-10,,,,,,,,SohAIS25 followers,watchrecon,community,https://www.watchuseek.com/threads/fsot-rolex-air-king-116900-40mm-stainless-steel-2020-box-papers.5667111/,7486090,2026-08-10T06:42:13+00:00
Rolex,,,,17500.0,USD,asking,2026-08-10,,,,,,,,dbhak222 followers,watchrecon,community,https://www.watchuseek.com/threads/fs-1986-rolex-day-date-18038.5684393/,7798830,2026-08-10T06:42:13+00:00
Rolex,,,,13500.0,USD,asking,2026-08-10,,,,,,,,dbhak222 followers,watchrecon,community,https://www.watchuseek.com/threads/fs-1978-rolex-submariner-mk3-1680-box-and-papers.5683405/,7770026,2026-08-10T06:42:13+00:00
Rolex,,,,5100.0,USD,asking,2026-08-10,,,,,,,,Watchex_Enterprises10 followers,watchrecon,community,https://www.reddit.com/r/Watchexchange/comments/1vjqhkt/wts_rolex_op_oyster_perpetual_115200_automatic/,7821507,2026-08-10T06:42:13+00:00
Rolex,,,,47500.0,USD,asking,2026-08-10,,,,,,,,SolanaWatches,watchrecon,community,https://www.reddit.com/r/Watchexchange/comments/1vjqe1u/wts_rolex_day_date_36_yellow_gold_champagne/,7844128,2026-08-10T06:42:13+00:00
Rolex,,,,5590.0,USD,asking,2026-08-10,,,,,,,,FrequentAssumption11 follower,watchrecon,community,https://www.reddit.com/r/Watchexchange/comments/1vjqbqe/wts_rolex_explorer_i_114270_d_serial_2005/,7844124,2026-08-10T06:42:13+00:00
Rolex,,,,11150.0,USD,asking,2026-08-10,,,,,,,,Watchex_Enterprises10 followers,watchrecon,community,https://www.reddit.com/r/Watchexchange/comments/1vjqb0c/wts_rolex_datejust_36_stick_dial_fluted_jubilee/,7801149,2026-08-10T06:42:13+00:00
Rolex,,,,8400.0,USD,asking,2026-08-10,,,,,,,,Watchex_Enterprises10 followers,watchrecon,community,https://www.reddit.com/r/Watchexchange/comments/1vjqa93/wts_rolex_yachtmaster_40mm_platinum_bezel_dial/,7760935,2026-08-10T06:42:13+00:00
Rolex,,,,12495.0,USD,asking,2026-08-10,,,,,,,,Watchex_Enterprises10 followers,watchrecon,community,https://www.reddit.com/r/Watchexchange/comments/1vjq97n/wts_rolex_submariner_date_126610ln_current_gen/,7831003,2026-08-10T06:42:13+00:00
Rolex,,,,10800.0,USD,asking,2026-08-10,,,,,,,,Watchex_Enterprises10 followers,watchrecon,community,https://www.reddit.com/r/Watchexchange/comments/1vjq2uh/wts_rolex_gmtmaster_ii_16710ln_y_serial_year_2002/,7815907,2026-08-10T06:42:13+00:00
Rolex,,,,5350.0,USD,asking,2026-08-10,,,,,,,,Watchex_Enterprises10 followers,watchrecon,community,https://www.reddit.com/r/Watchexchange/comments/1vjpyvo/wts_rolex_oyster_perpetual_op_116000_concentric/,7832307,2026-08-10T06:42:13+00:00
Rolex,,,,14890.0,USD,asking,2026-08-10,,,,,,,,NoogaTimepieces,watchrecon,community,https://www.reddit.com/r/Watchexchange/comments/1vjpv0v/wts_2021_rolex_yachtmaster_40_126622_rhodium/,7844109,2026-08-10T06:42:13+00:00
Rolex,,,,10700.0,USD,asking,2026-08-08,,,,,,,,Dense-Bite-1418,watchrecon,community,https://www.reddit.com/r/Watchexchange/comments/1vj3hmx/wts_1994_rolex_gmt_16700_serviced_10700/,7843704,2026-08-10T06:42:13+00:00
Rolex,,,,12900.0,USD,asking,2026-08-08,,,,,,,,Ambitious_Radish,watchrecon,community,https://www.reddit.com/r/Watchexchange/comments/1vj2zoh/wtswtt_2025_rolex_submariner_124060_full_kit_the/,7843671,2026-08-10T06:42:13+00:00
Rolex,,,,16900.0,USD,asking,2026-08-08,,,,,,,,dglessner,watchrecon,community,https://www.watchuseek.com/threads/rolex-yacht-master-126221-new-in-box-40mm-rose-gold-with-chocolate-dial-warranty.5684924/,7843633,2026-08-10T06:42:13+00:00
Rolex,,,,17275.0,USD,asking,2026-08-08,,,,,,,,gabek164 posts,watchrecon,community,http://forums.timezone.com/index.php?t=tree&goto=7808928&rid=0#msg_7808928,7843646,2026-08-10T06:42:13+00:00
Omega,,,,2875.0,USD,asking,2026-08-10,,,,,,,,Massrog,watchrecon,community,https://www.watchuseek.com/threads/fsot-omega-speedmaster-date-ref-323-30-40-40-06-001.5661344/,7704583,2026-08-10T06:42:13+00:00
"Omega,Seiko",,,,85.0,USD,asking,2026-08-10,,,,,,,,Different_Safe_7981,watchrecon,community,https://www.reddit.com/r/Watchexchange/comments/1vk9r95/wts_uncle_seiko_us1450_bracelet_pre_2018_omega/,7844826,2026-08-10T06:42:13+00:00
"Omega,Swatch",,,,240.0,USD,asking,2026-08-10,,,,,,,,fermopagus1 follower,watchrecon,community,https://www.watchuseek.com/threads/fs-reduced-omega-x-swatch-mission-to-mars.5673794/,7777021,2026-08-10T06:42:13+00:00
Omega,,,,12350.0,USD,asking,2026-08-10,,,,,,,,JessyW6 followers,watchrecon,community,https://www.watchuseek.com/threads/fs-2018-omega-speedmaster-ref-311-30-42-30-01-004-tin-tin-with-box-and-papers.5685102/,7835278,2026-08-10T06:42:13+00:00
Omega,,,,2290.0,USD,asking,2026-08-10,,,,,,,,Affectionate-Sea99421 follower,watchrecon,community,https://www.reddit.com/r/Watchexchange/comments/1vk7gt7/wts_omega_speedmaster_38027153_automatic/,7817282,2026-08-10T06:42:13+00:00
Omega,,,,4700.0,USD,asking,2026-08-10,,,,,,,,Apprehensive-Algae54,watchrecon,community,https://www.reddit.com/r/Watchexchange/comments/1vk76v5/wts_omega_seamaster_aqua_terra_150m_41mm_blue/,7844738,2026-08-10T06:42:13+00:00
Omega,,,,6599.0,USD,asking,2026-08-10,,,,,,,,TopperRob27665 posts68 followers,watchrecon,community,http://forums.timezone.com/index.php?t=tree&goto=7808983&rid=0#msg_7808983,7843999,2026-08-10T06:42:13+00:00
Omega,,,,5999.0,USD,asking,2026-08-10,,,,,,,,TopperRob27665 posts68 followers,watchrecon,community,http://forums.timezone.com/index.php?t=tree&goto=7808982&rid=0#msg_7808982,7843998,2026-08-10T06:42:13+00:00
Omega,,,,5799.0,USD,asking,2026-08-10,,,,,,,,TopperRob27665 posts68 followers,watchrecon,community,http://forums.timezone.com/index.php?t=tree&goto=7808981&rid=0#msg_7808981,7843997,2026-08-10T06:42:13+00:00
Omega,,,,5699.0,USD,asking,2026-08-10,,,,,,,,TopperRob27662 posts68 followers,watchrecon,community,http://forums.timezone.com/index.php?t=tree&goto=7808980&rid=0#msg_7808980,7843996,2026-08-10T06:42:13+00:00
Omega,,,,3400.0,USD,asking,2026-08-10,,,,,,,,plip_c,watchrecon,community,https://www.reddit.com/r/Watchexchange/comments/1vk4j1i/wts_omega_speedmaster_spacemaster_z33_43mm/,7844657,2026-08-10T06:42:13+00:00
Omega,,,,7700.0,USD,asking,2026-08-10,,,,,,,,Slinghaus,watchrecon,community,https://www.reddit.com/r/Watchexchange/comments/1vk4exp/wts_omega_speedmaster_white_dial_ref/,7844650,2026-08-10T06:42:13+00:00
Omega,,,,11500.0,USD,asking,2026-08-10,,,,,,,,plip_c,watchrecon,community,https://www.reddit.com/r/Watchexchange/comments/1vk40cv/wts_omega_speedmaster_moonwatch_professional/,7832612,2026-08-10T06:42:13+00:00
Omega,,,,1950.0,USD,asking,2026-08-10,,,,,,,,KustomLincoln2 followers,watchrecon,community,https://www.watchuseek.com/threads/fs-vintage-18kt-solid-pink-gold-omega-seamaster-36mm.5685062/,7844608,2026-08-10T06:42:13+00:00
Omega,,,,8425.0,USD,asking,2026-08-10,,,,,,,,TAKUYA353 followers,watchrecon,community,https://www.watchuseek.com/threads/fsot-mint-omega-seamaster-diver-300m-chronograph-007-first-light-2026-model-full-set.5684214/,7838209,2026-08-10T06:42:13+00:00
Omega,,,,7975.0,USD,asking,2026-08-10,,,,,,,,TAKUYA353 followers,watchrecon,community,https://www.watchuseek.com/threads/fsot-omega-speedmaster-professional-moonwatch-3861-white-dial-2026-warranty-full-set.5681166/,7818508,2026-08-10T06:42:13+00:00
Omega,,,,4800.0,USD,asking,2026-08-10,,,,,,,,swissra3 followers,watchrecon,community,https://www.watchuseek.com/threads/rare-omega-seamaster-planet-ocean-8500-232-30-42-21-01-003-42-5mm-under-warranty.5682410/,7826884,2026-08-10T06:42:13+00:00
Omega,,,,4600.0,USD,asking,2026-08-10,,,,,,,,swissra3 followers,watchrecon,community,https://www.watchuseek.com/threads/omega-seamaster-planet-ocean-8900-blue-43-5mm-215-30-44-21-03-001.5678818/,7757039,2026-08-10T06:42:13+00:00
Omega,,,,4600.0,USD,asking,2026-08-10,,,,,,,,swissra3 followers,watchrecon,community,https://www.watchuseek.com/threads/omega-seamaster-planet-ocean-gmt-43-5mm-232-32-44-22-01-002.5676141/,7791590,2026-08-10T06:42:13+00:00
Omega,,,,4500.0,USD,asking,2026-08-10,,,,,,,,swissra3 followers,watchrecon,community,https://www.watchuseek.com/threads/omega-seamaster-planet-ocean-8500-45-5mm-232-32-46-21-01-005.5670487/,7757043,2026-08-10T06:42:13+00:00
Omega,,,,4500.0,USD,asking,2026-08-10,,,,,,,,swissra3 followers,watchrecon,community,https://www.watchuseek.com/threads/omega-seamaster-planet-ocean-8500-232-30-46-21-01-001-45-5mm.5675119/,7785580,2026-08-10T06:42:13+00:00
Omega,,,,4500.0,USD,asking,2026-08-10,,,,,,,,swissra3 followers,watchrecon,community,https://www.watchuseek.com/threads/omega-seamaster-planet-ocean-8500-232-32-46-21-01-003-45-5mm.5678823/,7808308,2026-08-10T06:42:13+00:00
Omega,,,,3500.0,USD,asking,2026-08-10,,,,,,,,swissra3 followers,watchrecon,community,https://www.watchuseek.com/threads/omega-seamaster-professional-300m-2500-blue-41mm-212-30-41-20-03-001.5682949/,7830477,2026-08-10T06:42:13+00:00
Omega,,,,3590.0,USD,asking,2026-08-10,,,,,,,,swissra3 followers,watchrecon,community,https://www.watchuseek.com/threads/rare-omega-seamaster-planet-ocean-2500d-45-5mm-2200-50-00.5676100/,7757185,2026-08-10T06:42:13+00:00
Omega,,,,3600.0,USD,asking,2026-08-10,,,,,,,,swissra3 followers,watchrecon,community,https://www.watchuseek.com/threads/omega-seamaster-planet-ocean-45mm-232-32-46-21-01-003.5629918/,7513525,2026-08-10T06:42:13+00:00
Omega,,,,4150.0,USD,asking,2026-08-10,,,,,,,,Watchex_Enterprises10 followers,watchrecon,community,https://www.reddit.com/r/Watchexchange/comments/1vk2ao6/wts_omega_seamaster_aquaterra_38mm_150m_rubber/,7809968,2026-08-10T06:42:13+00:00
Omega,,,,3495.0,USD,asking,2026-08-10,,,,,,,,Watchex_Enterprises10 followers,watchrecon,community,https://www.reddit.com/r/Watchexchange/comments/1vk2877/wts_omega_seamaster_aquaterra_385mm_coaxial_cards/,7844588,2026-08-10T06:42:13+00:00
Omega,,,,2750.0,USD,asking,2026-08-10,,,,,,,,Watchex_Enterprises10 followers,watchrecon,community,https://www.reddit.com/r/Watchexchange/comments/1vk25pr/wts_omega_aquaterra_385mm_coaxial_automatic_grey/,7807584,2026-08-10T06:42:13+00:00
Omega,,,,5250.0,USD,asking,2026-08-10,,,,,,,,No-Kick-2577,watchrecon,community,https://www.reddit.com/r/Watchexchange/comments/1vk1v74/wts_omega_speedmaster_sapphire_sandwich_357350/,7844551,2026-08-10T06:42:13+00:00
Omega,,,,7150.0,USD,asking,2026-08-10,,,,,,,,JackOfAllTrades_81,watchrecon,community,https://www.reddit.com/r/Watchexchange/comments/1vk1mxi/wts_all_that_glitters_is_sedna_gold_omega/,7844540,2026-08-10T06:42:13+00:00
Omega,,,,1600.0,USD,asking,2026-08-10,,,,,,,,tallbackpack,watchrecon,community,https://www.reddit.com/r/Watchexchange/comments/1vk1mcw/wts_1969_omega_constellation_1600/,7844539,2026-08-10T06:42:13+00:00
Omega,,,,9500.0,USD,asking,2026-08-10,,,,,,,,alfarmer1181 posts,watchrecon,community,http://forums.timezone.com/index.php?t=tree&goto=7808965&rid=0#msg_7808965,6759718,2026-08-10T06:42:13+00:00
Omega,,,,1995.0,USD,asking,2026-08-10,,,,,,,,ConnorManquen1 follower,watchrecon,community,https://www.reddit.com/r/Watchexchange/comments/1vk11pr/wts_omega_seamaster_255180_midsize_automatic/,7682465,2026-08-10T06:42:13+00:00
Omega,,,,13600.0,USD,asking,2026-08-10,,,,,,,,drster275 followers,watchrecon,community,https://www.watchuseek.com/threads/fsot-reduced-further-omega-speedmaster-pro-silver-snoopy-award-2025-warranty.5685056/,7825302,2026-08-10T06:42:13+00:00
Omega,,,,5000.0,USD,asking,2026-08-10,,,,,,,,Watches_Cryto,watchrecon,community,https://www.reddit.com/r/Watchexchange/comments/1vk0exe/wts_2025_omega_aqua_terra_22012412103005_my_iykyk/,7844498,2026-08-10T06:42:13+00:00
Omega,,,,6850.0,USD,asking,2026-08-10,,,,,,,,ConnorManquen1 follower,watchrecon,community,https://www.reddit.com/r/Watchexchange/comments/1vk0a0s/wts_omega_speedmaster_first_omega_in_space/,7838757,2026-08-10T06:42:13+00:00
"Omega,Swatch",,,,575.0,USD,asking,2026-08-10,,,,,,,,Different-Captain-40,watchrecon,community,https://www.reddit.com/r/Watchexchange/comments/1vk08h6/wts_omega_x_swatch_mission_to_the_moon_1965/,7844488,2026-08-10T06:42:13+00:00
Omega,,,,2300.0,USD,asking,2026-08-10,,,,,,,,GloryTimepiece,watchrecon,community,https://www.reddit.com/r/Watchexchange/comments/1vjzmy0/wts_omega_speedmaster_date_chronometer_40mm/,7844476,2026-08-10T06:42:13+00:00
Omega,,,,7460.0,USD,asking,2026-08-10,,,,,,,,jp0145,watchrecon,community,https://www.reddit.com/r/Watchexchange/comments/1vjz0al/wts_omega_speedmaster_dsotm_31192445101007_box/,7844462,2026-08-10T06:42:13+00:00
Omega,,,,2999.0,USD,asking,2026-08-10,,,,,,,,No-Kick-2577,watchrecon,community,https://www.reddit.com/r/Watchexchange/comments/1vjy1a9/wts_minty_omega_seamaster_bond_blue_wave_253180/,7844428,2026-08-10T06:42:13+00:00
Omega,,,,8000.0,USD,asking,2026-08-10,,,,,,,,Yumpies,watchrecon,community,https://www.reddit.com/r/Watchexchange/comments/1vjxvgh/wts_omega_big_drop_speedmaster_professional/,7844424,2026-08-10T06:42:13+00:00
Omega,,,,9000.0,USD,asking,2026-08-10,,,,,,,,Green_Assistance_336,watchrecon,community,https://www.reddit.com/r/Watchexchange/comments/1vjxry3/wts_omega_seamaster_diver_300m_chronograph_sedna/,7833312,2026-08-10T06:42:13+00:00
Omega,,,,5000.0,USD,asking,2026-08-10,,,,,,,,Green_Assistance_336,watchrecon,community,https://www.reddit.com/r/Watchexchange/comments/1vjxn1m/wts_omega_seamaster_diver_300m_seaweed_ref/,7844414,2026-08-10T06:42:13+00:00
Omega,,,,1999.0,USD,asking,2026-08-10,,,,,,,,Philandwatches,watchrecon,community,https://www.watchuseek.com/threads/omega-constellation-double-eagle-perpetual-calendar-1513-51-00.5681731/,7822641,2026-08-10T06:42:13+00:00
Omega,,,,350.0,USD,asking,2026-08-10,,,,,,,,reckness75 followers,watchrecon,community,https://www.watchuseek.com/threads/vintage-omega-seamaster-30-ca-286-hand-winding-135-007-66-lower-price.5674630/,7782363,2026-08-10T06:42:13+00:00
Omega,,,,2150.0,USD,asking,2026-08-10,,,,,,,,chanhanglow,watchrecon,community,https://www.reddit.com/r/Watchexchange/comments/1vjw6vi/wts_omega_seamaster_professional_300m_226580/,7829754,2026-08-10T06:42:13+00:00
Omega,,,,299.0,USD,asking,2026-08-10,,,,,,,,No-Kick-2577,watchrecon,community,https://www.reddit.com/r/Watchexchange/comments/1vjw326/wts_oem_authentic_omega_speedmaster_professional/,7844351,2026-08-10T06:42:13+00:00
Omega,,,,2499.0,USD,asking,2026-08-10,,,,,,,,watchvaultnyc52 followers,watchrecon,community,https://www.watchuseek.com/threads/omega-seamaster-120m-2501-83-36mm-auto-xal006.5631360/,7523526,2026-08-10T06:42:13+00:00
Omega,,,,110.0,USD,asking,2026-08-10,,,,,,,,vicari41,watchrecon,community,https://www.reddit.com/r/Watchexchange/comments/1vjvoft/wts_uncle_straps_us1479_bracelet_for_omega/,7844346,2026-08-10T06:42:13+00:00
Omega,,,,4099.0,USD,asking,2026-08-10,,,,,,,,watchvaultnyc52 followers,watchrecon,community,https://www.watchuseek.com/threads/omega-seamaster-professional-2594-50-americas-cup-chrono-42mm-auto-xag105.5581610/,7673721,2026-08-10T06:42:13+00:00
Omega,,,,2195.0,USD,asking,2026-08-10,,,,,,,,CW_Watch Shop,watchrecon,community,https://www.watchuseek.com/threads/fs-omega-deville-automatic-ref-155-007.5684125/,7838360,2026-08-10T06:42:13+00:00
Omega,,,,170.0,USD,asking,2026-08-10,,,,,,,,StuffDifferent6200,watchrecon,community,https://www.reddit.com/r/Watchexchange/comments/1vjvel4/wts_omega_2_piece_grey_20mm_speedmaster_moonwatch/,7844341,2026-08-10T06:42:13+00:00
Omega,,,,150.0,USD,asking,2026-08-10,,,,,,,,StuffDifferent6200,watchrecon,community,https://www.reddit.com/r/Watchexchange/comments/1vjvcbz/wts_brand_new_omega_light_grey_20mm_nato_strap/,7844303,2026-08-10T06:42:13+00:00
Omega,,,,110.0,USD,asking,2026-08-10,,,,,,,,judahrosenthal,watchrecon,community,https://www.reddit.com/r/Watchexchange/comments/1vjuv85/wts_omega_seamaster_1503_825_bond_bracelet_20mm/,7844290,2026-08-10T06:42:13+00:00
Omega,,,,15450.0,USD,asking,2026-08-10,,,,,,,,sjohn97,watchrecon,community,https://www.watchuseek.com/threads/omega-speedmaster-%E2%80%9Ced-white%E2%80%9C-cal-321-ref-311-30-40-30-01-001-immaculate-2023-complete-set-w-receipt.5685027/,7844276,2026-08-10T06:42:13+00:00
Omega,,,,5700.0,USD,asking,2026-08-10,,,,,,,,Puma7443 followers,watchrecon,community,https://www.watchuseek.com/threads/fsot-omega-seamaster-300-300m-titanium-bezel-steel-dial-210-30-42-20-06-002.5684253/,7839175,2026-08-10T06:42:13+00:00
Omega,,,,3450.0,USD,asking,2026-08-10,,,,,,,,Eddie23112 followers,watchrecon,community,https://www.reddit.com/r/Watchexchange/comments/1vjseyk/wts_omega_seamaster_professional_300m_ref/,7835448,2026-08-10T06:42:13+00:00
Omega,,,,9895.0,USD,asking,2026-08-10,,,,,,,,MangTangORang,watchrecon,community,https://www.reddit.com/r/Watchexchange/comments/1vjrv7t/wts_2026_omega_speedmaster_professional_moonwatch/,7844171,2026-08-10T06:42:13+00:00
Omega,,,,5750.0,USD,asking,2026-08-10,,,,,,,,BordeauxEscherBach,watchrecon,community,https://www.reddit.com/r/Watchexchange/comments/1vjrqgc/wts_omega_speedmaster_professional_original/,7844170,2026-08-10T06:42:13+00:00
Omega,,,,4975.0,USD,asking,2026-08-10,,,,,,,,SohAIS25 followers,watchrecon,community,https://www.watchuseek.com/threads/fsot-omega-seamaster-aqua-terra-150m-231-13-43-22-02-003-43mm-annual-calendar-bp.5663754/,7718918,2026-08-10T06:42:13+00:00
Omega,,,,15450.0,USD,asking,2026-08-10,,,,,,,,Sjohn1997,watchrecon,community,https://www.reddit.com/r/Watchexchange/comments/1vjrd1o/wts_omega_speedmaster_ed_white_calibre_321_ref/,7844166,2026-08-10T06:42:13+00:00
Omega,,,,23975.0,USD,asking,2026-08-10,,,,,,,,SohAIS25 followers,watchrecon,community,https://www.watchuseek.com/threads/fsot-bnib-omega-1957-trilogy-edition-557-limited-60th-anniversary-set-3-watches-b-p.5652676/,7155659,2026-08-10T06:42:13+00:00
Omega,,,,5300.0,USD,asking,2026-08-10,,,,,,,,savedbythebell5 followers,watchrecon,community,https://www.watchuseek.com/threads/omega-constellation-co-axial-38mm-two-tone-%E2%80%93-ref-123-20-38-21-02-009-%E2%80%93-full-kit.5684491/,7840710,2026-08-10T06:42:13+00:00
Omega,,,,2100.0,USD,asking,2026-08-10,,,,,,,,nhan87961 follower,watchrecon,community,https://www.reddit.com/r/Watchexchange/comments/1vjpykf/wts_omega_seamaster_professional_300m_midsize/,7844113,2026-08-10T06:42:13+00:00
Omega,,,,4450.0,USD,asking,2026-08-10,,,,,,,,Six2Midnight_Watches,watchrecon,community,https://www.reddit.com/r/Watchexchange/comments/1vjpyjp/wts_omega_seamaster_planet_ocean_600m_chronograph/,7844112,2026-08-10T06:42:13+00:00
Omega,,,,2695.0,USD,asking,2026-08-10,,,,,,,,Watchex_Enterprises10 followers,watchrecon,community,https://www.reddit.com/r/Watchexchange/comments/1vjpxae/wts_omega_seamaster_chrono_415mm_clean_links/,7832288,2026-08-10T06:42:13+00:00
Omega,,,,2750.0,USD,asking,2026-08-10,,,,,,,,nhan87961 follower,watchrecon,community,https://www.reddit.com/r/Watchexchange/comments/1vjp0t6/wts_omega_speedmaster_reduced_35105000_39mm/,7844087,2026-08-10T06:42:13+00:00
Omega,,,,3050.0,USD,asking,2026-08-10,,,,,,,,nhan87961 follower,watchrecon,community,https://www.reddit.com/r/Watchexchange/comments/1vjor73/wts_omega_seamaster_aqua_terra_392mm_ref_25033300/,7844084,2026-08-10T06:42:13+00:00
Omega,,,,1300.0,USD,asking,2026-08-10,,,,,,,,jmendozaj,watchrecon,community,https://www.reddit.com/r/Watchexchange/comments/1vjnwxd/wts_omega_de_ville_prestige_395mm/,7844075,2026-08-10T06:42:13+00:00
"Lemania,Omega,Universal Geneve",,,,2450.0,USD,asking,2026-08-10,,,,,,,,rbob99,watchrecon,community,https://www.watchuseek.com/threads/fs-universal-gen%C3%A8ve-compax-ref-884-425-full-set-serviced.5679624/,7816909,2026-08-10T06:42:13+00:00
Omega,,,,6600.0,USD,asking,2026-08-08,,,,,,,,WatchScene3 followers,watchrecon,community,https://www.watchuseek.com/threads/fs-bright-side-of-speedmaster-omega-milano-cortina-%E2%80%93-2026-set.5681508/,7821007,2026-08-10T06:42:13+00:00
Omega,,,,4800.0,USD,asking,2026-08-08,,,,,,,,WatchScene3 followers,watchrecon,community,https://www.watchuseek.com/threads/fs-omega-seamaster-aqua-terra-150m-blue-%E2%80%93-james-bond-spectre-no-time-to-die-%E2%80%93-41-5mm.5679277/,7820976,2026-08-10T06:42:13+00:00
Omega,,,,5500.0,USD,asking,2026-08-08,,,,,,,,hedet,watchrecon,community,https://www.watchuseek.com/threads/fs-omega-speedmaster-professional-3861-hesalite.5684933/,7843685,2026-08-10T06:42:13+00:00
Omega,,,,3500.0,USD,asking,2026-08-08,,,,,,,,uglyRico,watchrecon,community,https://www.reddit.com/r/Watchexchange/comments/1vj3e7l/wts_omega_seamaster_300m_the_seamaster_you_dont/,7843700,2026-08-10T06:42:13+00:00
Omega,,,,5850.0,USD,asking,2026-08-08,,,,,,,,turnkeyconfirm,watchrecon,community,https://www.reddit.com/r/Watchexchange/comments/1vj3fcr/wts_omega_seamaster_planet_ocean_600m_42mm_grade/,7843701,2026-08-10T06:42:13+00:00
Omega,,,,5500.0,USD,asking,2026-08-08,,,,,,,,papacoleman,watchrecon,community,https://www.reddit.com/r/Watchexchange/comments/1vj355n/wts_omega_speedmaster_professional_3861_hesalite/,7843675,2026-08-10T06:42:13+00:00
Omega,,,,7499.0,USD,asking,2026-08-08,,,,,,,,ILeicaWatches,watchrecon,community,https://www.reddit.com/r/Watchexchange/comments/1vj26q7/wtswtt_omega_speedmaster_white_sapphire_sandwich/,7843654,2026-08-10T06:42:13+00:00
Omega,,,,5497.0,USD,asking,2026-08-08,,,,,,,,watchthelegacy,watchrecon,community,https://www.reddit.com/r/Watchexchange/comments/1vj1f15/wts_2025_omega_seamaster_planet_ocean_600m_blue/,7843617,2026-08-10T06:42:13+00:00
Patek Philippe,,,,16550.0,USD,asking,2026-08-10,,,,,,,,JessyW6 followers,watchrecon,community,https://www.watchuseek.com/threads/fs-2010s-patek-philippe-rose-gold-calatrava-ref-7200r.5685103/,7548648,2026-08-10T06:42:13+00:00
Patek Philippe,,,,16499.0,USD,asking,2026-08-10,,,,,,,,squanchio,watchrecon,community,https://www.reddit.com/r/Watchexchange/comments/1vjzz91/wts_patek_philippe_calatrava_5022j_officier_33mm/,7844481,2026-08-10T06:42:13+00:00
Patek Philippe,,,,123175.0,USD,asking,2026-08-10,,,,,,,,TAKUYA353 followers,watchrecon,community,https://www.watchuseek.com/threads/fsot-patek-philippe-5961p-platinum-annual-calendar-chrono-blue-dial-diamond-2023.5674143/,7546849,2026-08-10T06:42:13+00:00
Patek Philippe,,,,72100.0,USD,asking,2026-08-08,,,,,,,,xyz44,watchrecon,community,https://www.watchuseek.com/threads/fs-patek-philippe-aquanaut-ref-5167a-001.5681567/,7821413,2026-08-10T06:42:13+00:00
Patek Philippe,,,,20600.0,USD,asking,2026-08-08,,,,,,,,Watchex_Enterprises10 followers,watchrecon,community,https://www.reddit.com/r/Watchexchange/comments/1vigam5/wts_patek_philippe_calatrava_5296g001_blue_hands/,7843212,2026-08-10T06:42:13+00:00
Patek Philippe,,,,29400.0,USD,asking,2026-08-08,,,,,,,,Watchex_Enterprises10 followers,watchrecon,community,https://www.reddit.com/r/Watchexchange/comments/1vieefs/wts_patek_philippe_annual_calendar_5396r_sector/,7815914,2026-08-10T06:42:13+00:00
Patek Philippe,,,,76825.0,USD,asking,2026-08-08,,,,,,,,TAKUYA353 followers,watchrecon,community,https://www.watchuseek.com/threads/fsot-patek-philippe-5167a-aquanaut-stainless-steel-extra-bracelet-full-set.5680797/,7815332,2026-08-10T06:42:13+00:00
Patek Philippe,,,,125875.0,USD,asking,2026-08-08,,,,,,,,TAKUYA353 followers,watchrecon,community,https://www.watchuseek.com/threads/fsot-patek-philippe-5968g-aquanaut-chronograph-white-gold-blue-dial-2021-full-set.5668980/,7747877,2026-08-10T06:42:13+00:00
Patek Philippe,,,,18375.0,USD,asking,2026-08-08,,,,,,,,slopekind,watchrecon,community,https://www.reddit.com/r/Watchexchange/comments/1vi96mp/wts_patek_philippe_gondolo_white_gold_factory/,7745375,2026-08-10T06:42:13+00:00
Patek Philippe,,,,13950.0,USD,asking,2026-08-07,,,,,,,,rkman111 follower,watchrecon,community,https://www.reddit.com/r/Watchexchange/comments/1vhn4st/wts_price_drop_straight_from_original_estate/,7836760,2026-08-10T06:42:13+00:00
Patek Philippe,,,,24650.0,USD,asking,2026-08-07,,,,,,,,Modestsonal3 followers,watchrecon,community,https://www.watchuseek.com/threads/patek-philippe-5146g-annual-calendar-18k-white-gold-clean-unit-oem-strap-oem-gold-deployant-clasp.5684750/,7831028,2026-08-10T06:42:13+00:00
Patek Philippe,,,,123325.0,USD,asking,2026-08-07,,,,,,,,TAKUYA353 followers,watchrecon,community,https://www.watchuseek.com/threads/fsot-patek-philippe-5711-nautilus-stainless-steel-white-dial-patek-serviced-warranty.5684715/,7713933,2026-08-10T06:42:13+00:00
Patek Philippe,,,,24650.0,USD,asking,2026-08-06,,,,,,,,Watchex_Enterprises10 followers,watchrecon,community,https://www.reddit.com/r/Watchexchange/comments/1vgnlzz/wts_patek_philippe_5146g_annual_calendar_18k/,7788928,2026-08-10T06:42:13+00:00
Patek Philippe,,,,36500.0,USD,asking,2026-08-05,,,,,,,,Slysplash,watchrecon,community,https://www.reddit.com/r/Watchexchange/comments/1vfp549/wts_patek_philippe_complications_annual_calendar/,7840656,2026-08-10T06:42:13+00:00
Patek Philippe,,,,295875.0,USD,asking,2026-08-05,,,,,,,,TAKUYA353 followers,watchrecon,community,https://www.watchuseek.com/threads/fsot-patek-philippe-5271p-platinum-perpetual-calendar-chronograph-baguette-diamond-2021-full-set.5643114/,7599489,2026-08-10T06:42:13+00:00
Patek Philippe,,,,68825.0,USD,asking,2026-08-05,,,,,,,,TAKUYA353 followers,watchrecon,community,https://www.watchuseek.com/threads/fsot-patek-philippe-5326g-white-gold-annual-calendar-travel-time-2024-full-set.5684003/,7837509,2026-08-10T06:42:13+00:00
Patek Philippe,,,,22500.0,USD,asking,2026-08-04,,,,,,,,bmene,watchrecon,community,https://www.reddit.com/r/Watchexchange/comments/1veyc5l/wtswtt_2006_patek_philippe_5134g_travel_time/,7832469,2026-08-10T06:42:13+00:00
Patek Philippe,,,,175.0,USD,asking,2026-08-03,,,,,,,,Financial_Ad4199,watchrecon,community,https://www.reddit.com/r/Watchexchange/comments/1vdshqa/wts_patek_philippe_21mm_strap_175/,7838961,2026-08-10T06:42:13+00:00
Patek Philippe,,,,68995.0,USD,asking,2026-08-02,,,,,,,,watchexplorer17599 posts280 followers,watchrecon,community,http://forums.timezone.com/index.php?t=tree&goto=7808709&rid=0#msg_7808709,7838292,2026-08-10T06:42:13+00:00
Patek Philippe,,,,47895.0,USD,asking,2026-08-02,,,,,,,,watchexplorer17599 posts280 followers,watchrecon,community,http://forums.timezone.com/index.php?t=tree&goto=7808708&rid=0#msg_7808708,7796749,2026-08-10T06:42:13+00:00
Patek Philippe,,,,53999.0,USD,asking,2026-08-01,,,,,,,,ValueYourWatch.com,watchrecon,community,https://www.watchuseek.com/threads/fs-2024-salmon-dial-patek-philippe-complications-world-time-flyback-chronograph.5683995/,7837459,2026-08-10T06:42:13+00:00
Patek Philippe,,,,55749.0,USD,asking,2026-08-01,,,,,,,,ValueYourWatch.com,watchrecon,community,https://www.watchuseek.com/threads/fs-2019-papers-5320g-cream-dial-white-gold-18k-perpetual-calendar-patek-philippe.5683993/,7837458,2026-08-10T06:42:13+00:00
Patek Philippe,,,,36495.0,USD,asking,2026-08-01,,,,,,,,majestixcollection,watchrecon,community,https://www.watchuseek.com/threads/fsot-2025-patek-philippe-calatrava-white-dial-clous-de-paris-bezel-brown-leather-strap-18k-rose-gold-39mm-mint-condition-complete-set-6119r-001.5683985/,7837369,2026-08-10T06:42:13+00:00
Patek Philippe,,,,2000.0,USD,asking,2026-07-31,,,,,,,,takeiitpersonal,watchrecon,community,https://www.reddit.com/r/Watchexchange/comments/1vb6zji/wts_patek_philippe_5167a_ss_bracelet_extra_15/,7836576,2026-08-10T06:42:13+00:00
Patek Philippe,,,,103000.0,USD,asking,2026-07-31,,,,,,,,theoshaberdashery1 follower,watchrecon,community,https://www.reddit.com/r/Watchexchange/comments/1vb6zeg/wts_patek_philippe_5712_watch_in_steel_103000/,7836575,2026-08-10T06:42:13+00:00
"A. Lange & Sohne,Audemars Piguet,Breitling,FP Journe,Hublot,Panerai,Patek Philippe,Richard Mille,Rolex,Vacheron Constantin",,,,15250.0,USD,asking,2026-07-30,,,,,,,,Mechanical-Art,watchrecon,community,https://www.reddit.com/r/Watchexchange/comments/1va6s3x/wtswtt_hyt_h0_fluid_mechanical_blue_night_black/,7766184,2026-08-10T06:42:13+00:00
Patek Philippe,,,,27900.0,USD,asking,2026-07-29,,,,,,,,Successful-Put-2058,watchrecon,community,https://www.reddit.com/r/Watchexchange/comments/1v9eyvm/wts_2015_patek_philippe_5146g010_annual_calendar/,7835038,2026-08-10T06:42:13+00:00
Patek Philippe,,,,57497.0,USD,asking,2026-07-28,,,,,,,,ValueYourWatch.com,watchrecon,community,https://www.watchuseek.com/threads/fs-patek-philippe-world-time-flyback-chronograph-5930g-white-gold-complete-39-5mm.5683510/,7834173,2026-08-10T06:42:13+00:00
Patek Philippe,,,,119497.0,USD,asking,2026-07-28,,,,,,,,ValueYourWatch.com,watchrecon,community,https://www.watchuseek.com/threads/fs-patek-philippe-nautilus-flyback-chronograph-5980-1ar-blue-rose-gold-steel-40mm.5683509/,7834172,2026-08-10T06:42:13+00:00
Patek Philippe,,,,24500.0,USD,asking,2026-07-28,,,,,,,,Watchex_Enterprises10 followers,watchrecon,community,https://www.reddit.com/r/Watchexchange/comments/1v8evh7/wts_patek_philippe_annual_calendar_in_18k_white/,7775295,2026-08-10T06:42:13+00:00
"Audemars Piguet,IWC,Panerai,Patek Philippe,Rolex",,,,7895.0,USD,asking,2026-07-28,,,,,,,,ocwatchguy12 followers,watchrecon,community,https://www.watchuseek.com/threads/fsot-glash%C3%BCtte-original-senator-excellence-1-36-01-03-02-66-black-stainless-steel-40mm-mint.5683475/,7718206,2026-08-10T06:42:13+00:00
"Audemars Piguet,IWC,Panerai,Patek Philippe,Rolex",,,,8895.0,USD,asking,2026-07-28,,,,,,,,ocwatchguy12 followers,watchrecon,community,https://www.watchuseek.com/threads/fsot-massena-lab-magraph-ra%C3%BAl-pag%C3%A8s-silver-stainless-steel-like-new.5683474/,7754123,2026-08-10T06:42:13+00:00
Tudor,,,,10850.0,USD,asking,2026-08-10,,,,,,,,JessyW6 followers,watchrecon,community,https://www.watchuseek.com/threads/fs-1970-tudor-submariner-ref-7016-blue-snowflake-swiss-only-dial.5685108/,7626465,2026-08-10T06:42:13+00:00
Tudor,,,,3550.0,USD,asking,2026-08-10,,,,,,,,JessyW6 followers,watchrecon,community,https://www.watchuseek.com/threads/fs-2024-tudor-titanium-pelagos-ref-25707kn-alinghi-red-bull-racing-with-box-and-papers.5685107/,7835281,2026-08-10T06:42:13+00:00
Tudor,,,,3250.0,USD,asking,2026-08-10,,,,,,,,JessyW6 followers,watchrecon,community,https://www.watchuseek.com/threads/fs-2018-tudor-black-bay-gmt-ref-79830rb-with-box-and-papers.5685106/,7706837,2026-08-10T06:42:13+00:00
Tudor,,,,3150.0,USD,asking,2026-08-10,,,,,,,,TJ Lee,watchrecon,community,https://www.watchuseek.com/threads/tudor-pelagos-fxd-marine-nationale-blue-2024-w-box-and-papers.5674212/,7779534,2026-08-10T06:42:13+00:00
Tudor,,,,4290.0,USD,asking,2026-08-10,,,,,,,,OPIC11 followers,watchrecon,community,https://www.watchuseek.com/threads/fs-tudor-black-bay-chrono-blue-boutique-edition-m79360b-0002.5680922/,7816898,2026-08-10T06:42:13+00:00
Tudor,,,,6299.0,USD,asking,2026-08-10,,,,,,,,ssp99,watchrecon,community,https://www.reddit.com/r/Watchexchange/comments/1vk5qb3/wts_tudor_monarch_brand_new_in_box_priced_at/,7844694,2026-08-10T06:42:13+00:00
Tudor,,,,100.0,USD,asking,2026-08-10,,,,,,,,MadMex5 followers,watchrecon,community,https://www.watchuseek.com/threads/fs-vanguard-specialty-straps-integrated-rubber-strap-for-tudor-black-bay-58-black-long-lenght.5631163/,7817161,2026-08-10T06:42:13+00:00
Tudor,,,,3050.0,USD,asking,2026-08-10,,,,,,,,snksy,watchrecon,community,https://www.reddit.com/r/Watchexchange/comments/1vk4h9s/wts_tudor_black_bay_58_blue_bb58_79030b/,7824033,2026-08-10T06:42:13+00:00
Tudor,,,,11175.0,USD,asking,2026-08-10,,,,,,,,TAKUYA353 followers,watchrecon,community,https://www.watchuseek.com/threads/fsot-bnib-tudor-79310n-black-bay-chronograph-39-yellow-dial-2026-model-full-set.5681270/,7819275,2026-08-10T06:42:13+00:00
Tudor,,,,3595.0,USD,asking,2026-08-10,,,,,,,,Bruebacher,watchrecon,community,https://www.reddit.com/r/Watchexchange/comments/1vk2d26/wts_tudor_prince_date_chronograph_79280_nontiger/,7844590,2026-08-10T06:42:13+00:00
Tudor,,,,3150.0,USD,asking,2026-08-10,,,,,,,,Middle-Pool-1150,watchrecon,community,https://www.reddit.com/r/Watchexchange/comments/1vk24v6/wts_tudor_black_bay_58_39mm_ref_79030n_3150/,7844554,2026-08-10T06:42:13+00:00
Tudor,,,,2950.0,EUR,asking,2026-08-10,,,,,,,,ResolveLoud7033,watchrecon,community,https://www.reddit.com/r/Watchexchange/comments/1vk1tuy/wts_eu_only_tudor_black_bay_58/,7844546,2026-08-10T06:42:13+00:00
Tudor,,,,2350.0,USD,asking,2026-08-10,,,,,,,,ConnorManquen1 follower,watchrecon,community,https://www.reddit.com/r/Watchexchange/comments/1vk0fg3/wts_tudor_prince_dateday_76200_linen_dial/,7844499,2026-08-10T06:42:13+00:00
Tudor,,,,1950.0,USD,asking,2026-08-10,,,,,,,,reckness75 followers,watchrecon,community,https://www.watchuseek.com/threads/neo-vintage-tudor-2-tone-oyster-prince-date-day-76213-white-diamond-dial-solid-gold-fluted-bezel-org-bracelet.5685039/,7844469,2026-08-10T06:42:13+00:00
Tudor,,,,3000.0,USD,asking,2026-08-10,,,,,,,,wellnesstimepiece,watchrecon,community,https://www.reddit.com/r/Watchexchange/comments/1vjyzzx/wts_tudor_pelagos_42_2019_full_kit_oem_rubber/,7844461,2026-08-10T06:42:13+00:00
Tudor,,,,2000.0,USD,asking,2026-08-10,,,,,,,,wellnesstimepiece,watchrecon,community,https://www.reddit.com/r/Watchexchange/comments/1vjyrc8/wts_tudor_prince_oysterdate_34mm_twotone_18k_gold/,7844441,2026-08-10T06:42:13+00:00
Tudor,,,,2799.0,USD,asking,2026-08-10,,,,,,,,cairothrowaway1,watchrecon,community,https://www.reddit.com/r/Watchexchange/comments/1vjxgav/wts_tudor_prince_oysterdate_ref_7914_gilt/,7844412,2026-08-10T06:42:13+00:00
Tudor,,,,4000.0,USD,asking,2026-08-10,,,,,,,,Safeway_Slayer,watchrecon,community,https://www.reddit.com/r/Watchexchange/comments/1vjwzto/wts_tudor_pelagos_39_full_set_4000/,7844403,2026-08-10T06:42:13+00:00
Tudor,,,,3950.0,USD,asking,2026-08-10,,,,,,,,Safeway_Slayer,watchrecon,community,https://www.reddit.com/r/Watchexchange/comments/1vjwuhy/wts_tudor_pelagos_fxd_black_dial_full_set_lnib/,7844388,2026-08-10T06:42:13+00:00
Tudor,,,,3500.0,USD,asking,2026-08-10,,,,,,,,Fortnite-God7567,watchrecon,community,https://www.reddit.com/r/Watchexchange/comments/1vjw8ts/wts_tudor_pelagos_lhd/,7844376,2026-08-10T06:42:13+00:00
Tudor,,,,4150.0,USD,asking,2026-08-10,,,,,,,,Hyperfuse28,watchrecon,community,https://www.reddit.com/r/Watchexchange/comments/1vjvq3s/wts_tudor_pelagos_39_25407n/,7844347,2026-08-10T06:42:13+00:00
Tudor,,,,6900.0,USD,asking,2026-08-10,,,,,,,,Hal100002 followers,watchrecon,community,https://www.watchuseek.com/threads/vintage-tudor-ranger-7995-small-rose-smiley-text.5677846/,7802164,2026-08-10T06:42:13+00:00
Tudor,,,,3675.0,USD,asking,2026-08-10,,,,,,,,Pristine_Courage_535,watchrecon,community,https://www.reddit.com/r/Watchexchange/comments/1vjsi9l/wts_tudor_black_bay_41_monochrome_7941a1aonu/,7838018,2026-08-10T06:42:13+00:00
Tudor,,,,1800.0,USD,asking,2026-08-10,,,,,,,,lilolee,watchrecon,community,https://www.reddit.com/r/Watchexchange/comments/1vjs4fl/wts_tudor_prince_dateday_76213_1800/,7844178,2026-08-10T06:42:13+00:00
Tudor,,,,3300.0,USD,asking,2026-08-10,,,,,,,,lilolee,watchrecon,community,https://www.reddit.com/r/Watchexchange/comments/1vjs331/wts_2022_tudor_black_bay_58_925_3300/,7844177,2026-08-10T06:42:13+00:00
Tudor,,,,450.0,USD,asking,2026-08-08,,,,,,,,Toasty_Mango,watchrecon,community,https://www.reddit.com/r/Watchexchange/comments/1vj1xql/wts_oem_bb58_gmt_rubber_strap_with_endlinks_and/,7843650,2026-08-10T06:42:13+00:00
Tudor,,,,5175.0,USD,asking,2026-08-08,,,,,,,,TAKUYA353 followers,watchrecon,community,https://www.watchuseek.com/threads/fsot-bnib-tudor-black-bay-58-gmt-coke-bezel-jubilee-band-2026-complete-set.5676175/,7792043,2026-08-10T06:42:13+00:00
Tudor,,,,2895.0,USD,asking,2026-08-08,,,,,,,,ocwatchguy12 followers,watchrecon,community,https://www.watchuseek.com/threads/fsot-tudor-date-day-mint-76200-black-stainless-steel-36mm-mint.5684863/,7843306,2026-08-10T06:42:13+00:00
Tudor,,,,2999.0,USD,asking,2026-08-08,,,,,,,,Perfect_Worth_65741 follower,watchrecon,community,https://www.reddit.com/r/Watchexchange/comments/1vihpvb/wts_tudor_black_bay_58_blue_ref_79030b_mint_wears/,7843257,2026-08-10T06:42:13+00:00
Tudor,,,,3850.0,USD,asking,2026-08-08,,,,,,,,Perfect_Worth_65741 follower,watchrecon,community,https://www.reddit.com/r/Watchexchange/comments/1vihp8a/wts_tudor_black_bay_monochrome_black_white_metas/,7843256,2026-08-10T06:42:13+00:00
Tudor,,,,3400.0,USD,asking,2026-08-08,,,,,,,,KatoDynasty,watchrecon,community,https://www.reddit.com/r/Watchexchange/comments/1vihlql/wts_tudor_black_bay_54_blue_dial_m79000_3400/,7843250,2026-08-10T06:42:13+00:00
Tudor,,,,1725.0,USD,asking,2026-08-08,,,,,,,,JCSoFlo,watchrecon,community,https://www.reddit.com/r/watch_swap/comments/1vigmwo/wts_tudor_1926_ref_91550_39mm_full_set/,7843226,2026-08-10T06:42:13+00:00
Tudor,,,,7875.0,USD,asking,2026-08-08,,,,,,,,Perfect_Worth_65741 follower,watchrecon,community,https://www.reddit.com/r/Watchexchange/comments/1vigm8w/wts_tudor_submariner_1964_ref_7928_vintage_done/,7821221,2026-08-10T06:42:13+00:00
Tudor,,,,3250.0,USD,asking,2026-08-08,,,,,,,,bluedevil7704,watchrecon,community,https://www.reddit.com/r/Watchexchange/comments/1vige9f/wts_tudor_black_bay_58_blue_79030b_full_set_2020/,7843214,2026-08-10T06:42:13+00:00
Tudor,,,,5175.0,USD,asking,2026-08-08,,,,,,,,Goatimepieces,watchrecon,community,https://www.reddit.com/r/watch_swap/comments/1vifa1m/wts_tudor_black_bay_58_gmt_coke_brand_new/,7843159,2026-08-10T06:42:13+00:00
Tudor,,,,2600.0,USD,asking,2026-08-08,,,,,,,,ovadivaio,watchrecon,community,https://www.reddit.com/r/Watchexchange/comments/1vieu81/wts_tudor_black_bay_bronze_43mm_slate_grey_dial/,7843156,2026-08-10T06:42:13+00:00
Tudor,,,,5390.0,USD,asking,2026-08-08,,,,,,,,CoinWatchCo3 followers,watchrecon,community,https://www.reddit.com/r/Watchexchange/comments/1vicnks/wts_1995_tudor_36mm_submariner_stainless_steel/,7843087,2026-08-10T06:42:13+00:00
Tudor,,,,2550.0,USD,asking,2026-08-08,,,,,,,,JerryGotCarled,watchrecon,community,https://www.reddit.com/r/Watchexchange/comments/1vibvdw/wts_tudor_1926_36mm_steel_gold_ref_m91451_brand/,7821873,2026-08-10T06:42:13+00:00
Tudor,,,,2000.0,USD,asking,2026-08-08,,,,,,,,gleij276,watchrecon,community,https://www.reddit.com/r/Watchexchange/comments/1vibjzg/wts_usanj_tudor_prince_oysterdate_ref_74000_full/,7843054,2026-08-10T06:42:13+00:00
Tudor,,,,1550.0,USD,asking,2026-08-08,,,,,,,,Practical-Tune4940,watchrecon,community,https://www.reddit.com/r/Watchexchange/comments/1via6uy/wts_tudor_prince_dateday_36mm_linen_dial_steel/,7843026,2026-08-10T06:42:13+00:00
Tudor,,,,4850.0,USD,asking,2026-08-07,,,,,,,,ernman3,watchrecon,community,https://www.watchuseek.com/threads/tudor-black-bay-54-lagoon-blue.5683626/,7834993,2026-08-10T06:42:13+00:00
Tudor,,,,3995.0,USD,asking,2026-08-07,,,,,,,,ocwatchguy12 followers,watchrecon,community,https://www.watchuseek.com/threads/fsot-tudor-pelagos-39-2025-25407n-0001-black-titanium-39mm-mint.5684756/,7842372,2026-08-10T06:42:13+00:00
Tudor,,,,3895.0,USD,asking,2026-08-07,,,,,,,,ocwatchguy12 followers,watchrecon,community,https://www.watchuseek.com/threads/fsot-tudor-ranger-may-2026-dune-79950-0008-tan-stainless-steel-39mm-mint.5684753/,7842370,2026-08-10T06:42:13+00:00
Tudor,,,,4150.0,USD,asking,2026-08-07,,,,,,,,Goatimepieces,watchrecon,community,https://www.reddit.com/r/watch_swap/comments/1vhljh3/wts_tudor_black_bay_pro_opaline_dial_brand_new/,7842361,2026-08-10T06:42:13+00:00
Tudor,,,,4500.0,USD,asking,2026-08-07,,,,,,,,gaffs821 follower,watchrecon,community,https://www.reddit.com/r/Watchexchange/comments/1vhkcgv/wts_tudor_black_bay_58_burgundy_brand_new_july/,7842331,2026-08-10T06:42:13+00:00
Tudor,,,,3400.0,USD,asking,2026-08-07,,,,,,,,ValueYourWatch.com,watchrecon,community,https://www.watchuseek.com/threads/fs-tudor-pelagos-42mm-%E2%80%93-ref-25600tb.5661834/,7842319,2026-08-10T06:42:13+00:00
Tudor,,,,3250.0,USD,asking,2026-08-07,,,,,,,,bjespo1 follower,watchrecon,community,https://www.watchuseek.com/threads/fs-tudor-pelagos-fxd-marine-nationale-2025-full-kit.5683515/,7841574,2026-08-10T06:42:13+00:00
Tudor,,,,2650.0,USD,asking,2026-08-07,,,,,,,,twinsora,watchrecon,community,https://www.reddit.com/r/Watchexchange/comments/1vhg4os/wts_tudor_bb58_blue_79030b/,7779861,2026-08-10T06:42:13+00:00
Tudor,,,,2500.0,USD,asking,2026-08-07,,,,,,,,Salty_Squidd,watchrecon,community,https://www.reddit.com/r/Watchexchange/comments/1vhfvl3/wts_tudor_royal_ref_m285000005/,7842223,2026-08-10T06:42:13+00:00
Tudor,,,,2550.0,USD,asking,2026-08-06,,,,,,,,taengoo4life5 followers,watchrecon,community,https://www.reddit.com/r/Watchexchange/comments/1vgrr6g/wts_tudor_ranger_79950_39mm_2023_full_kit_2550/,7833479,2026-08-10T06:42:13+00:00
Tudor,,,,2150.0,USD,asking,2026-08-06,,,,,,,,taengoo4life5 followers,watchrecon,community,https://www.reddit.com/r/Watchexchange/comments/1vgriyu/wts_tudor_prince_daydate_76200_36mm_white_arabic/,7820522,2026-08-10T06:42:13+00:00
Tudor,,,,2999.0,USD,asking,2026-08-06,,,,,,,,Pristine_Courage_535,watchrecon,community,https://www.reddit.com/r/Watchexchange/comments/1vgoku2/wts_tudor_black_bay_58_79030n_full_set/,7841609,2026-08-10T06:42:13+00:00
Tudor,,,,3700.0,USD,asking,2026-08-06,,,,,,,,BrianRawley4087,watchrecon,community,https://www.reddit.com/r/Watchexchange/comments/1vgom8q/wts_tudor_pelagos_39mm_complete_set_excellent/,7838969,2026-08-10T06:42:13+00:00
Tudor,,,,3899.0,USD,asking,2026-08-06,,,,,,,,Pristine_Courage_535,watchrecon,community,https://www.reddit.com/r/Watchexchange/comments/1vgok98/wts_tudor_pelagos_39_25407n_full_set_2026/,7841608,2026-08-10T06:42:13+00:00
Tudor,,,,4699.0,USD,asking,2026-08-06,,,,,,,,Goatimepieces,watchrecon,community,https://www.reddit.com/r/Watchexchange/comments/1vgnkrp/wts_tudor_black_bay_monochrome_jubilee_brand_new/,7841587,2026-08-10T06:42:13+00:00
Tudor,,,,4799.0,USD,asking,2026-08-06,,,,,,,,Goatimepieces,watchrecon,community,https://www.reddit.com/r/Watchexchange/comments/1vgnf17/wts_tudor_pelagos_39_brand_new_complete_set_4799/,7841565,2026-08-10T06:42:13+00:00
Tudor,,,,3250.0,USD,asking,2026-08-06,,,,,,,,JerryGotCarled,watchrecon,community,https://www.reddit.com/r/Watchexchange/comments/1vgmhuk/wts_tudor_black_bay_58_blue_79030b_full_set_2021/,7841541,2026-08-10T06:42:13+00:00
"Rolex,Tudor",,,,1900.0,USD,asking,2026-08-06,,,,,,,,mildstimulant,watchrecon,community,https://www.reddit.com/r/Watchexchange/comments/1vgiwc1/wts_vintage_rolextudor_oyster_custom_california/,7841445,2026-08-10T06:42:13+00:00
Cartier,,,,4000.0,USD,asking,2026-08-10,,,,,,,,freesole,watchrecon,community,https://www.watchuseek.com/threads/wts-cartier-santos-dumont-large-quartz-wssa0022-full-set.5685067/,7844611,2026-08-10T06:42:13+00:00
Cartier,,,,3550.0,USD,asking,2026-08-10,,,,,,,,KatoDynasty,watchrecon,community,https://www.reddit.com/r/Watchexchange/comments/1vjwexm/wts_cartier_ronde_de_solo_29mm_w6700355_gold_watch/,7844379,2026-08-10T06:42:13+00:00
Cartier,,,,6199.0,USD,asking,2026-08-10,,,,,,,,watchvaultnyc52 followers,watchrecon,community,https://www.watchuseek.com/threads/cartier-tank-anglaise-ladies-small-w5310036-23mm-quartz-xal004.5606888/,7382804,2026-08-10T06:42:13+00:00
Cartier,,,,4499.0,USD,asking,2026-08-10,,,,,,,,watchvaultnyc52 followers,watchrecon,community,https://www.watchuseek.com/threads/cartier-tank-francaise-two-tone-w51004q4-chronograph-28mm-quartz-xah105.5588329/,7645414,2026-08-10T06:42:13+00:00
Cartier,,,,4649.0,USD,asking,2026-08-10,,,,,,,,watchvaultnyc52 followers,watchrecon,community,https://www.watchuseek.com/threads/cartier-tank-solo-mens-w5200014-27mm-quartz-xaf102.5577819/,7833087,2026-08-10T06:42:13+00:00
Cartier,,,,12800.0,USD,asking,2026-08-10,,,,,,,,sjohn97,watchrecon,community,https://www.watchuseek.com/threads/cartier-tank-am%C3%A9ricaine-small-18k-white-gold-ref-w26019l1-excellent-unpolished-condition-%E2%80%A2-circa-1990s.5684741/,7842368,2026-08-10T06:42:13+00:00
Cartier,,,,2350.0,USD,asking,2026-08-10,,,,,,,,LouisWatches,watchrecon,community,https://www.reddit.com/r/Watchexchange/comments/1vjsxvv/wts_cartier_pasha_ref_7324_balck_dial_arabic/,7844230,2026-08-10T06:42:13+00:00
Cartier,,,,4999.0,USD,asking,2026-08-10,,,,,,,,Goatimepieces,watchrecon,community,https://www.reddit.com/r/watch_swap/comments/1vjnoaa/wts_cartier_small_panthere_wspn0013_brand/,7843182,2026-08-10T06:42:13+00:00
Cartier,,,,7350.0,USD,asking,2026-08-08,,,,,,,,Perfect_Worth_65741 follower,watchrecon,community,https://www.reddit.com/r/Watchexchange/comments/1vihsdc/wts_cartier_santos_dumont_black_lacquer_mint_2026/,7831894,2026-08-10T06:42:13+00:00
Cartier,,,,5300.0,USD,asking,2026-08-08,,,,,,,,Embarrassed-Mall6116,watchrecon,community,https://www.reddit.com/r/Watchexchange/comments/1vidh5x/wts_cartier_santos_galbée_chronograph_quartz_box/,7843116,2026-08-10T06:42:13+00:00
Cartier,,,,6799.0,USD,asking,2026-08-08,,,,,,,,thewatchpulse,watchrecon,community,https://www.reddit.com/r/Watchexchange/comments/1vidcph/wts_2025_cartier_santos_medium_ref_wssa0029/,7843111,2026-08-10T06:42:13+00:00
Cartier,,,,5498.0,USD,asking,2026-08-08,,,,,,,,Lerari41,watchrecon,community,https://www.reddit.com/r/Watchexchange/comments/1vic0ye/wts_cartier_ballon_bleu_40mm_blue_dial_fresh/,7843076,2026-08-10T06:42:13+00:00
Cartier,,,,2250.0,USD,asking,2026-08-08,,,,,,,,IllustriousJelly34541 follower,watchrecon,community,https://www.reddit.com/r/Watchexchange/comments/1vibe1e/wts_cartier_tank_must_de_cartier_dore_dial_23x30mm/,7843050,2026-08-10T06:42:13+00:00
Cartier,,,,5620.0,USD,asking,2026-08-08,,,,,,,,tradingfortime,watchrecon,community,https://www.reddit.com/r/Watchexchange/comments/1via6y4/wts_cartier_ballon_bleu_40mm_stainless_steel_blue/,7813433,2026-08-10T06:42:13+00:00
Cartier,,,,3400.0,USD,asking,2026-08-08,,,,,,,,Hyth17,watchrecon,community,https://www.reddit.com/r/Watchexchange/comments/1vi9zbr/wts_cartier_santos_100_xl_ref_2656_automatic_mens/,7843023,2026-08-10T06:42:13+00:00
Cartier,,,,5400.0,USD,asking,2026-08-08,,,,,,,,tradingfortime,watchrecon,community,https://www.reddit.com/r/Watchexchange/comments/1vi9fl5/wts_cartier_ballon_bleu_pink_dial_33mm_stainless/,7816209,2026-08-10T06:42:13+00:00
Cartier,,,,2300.0,USD,asking,2026-08-07,,,,,,,,LoveMakesASoundSoul,watchrecon,community,https://www.reddit.com/r/Watchexchange/comments/1vhqoan/wts_cartier_must_tank_lm_lemon_manual_winding_2300/,7842497,2026-08-10T06:42:13+00:00
Cartier,,,,2450.0,USD,asking,2026-08-07,,,,,,,,LoveMakesASoundSoul,watchrecon,community,https://www.reddit.com/r/Watchexchange/comments/1vhqgy8/wts_cartier_must_tank_lm_classic_roman_manual/,7842496,2026-08-10T06:42:13+00:00
Cartier,,,,4500.0,USD,asking,2026-08-07,,,,,,,,hypberbolicsquare,watchrecon,community,https://www.reddit.com/r/Watchexchange/comments/1vhi671/wts_cartier_santos_carrée_2961_w_fresh_service/,7842271,2026-08-10T06:42:13+00:00
Cartier,,,,12800.0,USD,asking,2026-08-07,,,,,,,,Sjohn1997,watchrecon,community,https://www.reddit.com/r/Watchexchange/comments/1vhi0sh/wts_cartier_tank_américaine_small_18k_white_gold/,7842265,2026-08-10T06:42:13+00:00
Cartier,,,,1350.0,USD,asking,2026-08-06,,,,,,,,LoveMakesASoundSoul,watchrecon,community,https://www.reddit.com/r/Watchexchange/comments/1vgtt4y/wts_like_new_cartier_ballon_bleu_w6920035_mop_18k/,7820582,2026-08-10T06:42:13+00:00
Cartier,,,,2750.0,USD,asking,2026-08-06,,,,,,,,LoveMakesASoundSoul,watchrecon,community,https://www.reddit.com/r/Watchexchange/comments/1vgto6p/wts_cartier_must_tank_lm_classic_roman_manual/,7822040,2026-08-10T06:42:13+00:00
Cartier,,,,2450.0,USD,asking,2026-08-06,,,,,,,,LoveMakesASoundSoul,watchrecon,community,https://www.reddit.com/r/Watchexchange/comments/1vgtm95/wts_cartier_must_tank_lm_art_deco_quartz_2450/,7835234,2026-08-10T06:42:13+00:00
Cartier,,,,4200.0,USD,asking,2026-08-06,,,,,,,,Timepieces_nyc,watchrecon,community,https://www.reddit.com/r/Watchexchange/comments/1vgt5qa/wts_cartier_w20106x8_medium_santos_100_4200/,7828744,2026-08-10T06:42:13+00:00
Cartier,,,,8995.0,USD,asking,2026-08-06,,,,,,,,samsamtana,watchrecon,community,https://www.reddit.com/r/Watchexchange/comments/1vgnuya/wts_who_said_you_cant_buy_class_santos_de_cartier/,7841596,2026-08-10T06:42:13+00:00
Cartier,,,,2600.0,USD,asking,2026-08-06,,,,,,,,soycowboy10 followers,watchrecon,community,https://www.reddit.com/r/Watchexchange/comments/1vgnu6m/wts_cartier_tank_vermeil_large_manual_wind/,7777189,2026-08-10T06:42:13+00:00
Cartier,,,,2300.0,USD,asking,2026-08-05,,,,,,,,LoveMakesASoundSoul,watchrecon,community,https://www.reddit.com/r/Watchexchange/comments/1vfwvsd/wts_cartier_must_tank_sm_classic_roman_quartz/,7840893,2026-08-10T06:42:13+00:00
Cartier,,,,2650.0,USD,asking,2026-08-05,,,,,,,,LoveMakesASoundSoul,watchrecon,community,https://www.reddit.com/r/Watchexchange/comments/1vfwrxc/wts_cartier_must_tank_lm_classic_roman_ref590005/,7840889,2026-08-10T06:42:13+00:00
Cartier,,,,1050.0,USD,asking,2026-08-05,,,,,,,,LoveMakesASoundSoul,watchrecon,community,https://www.reddit.com/r/Watchexchange/comments/1vfwoaj/wts_cartier_must_vendome_sm_brown_quartz_1050/,7840888,2026-08-10T06:42:13+00:00
Cartier,,,,7388.0,USD,asking,2026-08-05,,,,,,,,Spiritual-Ad171 follower,watchrecon,community,https://www.reddit.com/r/Watchexchange/comments/1vfn0uf/wts_2025_cartier_santos_de_cartier_medium/,7840610,2026-08-10T06:42:13+00:00
Cartier,,,,2125.0,USD,asking,2026-08-04,,,,,,,,LoveMakesASoundSoul,watchrecon,community,https://www.reddit.com/r/Watchexchange/comments/1vf0dwv/wts_serviced_cartier_pasha_c_ref2324_35mm/,7820594,2026-08-10T06:42:13+00:00
Cartier,,,,2100.0,USD,asking,2026-08-04,,,,,,,,LoveMakesASoundSoul,watchrecon,community,https://www.reddit.com/r/Watchexchange/comments/1vezxh7/wts_cartier_must_tank_sm_classic_roman_quartz_2100/,7832747,2026-08-10T06:42:13+00:00
Cartier,,,,6999.0,USD,asking,2026-08-04,,,,,,,,TopperRob27617 posts68 followers,watchrecon,community,http://forums.timezone.com/index.php?t=tree&goto=7808772&rid=0#msg_7808772,7763575,2026-08-10T06:42:13+00:00
Cartier,,,,1500.0,USD,asking,2026-08-04,,,,,,,,LoveMakesASoundSoul,watchrecon,community,https://www.reddit.com/r/Watchexchange/comments/1vezjo6/wts_cartier_must_tank_sm_column_quartz_1500/,7785382,2026-08-10T06:42:13+00:00
Cartier,,,,8250.0,USD,asking,2026-08-04,,,,,,,,rkman111 follower,watchrecon,community,https://www.reddit.com/r/Watchexchange/comments/1vew6qg/wts_vintage_cartier_tank_louis_solid_18k_gold/,7839958,2026-08-10T06:42:13+00:00
Cartier,,,,12400.0,USD,asking,2026-08-04,,,,,,,,KenanCaptainIgloo,watchrecon,community,https://www.reddit.com/r/Watchexchange/comments/1vetakn/wts_cartier_tank_louis_cartier_large_18k_rose/,7839870,2026-08-10T06:42:13+00:00
Cartier,,,,2500.0,USD,asking,2026-08-04,,,,,,,,TimeCapsuleTrading1 follower,watchrecon,community,https://www.reddit.com/r/Watchexchange/comments/1veq74d/wts_cartier_tank_ref_2384_original_mop_dial_2500/,7839787,2026-08-10T06:42:13+00:00
Cartier,,,,2450.0,USD,asking,2026-08-04,,,,,,,,Rare_Meal_5220,watchrecon,community,https://www.reddit.com/r/Watchexchange/comments/1vepbmp/wts_three_for_one_cartier_pasha/,7839742,2026-08-10T06:42:13+00:00
Cartier,,,,6999.0,USD,asking,2026-08-04,,,,,,,,Philip_mspt,watchrecon,community,https://www.reddit.com/r/Watchexchange/comments/1vema9w/wts_cartier_santos_large_green_dial_box_papers/,7839648,2026-08-10T06:42:13+00:00
Cartier,,,,6600.0,USD,asking,2026-08-03,,,,,,,,ovadivaio,watchrecon,community,https://www.reddit.com/r/Watchexchange/comments/1vdzdjy/wts_cartier_santos_medium_model_ref_wssa0029_full/,7832625,2026-08-10T06:42:13+00:00
Cartier,,,,3499.0,USD,asking,2026-08-03,,,,,,,,SNAPCHAT_ME_TITS,watchrecon,community,https://www.reddit.com/r/Watchexchange/comments/1vdypfx/wts_ballon_bleu_de_cartier/,7839152,2026-08-10T06:42:13+00:00
Cartier,,,,2900.0,USD,asking,2026-08-03,,,,,,,,Life_Distribution_90,watchrecon,community,https://www.reddit.com/r/Watchexchange/comments/1vdwmwt/wts_cartier_tank_françaisefull_set_2017/,7839091,2026-08-10T06:42:13+00:00
Cartier,,,,3350.0,USD,asking,2026-08-02,,,,,,,,LoveMakesASoundSoul,watchrecon,community,https://www.reddit.com/r/Watchexchange/comments/1vd81ph/wts_cartier_vendome_louis_cartier_ref866010_18k/,7838462,2026-08-10T06:42:13+00:00
Cartier,,,,3600.0,USD,asking,2026-08-02,,,,,,,,LoveMakesASoundSoul,watchrecon,community,https://www.reddit.com/r/Watchexchange/comments/1vd7nil/wts_cartier_vendome_louis_cartier_trinity/,7838459,2026-08-10T06:42:13+00:00
Cartier,,,,6700.0,USD,asking,2026-08-02,,,,,,,,SolanaWatches,watchrecon,community,https://www.reddit.com/r/Watchexchange/comments/1vcy4xs/wts_cartier_santos_white_medium_wssa0029/,7838205,2026-08-10T06:42:13+00:00
Cartier,,,,1400.0,USD,asking,2026-08-01,,,,,,,,LoveMakesASoundSoul,watchrecon,community,https://www.reddit.com/r/Watchexchange/comments/1vccg6b/wts_cartier_panthere_cougar_ref987906_patina_dial/,7830404,2026-08-10T06:42:13+00:00
Cartier,,,,2799.0,USD,asking,2026-08-01,,,,,,,,Perfect_Worth_65741 follower,watchrecon,community,https://www.reddit.com/r/Watchexchange/comments/1vc8iwu/wts_cartier_tank_must_ref_wsta0071_black_dial/,7837545,2026-08-10T06:42:13+00:00
"Cartier,Omega",,,,7700.0,USD,asking,2026-08-01,,,,,,,,Slinghaus,watchrecon,community,https://www.reddit.com/r/Watchexchange/comments/1vc4p6d/wts_omega_speedmaster_ref_31030425004001/,7837441,2026-08-10T06:42:13+00:00
Cartier,,,,5137.0,USD,asking,2026-08-01,,,,,,,,Viper41086,watchrecon,community,https://www.watchuseek.com/threads/fsot-cartier-ballon-bleu-pink-dial-automatic-watch-wsbb0046-box-papers-dated-2022.5683964/,7837303,2026-08-10T06:42:13+00:00
Cartier,,,,3750.0,USD,asking,2026-08-01,,,,,,,,padrewarbucks,watchrecon,community,https://www.reddit.com/r/Watchexchange/comments/1vc0llp/wts_cartier_wsbb0060_40mm_ballon_bleu_3750/,7837288,2026-08-10T06:42:13+00:00
Cartier,,,,4999.0,USD,asking,2026-07-31,,,,,,,,Timepieces_nyc,watchrecon,community,https://www.reddit.com/r/Watchexchange/comments/1vbgm9w/wts_cartier_wsbb0025_blue_dial_42mm_ballon_bleu/,7836857,2026-08-10T06:42:13+00:00
Cartier,,,,2550.0,USD,asking,2026-07-31,,,,,,,,LoveMakesASoundSoul,watchrecon,community,https://www.reddit.com/r/Watchexchange/comments/1vbfvdl/wts_cartier_must_tank_lm_classic_roman_quartz_2550/,7836849,2026-08-10T06:42:13+00:00
Cartier,,,,3300.0,USD,asking,2026-07-31,,,,,,,,WhatDoesTheOwlSay,watchrecon,community,https://www.reddit.com/r/Watchexchange/comments/1vbfpfu/wts_cartier_tank_francaise_automatic_full_set/,7836842,2026-08-10T06:42:13+00:00
Cartier,,,,9000.0,USD,asking,2026-07-31,,,,,,,,KaznZazn2,watchrecon,community,https://www.reddit.com/r/Watchexchange/comments/1vb93i5/wts_cartier_santos_titanium_ref_wssa0089_with/,7836686,2026-08-10T06:42:13+00:00
Cartier,,,,6500.0,USD,asking,2026-07-31,,,,,,,,jimiwilli,watchrecon,community,https://www.watchuseek.com/threads/fs-cartier-santos-large-wssa0018.5681789/,7823086,2026-08-10T06:42:13+00:00
Cartier,,,,2350.0,USD,asking,2026-07-30,,,,,,,,LoveMakesASoundSoul,watchrecon,community,https://www.reddit.com/r/Watchexchange/comments/1vaip8s/wts_cartier_must_tank_lm_lemon_manual_winding_2350/,7836044,2026-08-10T06:42:13+00:00
Cartier,,,,2500.0,USD,asking,2026-07-30,,,,,,,,LoveMakesASoundSoul,watchrecon,community,https://www.reddit.com/r/Watchexchange/comments/1vainty/wts_cartier_must_tank_lm_classic_roman_manual/,7836042,2026-08-10T06:42:13+00:00
Cartier,,,,9500.0,USD,asking,2026-07-30,,,,,,,,samsamtana,watchrecon,community,https://www.reddit.com/r/Watchexchange/comments/1vag3m9/wts_cartier_santos_medium_two_tone_excellent/,7836012,2026-08-10T06:42:13+00:00
Cartier,,,,40425.0,USD,asking,2026-07-30,,,,,,,,majestixcollection,watchrecon,community,https://www.watchuseek.com/threads/fsot-cartier-santos-dumont-micro-rotor-skeleton-dial-black-alligator-strap-18k-rose-gold-43-5-x-31mm-mint-condition-complete-set-whsa0030.5683765/,7835940,2026-08-10T06:42:13+00:00
Cartier,,,,95.0,USD,asking,2026-07-30,,,,,,,,EspressoWatches,watchrecon,community,https://www.reddit.com/r/Watchexchange/comments/1va8skz/wts_veblenist_21_mm_navy_blue_saffiano/,7835812,2026-08-10T06:42:13+00:00
Cartier,,,,2500.0,USD,asking,2026-07-30,,,,,,,,soycowboy10 followers,watchrecon,community,https://www.reddit.com/r/Watchexchange/comments/1va7wry/wts_cartier_tank_vermeil_oxblood_with_spider/,7835775,2026-08-10T06:42:13+00:00
Cartier,,,,1775.0,USD,asking,2026-07-29,,,,,,,,apexwarrior55,watchrecon,community,https://www.reddit.com/r/Watchexchange/comments/1v9exl6/wts_cartier_pasha_c2324_automatic_mens_watch/,7835037,2026-08-10T06:42:13+00:00
Cartier,,,,1850.0,USD,asking,2026-07-29,,,,,,,,Watchex_Enterprises10 followers,watchrecon,community,https://www.reddit.com/r/Watchexchange/comments/1v9aube/wts_cartier_miss_pasha_pink_dial_blue_hands/,7834907,2026-08-10T06:42:13+00:00
Cartier,,,,2999.0,GBP,asking,2026-07-29,,,,,,,,amg786,watchrecon,community,https://www.watchuseek.com/threads/cartier-calibre-de-cartier-3389-ref-cr-w7100041-stainless-steel-obo-42mm.5680347/,7820555,2026-08-10T06:42:13+00:00
Cartier,,,,2650.0,USD,asking,2026-07-28,,,,,,,,rkman111 follower,watchrecon,community,https://www.reddit.com/r/Watchexchange/comments/1v8i6x0/wts_classic_vintage_must_de_cartier_tank_manual/,7834241,2026-08-10T06:42:13+00:00
Cartier,,,,9500.0,USD,asking,2026-07-28,,,,,,,,Slysplash,watchrecon,community,https://www.reddit.com/r/Watchexchange/comments/1v8hy8g/wts_2026_cartier_roadster_large_blue_wsrd0014/,7834235,2026-08-10T06:42:13+00:00
Cartier,,,,7400.0,USD,asking,2026-07-28,,,,,,,,royaltimepcs,watchrecon,community,https://www.reddit.com/r/Watchexchange/comments/1v8hrao/wtswtt_cartier_ballon_bleu_de_cartier_white_dial/,7834228,2026-08-10T06:42:13+00:00
Cartier,,,,3450.0,USD,asking,2026-07-28,,,,,,,,Watchex_Enterprises10 followers,watchrecon,community,https://www.reddit.com/r/Watchexchange/comments/1v8f9b0/wts_cartier_calibre_de_cartier_diver_w7100056_the/,7834153,2026-08-10T06:42:13+00:00
Cartier,,,,7500.0,USD,asking,2026-07-28,,,,,,,,Strange-Crab-3496,watchrecon,community,https://www.reddit.com/r/Watchexchange/comments/1v8cfjy/wts_cartier_santos_wssa0029/,7834077,2026-08-10T06:42:13+00:00
Cartier,,,,3499.0,USD,asking,2026-07-27,,,,,,,,thesaint200980 followers,watchrecon,community,https://www.watchuseek.com/threads/cartier-ballon-bleu-mid-size-ref-3005-36mm.5683448/,7833740,2026-08-10T06:42:13+00:00
Cartier,,,,5499.0,USD,asking,2026-07-27,,,,,,,,thesaint200980 followers,watchrecon,community,https://www.watchuseek.com/threads/cartier-tank-solo-large-ref-5200004.5683446/,7833738,2026-08-10T06:42:13+00:00
Audemars Piguet,,,,49925.0,USD,asking,2026-08-10,,,,,,,,TAKUYA353 followers,watchrecon,community,https://www.watchuseek.com/threads/fsot-audemars-piguet-royal-oak-chronograph-blue-dial-26331st-serviced-2026-full-set.5666048/,7730966,2026-08-10T06:42:13+00:00
Audemars Piguet,,,,25325.0,USD,asking,2026-08-10,,,,,,,,TAKUYA353 followers,watchrecon,community,https://www.watchuseek.com/threads/fsot-audemars-piguet-code-11-59-chronograph-steel-ceramic-case-smoked-beige-dial-2023-full-set.5684002/,7837508,2026-08-10T06:42:13+00:00
"Audemars Piguet,Casio",,,,2100.0,USD,asking,2026-08-09,,,,,,,,No-Kick-2577,watchrecon,community,https://www.reddit.com/r/watch_swap/comments/1vjdfvg/wts_casio_gshock_mrg_b2100b_titanium_mrg_gshock/,7843323,2026-08-10T06:42:13+00:00
Other,,,,8500.0,USD,asking,2026-08-07,,,,,,,preowned,Craft & Tailored,craft_and_tailored,dealer,https://craftandtailored.com/products/1960s-lemania-ran-hs9-mono-pusher-chronograph-royal-australian-navy-series-ii,8198007062637,2026-08-10T20:59:24+00:00
Heuer,,980.007,,2150.0,USD,asking,2026-08-07,,,,,,,,Craft & Tailored,craft_and_tailored,dealer,https://craftandtailored.com/products/1980s-heuer-1000-quartz-diver-ref-980-006l-monnin-case-copy,8197946146925,2026-08-10T20:59:24+00:00
Heuer,,WA1418,,575.0,USD,asking,2026-08-07,,,,,,,preowned,Craft & Tailored,craft_and_tailored,dealer,https://craftandtailored.com/products/1990s-tag-heuer-ladies-formula-1-professional-ref-wa1418-white-dial,8197870780525,2026-08-10T20:59:24+00:00
Rolex,,118235,2018.0,31500.0,USD,asking,2026-08-06,,,,,,,preowned,Craft & Tailored,craft_and_tailored,dealer,https://craftandtailored.com/products/2018-rolex-day-date-18k-rg-ref-118235-pink-diamond-marker-dial-w-full-set,8190683480173,2026-08-10T20:59:24+00:00
Mondani,,,,560.0,USD,asking,2026-08-05,,,,,,,preowned,Craft & Tailored,craft_and_tailored,dealer,https://craftandtailored.com/products/mondani-books-rolex-day-date,8189205872749,2026-08-10T20:59:24+00:00
Mondani,,,,560.0,USD,asking,2026-08-05,,,,,,,preowned,Craft & Tailored,craft_and_tailored,dealer,https://craftandtailored.com/products/mondani-books-rolex-daytona-self-winding,8189200662637,2026-08-10T20:59:24+00:00
Mondani,,,,560.0,USD,asking,2026-08-05,,,,,,,preowned,Craft & Tailored,craft_and_tailored,dealer,https://craftandtailored.com/products/mondani-books-rolex-daytona-manual-winding,8189199417453,2026-08-10T20:59:24+00:00
Mondani,,,,560.0,USD,asking,2026-08-05,,,,,,,preowned,Craft & Tailored,craft_and_tailored,dealer,https://craftandtailored.com/products/mondani-books-patek-philippe-nautilus-aquanaut,8189195321453,2026-08-10T20:59:24+00:00
Mondani,,,,1145.0,USD,asking,2026-08-05,,,,,,,preowned,Craft & Tailored,craft_and_tailored,dealer,https://craftandtailored.com/products/mondani-books-rolex-encyclopedia-3-volumes,8189190668397,2026-08-10T20:59:24+00:00
Mondani,,,,560.0,USD,asking,2026-08-05,,,,,,,preowned,Craft & Tailored,craft_and_tailored,dealer,https://craftandtailored.com/products/mondani-books-rolex-explorer-i-explorer-ii-milgauss,8189182476397,2026-08-10T20:59:24+00:00
Mondani,,,,560.0,USD,asking,2026-08-05,,,,,,,preowned,Craft & Tailored,craft_and_tailored,dealer,https://craftandtailored.com/products/mondani-books-vintage-patek-philippe,8189178445933,2026-08-10T20:59:24+00:00
Mondani,,,,485.0,USD,asking,2026-08-05,,,,,,,preowned,Craft & Tailored,craft_and_tailored,dealer,https://craftandtailored.com/products/mondani-books-vintage-rolex,8189173301357,2026-08-10T20:59:24+00:00
Mondani,,,,600.0,USD,asking,2026-08-05,,,,,,,preowned,Craft & Tailored,craft_and_tailored,dealer,https://craftandtailored.com/products/mondani-books-rolex-gmt-master-i-ii,8189169827949,2026-08-10T20:59:24+00:00
Mondani,,,,600.0,USD,asking,2026-08-05,,,,,,,preowned,Craft & Tailored,craft_and_tailored,dealer,https://craftandtailored.com/products/rolex-submariner-sea-dweller-deepsea-mondani,1414514540653,2026-08-10T20:59:24+00:00
Craft + Tailored,,,,35.0,USD,asking,2026-08-05,,,,,,,preowned,Craft & Tailored,craft_and_tailored,dealer,https://craftandtailored.com/products/craft-tailored-magazine-no-01-single-magazine,8173237534829,2026-08-10T20:59:24+00:00
Craft + Tailored,,,,120.0,USD,asking,2026-08-05,,,,,,,preowned,Craft & Tailored,craft_and_tailored,dealer,https://craftandtailored.com/products/craft-tailored-magazine-subscription,8063297093741,2026-08-10T20:59:24+00:00
Glashütte Original,,1-39-11-13-83-70,,8500.0,USD,asking,2026-08-04,,,,,,,preowned,Craft & Tailored,craft_and_tailored,dealer,https://craftandtailored.com/products/2020s-glashutte-original-spezialist-seaq-ref-1-39-11-13-83-70-green,8188304130157,2026-08-10T20:59:24+00:00
Omega,,511.0383,1972.0,2950.0,USD,asking,2026-08-04,,,,,,,,Craft & Tailored,craft_and_tailored,dealer,https://craftandtailored.com/products/1972-omega-de-ville-emerald-gold-plated-ref-511-0383-by-andrew-grima,8188243411053,2026-08-10T20:59:24+00:00
Rolex,,,,4500.0,USD,asking,2026-08-03,,,,,,,preowned,Craft & Tailored,craft_and_tailored,dealer,https://craftandtailored.com/products/1960s-rolex-dress-watch-14k-yg-silver-two-tone-dial-cyanamid-25-year-service-award,8186971324525,2026-08-10T20:59:24+00:00
Tudor,,7803,,9500.0,USD,asking,2026-08-03,,,,,,,,Craft & Tailored,craft_and_tailored,dealer,https://craftandtailored.com/products/1950s-tudor-oyster-ref-7803-green-enamel-engraved-floral-motif-dial,8121720537197,2026-08-10T20:59:24+00:00
Rolex,,1298/3603J,1966.0,3900.0,USD,asking,2026-08-03,,,,,,,preowned,Craft & Tailored,craft_and_tailored,dealer,https://craftandtailored.com/products/1966-rolex-cellini-18k-yg-ref-1298-3603j-silver-dial,8186506248301,2026-08-10T20:59:24+00:00
Rolex,,6239,1969.0,290000.0,USD,asking,2026-07-30,,,,,,,preowned,Craft & Tailored,craft_and_tailored,dealer,https://craftandtailored.com/products/1969-rolex-daytona-ref-6239-black-paul-newman-dial,8180192837741,2026-08-10T20:59:24+00:00
Zodiac,,691,1959.0,5650.0,USD,asking,2026-07-30,,,,,,,,Craft & Tailored,craft_and_tailored,dealer,https://craftandtailored.com/products/1950s-zodiac-sea-wolf-ref-691-black-gilt-dial,8180094304365,2026-08-10T20:59:24+00:00
Patek Philippe,,5000R,,38000.0,USD,asking,2026-07-29,,,,,,,preowned,Craft & Tailored,craft_and_tailored,dealer,https://craftandtailored.com/products/1990s-patek-philippe-calatrava-18k-pg-ref-5000r-pink-tiffany-co-dial-w-box-papers,8179006799981,2026-08-10T20:59:24+00:00
Seiko,,6139-8002,1972.0,850.0,USD,asking,2026-07-29,,,,,,,,Craft & Tailored,craft_and_tailored,dealer,https://craftandtailored.com/products/1972-seiko-automatic-chronograph-ref-6139-8002-blue-fume-dial,8179053756525,2026-08-10T20:59:24+00:00
Rolex,,9919,,7950.0,USD,asking,2026-07-28,,,,,,,preowned,Craft & Tailored,craft_and_tailored,dealer,https://craftandtailored.com/products/unpolished-1967-rolex-metropolitan-18k-yg-ref-9919,8178369790061,2026-08-10T20:59:24+00:00
CWC,,,1995.0,4500.0,USD,asking,2026-07-27,,,,,,,preowned,Craft & Tailored,craft_and_tailored,dealer,https://craftandtailored.com/products/1995-cwc-royal-navy-diver-0555-6645-99-7573314,8174368981101,2026-08-10T20:59:24+00:00
Tudor,,79280,,4500.0,USD,asking,2026-07-27,,,,,,,,Craft & Tailored,craft_and_tailored,dealer,https://craftandtailored.com/products/unpolished-1997-tudor-small-block-prince-date-chronograph-ref-79280-silver-dial,8177141153901,2026-08-10T20:59:24+00:00
CWC,,,1994.0,4200.0,USD,asking,2026-07-24,,,,,,,,Craft & Tailored,craft_and_tailored,dealer,https://craftandtailored.com/products/1993-cwc-royal-navy-sbs-diver-0555-6645-99-7995443-copy,8174872559725,2026-08-10T20:59:24+00:00
Other,,erence,,2150.0,USD,asking,2026-07-24,,,,,,,,Craft & Tailored,craft_and_tailored,dealer,https://craftandtailored.com/products/1970s-lejour-chronograph-pvd-valjoux-cal-7734,8174591475821,2026-08-10T20:59:24+00:00
Patek Philippe,,4217/1,,9500.0,USD,asking,2026-07-24,,,,,,,preowned,Craft & Tailored,craft_and_tailored,dealer,https://craftandtailored.com/products/1970s-patek-philippe-ladies-ellipse-18k-wg-ref-4217-1-blue-dial,8174370226285,2026-08-10T20:59:24+00:00
Rolex,,5513,,15850.0,USD,asking,2026-07-24,,,,,,,,Craft & Tailored,craft_and_tailored,dealer,https://craftandtailored.com/products/1966-rolex-submariner-ref-5513-meters-first-1,7184419487853,2026-08-10T20:59:24+00:00
Omega,,3592.50,,4950.0,USD,asking,2026-07-22,,,,,,,,Craft & Tailored,craft_and_tailored,dealer,https://craftandtailored.com/products/1992-omega-speedmaster-professional-ref-3592-50-sapphire-case-back,8171947556973,2026-08-10T20:59:24+00:00
Mido,,220,,1800.0,USD,asking,2026-07-22,,,,,,,,Craft & Tailored,craft_and_tailored,dealer,https://craftandtailored.com/products/tropical-1950s-mido-multifort-luxe-borgel-case-ref-220-gilt-dial,8171949621357,2026-08-10T20:59:24+00:00
Precista,,,1982.0,23500.0,USD,asking,2026-07-21,,,,,,,,Craft & Tailored,craft_and_tailored,dealer,https://craftandtailored.com/products/1982-precista-royal-navy-issue-diver-snake-head-0552-923-7697,8167896121453,2026-08-10T20:59:24+00:00
Tudor,,79090,,6500.0,USD,asking,2026-07-20,,,,,,,,Craft & Tailored,craft_and_tailored,dealer,https://craftandtailored.com/products/unpolished-1990-tudor-submariner-ref-79090-black-dial,8169837461613,2026-08-10T20:59:24+00:00
Rolex,,16550,1984.0,10500.0,USD,asking,2026-07-20,,,,,,,preowned,Craft & Tailored,craft_and_tailored,dealer,https://craftandtailored.com/products/1984-rolex-explorer-ii-ref-16550-black-dial,8169759899757,2026-08-10T20:59:24+00:00
CWC,,,1993.0,4200.0,USD,asking,2026-07-20,,,,,,,,Craft & Tailored,craft_and_tailored,dealer,https://craftandtailored.com/products/1993-cwc-royal-sbs-diver-0555-6645-99-7995443,8164782866541,2026-08-10T20:59:24+00:00
Seiko,,SBGW279G,2024.0,4950.0,USD,asking,2026-07-17,,,,,,,preowned,Craft & Tailored,craft_and_tailored,dealer,https://craftandtailored.com/products/2024-grand-seiko-elegance-oruri-ref-sbgw279g-9s64-00z0-blue-dial-w-full-set,8164897390701,2026-08-10T20:59:24+00:00
CWC,,,1986.0,5500.0,USD,asking,2026-07-17,,,,,,,,Craft & Tailored,craft_and_tailored,dealer,https://craftandtailored.com/products/1986-cwc-royal-navy-diver-0552-6645-99-7573314,8164683415661,2026-08-10T20:59:24+00:00
Tudor,,94210,,7750.0,USD,asking,2026-07-17,,,,,,,,Craft & Tailored,craft_and_tailored,dealer,https://craftandtailored.com/products/1978-tudor-big-block-chronograph-ref-94210-silver-solo-dial,8164718903405,2026-08-10T20:59:24+00:00
Rolex,,16610,,9850.0,USD,asking,2026-07-16,,,,,,,,Craft & Tailored,craft_and_tailored,dealer,https://craftandtailored.com/products/1996-rolex-submariner-ref-16610-w-box-papers,8162449522797,2026-08-10T20:59:24+00:00
Rolex,,15010,,7750.0,USD,asking,2026-07-16,,,,,,,,Craft & Tailored,craft_and_tailored,dealer,https://craftandtailored.com/products/1987-rolex-oyster-perpetual-date-ref-15010-silver-tiffany-co-dial,8162425045101,2026-08-10T20:59:24+00:00
Tudor,,79500,2020.0,3050.0,USD,asking,2026-07-15,,,,,,,,Craft & Tailored,craft_and_tailored,dealer,https://craftandtailored.com/products/2020-tudor-black-bay-36-ref-79500-black-smiling-text-dial-w-box-papers,8158297522285,2026-08-10T20:59:24+00:00
Other,,53203,,6500.0,USD,asking,2026-07-14,,,,,,,preowned,Craft & Tailored,craft_and_tailored,dealer,https://craftandtailored.com/products/1960s-favre-leuba-bivouac-ref-53203-blue-dial,8147896336493,2026-08-10T20:59:24+00:00
Seiko,,SBGA415,,4350.0,USD,asking,2026-07-13,,,,,,,,Craft & Tailored,craft_and_tailored,dealer,https://craftandtailored.com/products/2020s-grand-seiko-heritage-spring-drive-titanium-ref-sbga413g-9r65-0dg0-heavy-snow-dial,8155513258093,2026-08-10T20:59:24+00:00
Breitling,,2008,,1950.0,USD,asking,2026-07-13,,,,,,,,Craft & Tailored,craft_and_tailored,dealer,https://craftandtailored.com/products/unpolished-1960s-breitling-top-time-chronograph-gold-plate-ref-2008-w-box-papers,8155345846381,2026-08-10T20:59:24+00:00
Rolex,,1680,1971.0,20950.0,USD,asking,2026-07-10,,,,,,,,Craft & Tailored,craft_and_tailored,dealer,https://craftandtailored.com/products/1971-rolex-red-submariner-ref-1680-mk-v-dial-1,7079797424237,2026-08-10T20:59:24+00:00
Rolex,,16014,,4575.0,USD,asking,2026-07-10,,,,,,,,Craft & Tailored,craft_and_tailored,dealer,https://craftandtailored.com/products/1979-rolex-datejust-ref-16014-silver-dial-w-vivid-patina,8152652382317,2026-08-10T20:59:24+00:00
Bulova,,,1932.0,4000.0,USD,asking,2026-07-10,,,,,,,preowned,Craft & Tailored,craft_and_tailored,dealer,https://craftandtailored.com/products/1932-bulova-white-prince-digital-jump-hour-cal-10at,8152566366317,2026-08-10T20:59:24+00:00
Universal Geneve,,890100/01,,8500.0,USD,asking,2026-07-09,,,,,,,,Craft & Tailored,craft_and_tailored,dealer,https://craftandtailored.com/products/unpolished-1960s-universal-geneve-aero-compax-ref-890100-01,8151732846701,2026-08-10T20:59:24+00:00
Omega,,168.0056,1971.0,1600.0,USD,asking,2026-07-08,,,,,,,,Craft & Tailored,craft_and_tailored,dealer,https://craftandtailored.com/products/1971-omega-constellation-ref-168-0056-silver-dial,8150903488621,2026-08-10T20:59:24+00:00
Tudor,,79180,1992.0,5950.0,USD,asking,2026-07-08,,,,,,,,Craft & Tailored,craft_and_tailored,dealer,https://craftandtailored.com/products/1992-tudor-big-block-chronograph-ref-79180-silver-dial,8140629049453,2026-08-10T20:59:24+00:00
Omega,,166.024,,5650.0,USD,asking,2026-07-07,,,,,,,,Craft & Tailored,craft_and_tailored,dealer,https://craftandtailored.com/products/omega-seamaster-300-ref-166-024-watchco-4,8148215169133,2026-08-10T20:59:24+00:00
Rolex,,16800,1984.0,9000.0,USD,asking,2026-07-07,,,,,,,,Craft & Tailored,craft_and_tailored,dealer,https://craftandtailored.com/products/1984-rolex-submariner-ref-16801,8110932000877,2026-08-10T20:59:24+00:00
Rolex,,16750,1984.0,12950.0,USD,asking,2026-07-07,,,,,,,,Craft & Tailored,craft_and_tailored,dealer,https://craftandtailored.com/products/1984-rolex-gmt-master-ref-16751,8068894457965,2026-08-10T20:59:24+00:00
Rolex,,16800,,12950.0,USD,asking,2026-07-07,,,,,,,,Craft & Tailored,craft_and_tailored,dealer,https://craftandtailored.com/products/1982-rolex-submariner-ref-16800-matte-dial-10,8083539886189,2026-08-10T20:59:24+00:00
Patek Philippe,,3467J,1977.0,19500.0,USD,asking,2026-07-06,,,,,,,preowned,Craft & Tailored,craft_and_tailored,dealer,https://craftandtailored.com/products/1977-patek-philippe-gondolo-18k-yg-ref-3467j-w-box-certificate-of-origin-sales-receipt-patek-philippe-service-history,8147257557101,2026-08-10T20:59:24+00:00
Heuer,,844,,5750.0,USD,asking,2026-07-06,,,,,,,,Craft & Tailored,craft_and_tailored,dealer,https://craftandtailored.com/products/1970s-heuer-professional-diver-ref-844-mk-i-monnin-copy,8147202310253,2026-08-10T20:59:24+00:00
Omega,,366.0847,,1600.0,USD,asking,2026-07-03,,,,,,,,Craft & Tailored,craft_and_tailored,dealer,https://craftandtailored.com/products/1982-omega-seamaster-day-date-ref-366-0847-brown-vignette-dial,8144056025197,2026-08-10T20:59:24+00:00
Rolex,,16570,,12000.0,USD,asking,2026-07-03,,,,,,,,Craft & Tailored,craft_and_tailored,dealer,https://craftandtailored.com/products/unpolished-1991-rolex-explorer-ii-ref-16570-polar-chi-chi-dial,8143825371245,2026-08-10T20:59:24+00:00
Franck Muller,,5850WW,,11850.0,USD,asking,2026-07-02,,,,,,,preowned,Craft & Tailored,craft_and_tailored,dealer,https://craftandtailored.com/products/1990s-franck-muller-cintree-curvex-world-wide-18k-yg-ref-5850ww-guilloche-cloisonne-asia-dial-w-box,8143039070317,2026-08-10T20:59:24+00:00
Rolex,,1603,1964.0,4650.0,USD,asking,2026-07-02,,,,,,,,Craft & Tailored,craft_and_tailored,dealer,https://craftandtailored.com/products/1964-rolex-datejust-ref-1603-silver-dial,8143138652269,2026-08-10T20:59:24+00:00
Omega,,105.012,1966.0,8950.0,USD,asking,2026-07-02,,,,,,,,Craft & Tailored,craft_and_tailored,dealer,https://craftandtailored.com/products/1966-omega-speedmaster-professional-ref-105-012-cal-321-pre-moon-2,8143118270573,2026-08-10T20:59:24+00:00
Rolex,,1680,,76500.0,USD,asking,2026-07-01,,,,,,,,Craft & Tailored,craft_and_tailored,dealer,https://craftandtailored.com/products/tropical-1970-rolex-red-submariner-ref-1680-mk-ii-meters-first-dial-w-box-papers,8142443184237,2026-08-10T20:59:24+00:00
Jaeger-LeCoultre,,145.8.79,,3650.0,USD,asking,2026-07-01,,,,,,,,Craft & Tailored,craft_and_tailored,dealer,https://craftandtailored.com/products/2000s-jaeger-lecoultre-master-controller-ultra-thin-ref-145-8-79,8142441513069,2026-08-10T20:59:24+00:00
Other,,7176S,,3150.0,USD,asking,2026-07-01,,,,,,,,Craft & Tailored,craft_and_tailored,dealer,https://craftandtailored.com/products/1980s-porsche-design-chronograph-pvd-ref-7176s-top-gun,8142179467373,2026-08-10T20:59:24+00:00
Rolex,,1601,1972.0,4950.0,USD,asking,2026-06-30,,,,,,,,Craft & Tailored,craft_and_tailored,dealer,https://craftandtailored.com/products/1972-rolex-datejust-ref-1601-silver-wide-boy-dial,8140808061037,2026-08-10T20:59:24+00:00
Jaeger-LeCoultre,,,,3650.0,USD,asking,2026-06-30,,,,,,,,Craft & Tailored,craft_and_tailored,dealer,https://craftandtailored.com/products/1950s-lecoultre-calendar-disk-dress-watch-14k-yg-cal-810-aw,8140276826221,2026-08-10T20:59:24+00:00
Zodiac,,752-925,,1500.0,USD,asking,2026-06-29,,,,,,,,Craft & Tailored,craft_and_tailored,dealer,https://craftandtailored.com/products/1970s-zodiac-aerospace-gmt-ref-752-925-silver-dial,8133306056813,2026-08-10T20:59:24+00:00
Rolex,,5513,1989.0,10650.0,USD,asking,2026-06-26,,,,,,,,Craft & Tailored,craft_and_tailored,dealer,https://craftandtailored.com/products/1989-rolex-submariner-ref-5513-l-serial-5,8136034844781,2026-08-10T20:59:24+00:00
Rolex,,1601,1971.0,4500.0,USD,asking,2026-06-25,,,,,,,preowned,Craft & Tailored,craft_and_tailored,dealer,https://craftandtailored.com/products/1971-rolex-two-tone-datejust-ref-1601-non-luminous-champagne-wide-boy-dial,8134196559981,2026-08-10T20:59:24+00:00
Rolex,,14270,1996.0,6150.0,USD,asking,2026-06-25,,,,,,,,Craft & Tailored,craft_and_tailored,dealer,https://craftandtailored.com/products/1996-rolex-explorer-i-ref-14270-w-rsc-card,8134361579629,2026-08-10T20:59:24+00:00
Patek Philippe,,3418,1957.0,24500.0,USD,asking,2026-06-25,,,,,,,,Craft & Tailored,craft_and_tailored,dealer,https://craftandtailored.com/products/1959-patek-philippe-stainless-steel-calatrava-anti-magnetic-first-series-ref-3418-silver-beyer-dial-w-extract-from-the-archive,8134188269677,2026-08-10T20:59:24+00:00
Tudor,,7934,1958.0,10450.0,USD,asking,2026-06-24,,,,,,,preowned,Craft & Tailored,craft_and_tailored,dealer,https://craftandtailored.com/products/1950s-tudor-oyster-ref-7934-blue-enamel-engraved-floral-motif-dial,8133221154925,2026-08-10T20:59:24+00:00
Rolex,,1675,1977.0,51750.0,USD,asking,2026-06-24,,,,,,,,Craft & Tailored,craft_and_tailored,dealer,https://craftandtailored.com/products/1977-rolex-gmt-master-blueberry-ref-1675-mk-iii-radial-dial,8129450442861,2026-08-10T20:59:24+00:00
Tudor,,7637/4,1973.0,1450.0,USD,asking,2026-06-24,,,,,,,,Craft & Tailored,craft_and_tailored,dealer,https://craftandtailored.com/products/1973-tudor-princess-oysterdate-ref-7637-4-silver-dial,8132645552237,2026-08-10T20:59:24+00:00
Other,,,,1075.0,USD,asking,2026-06-23,,,,,,,,Craft & Tailored,craft_and_tailored,dealer,https://craftandtailored.com/products/mint-1950s-f-l-calendar-dress-watch-gold-plated-cal-as1380,8132626284653,2026-08-10T20:59:24+00:00
Omega,,376.0822,1987.0,18250.0,USD,asking,2026-06-23,,,,,,,preowned,Craft & Tailored,craft_and_tailored,dealer,https://craftandtailored.com/products/1987-omega-speedmaster-automatic-ref-376-0822-holy-grail,8129458569325,2026-08-10T20:59:24+00:00
Heuer,,2447D,,10000.0,USD,asking,2026-06-22,,,,,,,preowned,Craft & Tailored,craft_and_tailored,dealer,https://craftandtailored.com/products/1960s-heuer-carrera-12-2nd-execution-ref-2447d-silver-decimal-dial,8129444348013,2026-08-10T20:59:24+00:00
Movado,,1025,,2650.0,USD,asking,2026-06-22,,,,,,,preowned,Craft & Tailored,craft_and_tailored,dealer,https://craftandtailored.com/products/1940s-movado-ladies-bracelet-watch-18k-yg-ref-1025-two-tone-silver-dial-w-breguet-numerals,8131506339949,2026-08-10T20:59:24+00:00
Patek Philippe,,5970J,2008.0,250000.0,USD,asking,2026-06-22,,,,,,,,Craft & Tailored,craft_and_tailored,dealer,https://craftandtailored.com/products/2008-patek-philippe-perpetual-calendar-moonphase-chronograph-18k-yg-ref-5970j-w-box-certificate-of-origin-accessories-recent-patek-philippe-service-receipt,8129437597805,2026-08-10T20:59:24+00:00
Jaeger-LeCoultre,,2265,,1950.0,USD,asking,2026-06-19,,,,,,,preowned,Craft & Tailored,craft_and_tailored,dealer,https://craftandtailored.com/products/1960s-jaeger-lecoultre-automatic-memovox-gold-filled-ref-2265-sober-dial,8122942619757,2026-08-10T20:59:24+00:00
Rolex,,16030,1984.0,4350.0,USD,asking,2026-06-17,,,,,,,,Craft & Tailored,craft_and_tailored,dealer,https://craftandtailored.com/products/1984-rolex-datejust-ref-16030-silver-dial,8127509823597,2026-08-10T20:59:24+00:00
Omega,,166.024,1969.0,8850.0,USD,asking,2026-06-17,,,,,,,,Craft & Tailored,craft_and_tailored,dealer,https://craftandtailored.com/products/1966-omega-seamaster-300-ref-166-024-big-triangle-dial,8127471222893,2026-08-10T20:59:24+00:00
Rolex,,1680,,13650.0,USD,asking,2026-06-17,,,,,,,,Craft & Tailored,craft_and_tailored,dealer,https://craftandtailored.com/products/1978-rolex-submariner-ref-1680-mk-iii-dial-w-pumpkin-patina,8126941954157,2026-08-10T20:59:24+00:00
Gerald Genta,,,,19500.0,USD,asking,2026-06-14,,,,,,,,Craft & Tailored,craft_and_tailored,dealer,https://craftandtailored.com/products/1970s-gerald-genta-dress-watch-18k-wg-piece-unique-for-collet-geneve-ref-x-ebony-wood-dial-w-original-retailer-box-strap,8122645839981,2026-08-10T20:59:24+00:00
Tudor,,7934,1958.0,11750.0,USD,asking,2026-06-12,,,,,,,,Craft & Tailored,craft_and_tailored,dealer,https://craftandtailored.com/products/1958-tudor-oyster-ref-7934-red-enamel-engraved-floral-motif-dial,8122918568045,2026-08-10T20:59:24+00:00
Hamilton,,815005-3,,1950.0,USD,asking,2026-06-12,,,,,,,,Craft & Tailored,craft_and_tailored,dealer,https://craftandtailored.com/products/1970s-hamilton-automatic-ref-815005-3-silver-dial-w-blue-accents,8122863976557,2026-08-10T20:59:24+00:00
Tudor,,7904,,11250.0,USD,asking,2026-06-12,,,,,,,,Craft & Tailored,craft_and_tailored,dealer,https://craftandtailored.com/products/1950s-tudor-oyster-ref-7904-blue-enamel-engraved-floral-motif-dial,8122703577197,2026-08-10T20:59:24+00:00
Vacheron Constantin,,47450/B01A,2005.0,24500.0,USD,asking,2026-06-12,,,,,,,,Craft & Tailored,craft_and_tailored,dealer,https://craftandtailored.com/products/2005-vacheron-constantin-overseas-dual-time-limited-edition-ref-47450-b01a-black-wempe-dial,8122543964269,2026-08-10T20:59:24+00:00
Breitling,,810,1969.0,4500.0,USD,asking,2026-06-11,,,,,,,,Craft & Tailored,craft_and_tailored,dealer,https://craftandtailored.com/products/1960s-breitling-top-time-chronograph-ref-810-mk-ii,8117193080941,2026-08-10T20:59:24+00:00
Rolex,,1601,1967.0,4750.0,USD,asking,2026-06-08,,,,,,,,Craft & Tailored,craft_and_tailored,dealer,https://craftandtailored.com/products/1967-rolex-datejust-ref-1601-brushed-silver-doorstop-dial,8117085536365,2026-08-10T20:59:24+00:00
Longines,,22199,1942.0,1850.0,USD,asking,2026-06-05,,,,,,,preowned,Craft & Tailored,craft_and_tailored,dealer,https://craftandtailored.com/products/1942-longines-dress-watch-ref-22199-black-gilt-dial,8112634626157,2026-08-10T20:59:24+00:00
Rolex,,14270,,7250.0,USD,asking,2026-06-05,,,,,,,,Craft & Tailored,craft_and_tailored,dealer,https://craftandtailored.com/products/unpolished-1995-rolex-explorer-i-ref-14270-w-box-papers-1,8112565846125,2026-08-10T20:59:24+00:00
IWC,,3241,,4850.0,USD,asking,2026-06-04,,,,,,,,Craft & Tailored,craft_and_tailored,dealer,https://craftandtailored.com/products/1990s-iwc-mark-xii-ref-3241,8110826848365,2026-08-10T20:59:24+00:00
Rolex,,1803,1973.0,23750.0,USD,asking,2026-06-04,,,,,,,preowned,Craft & Tailored,craft_and_tailored,dealer,https://craftandtailored.com/products/1973-rolex-day-date-18k-yg-ref-1803-champagne-wide-boy-sigma-dial-w-box-papers,8110784970861,2026-08-10T20:59:24+00:00
Yema,,93012,,4500.0,USD,asking,2026-06-02,,,,,,,,Craft & Tailored,craft_and_tailored,dealer,https://craftandtailored.com/products/1960s-yema-yachtingraf-regate-ref-93012-valjoux-7736,8105850011757,2026-08-10T20:59:24+00:00
Rolex,,5500,1983.0,15000.0,USD,asking,2026-06-01,,,,,,,preowned,Craft & Tailored,craft_and_tailored,dealer,https://craftandtailored.com/products/1983-rolex-air-king-ref-5500-dominos-pizza,8105659498605,2026-08-10T20:59:24+00:00
Longines,,23788,,1800.0,USD,asking,2026-06-01,,,,,,,preowned,Craft & Tailored,craft_and_tailored,dealer,https://craftandtailored.com/products/1948-longines-sei-tacche-ref-23788-military-dial,8095962169453,2026-08-10T20:59:24+00:00
IWC,,3706,,4350.0,USD,asking,2026-06-01,,,,,,,,Craft & Tailored,craft_and_tailored,dealer,https://craftandtailored.com/products/1990s-iwc-flieger-chronograph-ref-3706-w-full-set,8105609068653,2026-08-10T20:59:24+00:00
Yema,,5667370,,7850.0,USD,asking,2026-05-26,,,,,,,preowned,Craft & Tailored,craft_and_tailored,dealer,https://craftandtailored.com/products/1970s-yema-yachtinggraf-regate-ref-5667370-blue-ship,8095692357741,2026-08-10T20:59:24+00:00
Tudor,,7024/0,1970.0,2850.0,USD,asking,2026-05-26,,,,,,,,Craft & Tailored,craft_and_tailored,dealer,https://craftandtailored.com/products/1970-tudor-prince-oysterdate-jumbo-ref-7024-0-silver-dial,8095946604653,2026-08-10T20:59:24+00:00
Movado,,14783,,3650.0,USD,asking,2026-05-26,,,,,,,,Craft & Tailored,craft_and_tailored,dealer,https://craftandtailored.com/products/1940s-movado-triple-calendar-gold-plated-ref-14783-w-breguet-numeral-dial,8095682232429,2026-08-10T20:59:24+00:00
Wittnauer,,5025,,1250.0,USD,asking,2026-05-21,,,,,,,,Craft & Tailored,craft_and_tailored,dealer,https://craftandtailored.com/products/1970s-wittnauer-dual-time-gold-plated-wristwatch,8090048725101,2026-08-10T20:59:24+00:00
Gruen,,,,1500.0,USD,asking,2026-05-21,,,,,,,,Craft & Tailored,craft_and_tailored,dealer,https://craftandtailored.com/products/1940s-gruen-precision-veri-thin-cal-420ss-two-tone-dial,8089965232237,2026-08-10T20:59:24+00:00
Longines,,5413,,1200.0,USD,asking,2026-05-20,,,,,,,preowned,Craft & Tailored,craft_and_tailored,dealer,https://craftandtailored.com/products/1951-longines-sei-tacche-ref-5413-10,8089553895533,2026-08-10T20:59:24+00:00
Rolex,,6427,1966.0,3350.0,USD,asking,2026-05-20,,,,,,,,Craft & Tailored,craft_and_tailored,dealer,https://craftandtailored.com/products/1966-rolex-oyster-precision-ref-6427-silver-dial,8088617648237,2026-08-10T20:59:24+00:00
Movado,,5261,,3650.0,USD,asking,2026-05-19,,,,,,,preowned,Craft & Tailored,craft_and_tailored,dealer,https://craftandtailored.com/products/1950s-movado-kingmatic-sub-sea-18k-yg-ref-5261,8088577966189,2026-08-10T20:59:24+00:00
Cartier,,,,1950.0,USD,asking,2026-05-15,,,,,,,,Craft & Tailored,craft_and_tailored,dealer,https://craftandtailored.com/products/1980s-cartier-must-de-cartier-ladies-tank-vermeil-blue-lapis-lacquer-dial,8086829793389,2026-08-10T20:59:24+00:00
Movado,,1794,,2950.0,USD,asking,2026-05-15,,,,,,,,Craft & Tailored,craft_and_tailored,dealer,https://craftandtailored.com/products/1930s-movado-ufo-dress-watch-18k-yg-ref-1794-cal-150mn,8084346994797,2026-08-10T20:59:24+00:00
Rolex,,16000,1978.0,6500.0,USD,asking,2026-05-14,,,,,,,,Craft & Tailored,craft_and_tailored,dealer,https://craftandtailored.com/products/1978-rolex-datejust-ref-16000-white-buckley-dial-w-pumpkin-patina,8086078455917,2026-08-10T20:59:24+00:00
Seiko,,WN-2,2008.0,2050.0,USD,asking,2026-05-13,,,,,,,,Craft & Tailored,craft_and_tailored,dealer,https://craftandtailored.com/products/2000s-seiko-think-the-earth-quartz-watch-ref-wn-2-blue-w-box-papers,8084157366381,2026-08-10T20:59:24+00:00
Rolex,,17013,,7850.0,USD,asking,2026-05-12,,,,,,,,Craft & Tailored,craft_and_tailored,dealer,https://craftandtailored.com/products/unpolished-1991-rolex-two-tone-oysterquartz-datejust-ref-17013-champagne-tropical-dial,8083550994541,2026-08-10T20:59:24+00:00
Omega,,3592.50,1994.0,4350.0,USD,asking,2026-05-12,,,,,,,,Craft & Tailored,craft_and_tailored,dealer,https://craftandtailored.com/products/1994-omega-speedmaster-professional-ref-3592-50-sapphire-case-back,8083559055469,2026-08-10T20:59:24+00:00
Omega,,166.024,,6850.0,USD,asking,2026-05-12,,,,,,,,Craft & Tailored,craft_and_tailored,dealer,https://craftandtailored.com/products/omega-seamaster-300-ref-166-024-watchco-3,8083567181933,2026-08-10T20:59:24+00:00
Rolex,,168000,1988.0,9650.0,USD,asking,2026-05-12,,,,,,,,Craft & Tailored,craft_and_tailored,dealer,https://craftandtailored.com/products/1988-rolex-submariner-ref-168000-triple-0,8083593789549,2026-08-10T20:59:24+00:00
Rolex,,16610,1997.0,10500.0,USD,asking,2026-05-08,,,,,,,,Craft & Tailored,craft_and_tailored,dealer,https://craftandtailored.com/products/1997-rolex-submariner-ref-16610-ghost-bezel-w-box-papers,8023806247021,2026-08-10T20:59:24+00:00
Rolex,,6265,1978.0,77000.0,USD,asking,2026-05-07,,,,,,,preowned,Craft & Tailored,craft_and_tailored,dealer,https://craftandtailored.com/products/1978-rolex-daytona-ref-6265-black-floating-big-red-dial-w-box-extensive-documentation,8078536409197,2026-08-10T20:59:24+00:00
Rolex,,16018,1980.0,40500.0,USD,asking,2026-05-06,,,,,,,,Craft & Tailored,craft_and_tailored,dealer,https://craftandtailored.com/products/1980-rolex-datejust-18k-yg-ref-16018-onyx-stone-dial,8077447626861,2026-08-10T20:59:24+00:00
Rolex,,18039,1982.0,295000.0,USD,asking,2026-05-06,,,,,,,,Craft & Tailored,craft_and_tailored,dealer,https://craftandtailored.com/products/1982-rolex-day-date-18k-wg-ref-18039-onyx-stone-dial,8077437403245,2026-08-10T20:59:24+00:00
Rolex,,16018,,21500.0,USD,asking,2026-05-06,,,,,,,,Craft & Tailored,craft_and_tailored,dealer,https://craftandtailored.com/products/unpolished-1979-rolex-datejust-18k-yg-ref-16018-blue-tropical-dial,8077457883245,2026-08-10T20:59:24+00:00
Tudor,,7016/0,,19500.0,USD,asking,2026-05-04,,,,,,,,Craft & Tailored,craft_and_tailored,dealer,https://craftandtailored.com/products/unpolished-1968-tudor-submariner-ref-7016-0-gilt-dial-w-semi-pcg-case-us-navy-provenance,8075193712749,2026-08-10T20:59:24+00:00
Seiko,,6139-6002,1976.0,1500.0,USD,asking,2026-05-04,,,,,,,,Craft & Tailored,craft_and_tailored,dealer,https://craftandtailored.com/products/1976-seiko-automatic-chronograph-ref-6139-6002-pogue,8075165696109,2026-08-10T20:59:24+00:00
Rolex,,1603,1972.0,6750.0,USD,asking,2026-05-01,,,,,,,,Craft & Tailored,craft_and_tailored,dealer,https://craftandtailored.com/products/1972-rolex-datejust-ref-1603-black-confetti-dial,8071145422957,2026-08-10T20:59:24+00:00
Rolex,,1601,1973.0,4650.0,USD,asking,2026-05-01,,,,,,,,Craft & Tailored,craft_and_tailored,dealer,https://craftandtailored.com/products/1973-rolex-datejust-ref-1601-silver-sigma-dial-3,8071036698733,2026-08-10T20:59:24+00:00
Rolex,,16220,1991.0,5650.0,USD,asking,2026-05-01,,,,,,,,Craft & Tailored,craft_and_tailored,dealer,https://craftandtailored.com/products/1991-rolex-datejust-ref-16220-blue-dial,8071028899949,2026-08-10T20:59:24+00:00
Omega,,3590.50,1991.0,4450.0,USD,asking,2026-04-30,,,,,,,,Craft & Tailored,craft_and_tailored,dealer,https://craftandtailored.com/products/1991-omega-speedmaster-professional-ref-3590-50-mustache-dial-1,8070251118701,2026-08-10T20:59:24+00:00
Rolex,,16570,1996.0,8450.0,USD,asking,2026-04-29,,,,,,,,Craft & Tailored,craft_and_tailored,dealer,https://craftandtailored.com/products/1996-rolex-explorer-ii-ref-16570-polar-dial-5,8068684480621,2026-08-10T20:59:24+00:00
Movado,,9018,,17500.0,USD,asking,2026-04-29,,,,,,,,Craft & Tailored,craft_and_tailored,dealer,https://craftandtailored.com/products/1950s-movado-m95-chronograph-18k-yg-ref-9018-black-gilt-dial,8067888283757,2026-08-10T20:59:24+00:00
Omega,,2869,1954.0,1700.0,USD,asking,2026-04-28,,,,,,,preowned,Craft & Tailored,craft_and_tailored,dealer,https://craftandtailored.com/products/1954-omega-seamaster-automatic-ref-2869-1sc-cal-500-black-gilt-dial,8067916660845,2026-08-10T20:59:24+00:00
Seiko,,6139-6005,1971.0,2250.0,USD,asking,2026-04-28,,,,,,,,Craft & Tailored,craft_and_tailored,dealer,https://craftandtailored.com/products/1971-seiko-automatic-chronograph-ref-6139-6005-true-pogue,8067910500461,2026-08-10T20:59:24+00:00
Rolex,,6567,1957.0,5150.0,USD,asking,2026-04-23,,,,,,,,Craft & Tailored,craft_and_tailored,dealer,https://craftandtailored.com/products/1957-rolex-oyster-perpetual-18k-yg-ref-6567-champagne-occ-concentric-dial,8064444498029,2026-08-10T20:59:24+00:00
Rolex,,114270,,6150.0,USD,asking,2026-04-23,,,,,,,,Craft & Tailored,craft_and_tailored,dealer,https://craftandtailored.com/products/2005-rolex-explorer-i-ref-114271,8064488636525,2026-08-10T20:59:24+00:00
Rolex,,1530,1976.0,17500.0,USD,asking,2026-04-21,,,,,,,,Craft & Tailored,craft_and_tailored,dealer,https://craftandtailored.com/products/1976-rolex-oyster-perpetual-date-ref-1530,8063192694893,2026-08-10T20:59:24+00:00
Gruen,,,,2500.0,USD,asking,2026-04-21,,,,,,,,Craft & Tailored,craft_and_tailored,dealer,https://craftandtailored.com/products/1970s-gruen-precision-airflight-air-force-association-dial,8063273435245,2026-08-10T20:59:24+00:00
Cartier,,7505,,1350.0,USD,asking,2026-04-21,,,,,,,,Craft & Tailored,craft_and_tailored,dealer,https://craftandtailored.com/products/1980s-cartier-tank-louis-travel-desk-alarm-clock-ref-7505-w-box-papers,8033583267949,2026-08-10T20:59:24+00:00
Longines,,22384,1943.0,4950.0,USD,asking,2026-04-20,,,,,,,,Craft & Tailored,craft_and_tailored,dealer,https://craftandtailored.com/products/1943-longines-weems-pilots-watch-ref-22384,8062682267757,2026-08-10T20:59:24+00:00
Elgin,,7452,,2750.0,USD,asking,2026-04-20,,,,,,,,Craft & Tailored,craft_and_tailored,dealer,https://craftandtailored.com/products/1970s-elgin-chronograph-ref-7452-w-box,8061295198317,2026-08-10T20:59:24+00:00
Other,,7452,,2000.0,USD,asking,2026-04-20,,,,,,,,Craft & Tailored,craft_and_tailored,dealer,https://craftandtailored.com/products/1960s-elgin-chronograph-ref-7452-w-box-and-papers,4514972926061,2026-08-10T20:59:24+00:00
Tudor,,7966/0,1968.0,3850.0,USD,asking,2026-04-20,,,,,,,preowned,Craft & Tailored,craft_and_tailored,dealer,https://craftandtailored.com/products/1968-tudor-oyster-prince-date-ref-7966-0-white-railroad-dial,8062614732909,2026-08-10T20:59:24+00:00
Rolex,,1500,1967.0,3250.0,USD,asking,2026-04-17,,,,,,,,Craft & Tailored,craft_and_tailored,dealer,https://craftandtailored.com/products/1967-rolex-oyster-perpetual-date-ref-1500-silver-dial-1,8060896247917,2026-08-10T20:59:24+00:00
Eberhard,,11532-1,,11750.0,USD,asking,2026-04-17,,,,,,,,Craft & Tailored,craft_and_tailored,dealer,https://craftandtailored.com/products/1960s-eberhard-scafodat-18k-rg-ref-11532-1-roulette-date-wheel-w-box,7477750104173,2026-08-10T20:59:24+00:00
Rolex,,16520,1995.0,26500.0,USD,asking,2026-04-16,,,,,,,,Craft & Tailored,craft_and_tailored,dealer,https://craftandtailored.com/products/1995-rolex-zenith-daytona-ref-16520-black-mk-iv-dial-w-box-papers,8059916157037,2026-08-10T20:59:24+00:00
Tudor,,9050/0,1970.0,11950.0,USD,asking,2026-04-16,,,,,,,preowned,Craft & Tailored,craft_and_tailored,dealer,https://craftandtailored.com/products/1970-tudor-ranger-ref-9050-0,8057389645933,2026-08-10T20:59:24+00:00
Rolex,,5513,,13750.0,USD,asking,2026-04-15,,,,,,,,Craft & Tailored,craft_and_tailored,dealer,https://craftandtailored.com/products/1989-rolex-submariner-ref-5513-l-serial-w-box-hangtag,8058994262125,2026-08-10T20:59:24+00:00
Rolex,,19018,,24500.0,USD,asking,2026-04-15,,,,,,,preowned,Craft & Tailored,craft_and_tailored,dealer,https://craftandtailored.com/products/unpolished-1985-rolex-oysterquartz-day-date-18k-yg-ref-19018-black-dial,8057351176301,2026-08-10T20:59:24+00:00
Patek Philippe,,570,,37500.0,USD,asking,2026-04-15,,,,,,,,Craft & Tailored,craft_and_tailored,dealer,https://craftandtailored.com/products/1960s-patek-philippe-calatrava-18k-yg-ref-570-cal-27sc-w-box-papers,8057165938797,2026-08-10T20:59:24+00:00
Omega,,2635-9,1954.0,2200.0,USD,asking,2026-04-14,,,,,,,preowned,Craft & Tailored,craft_and_tailored,dealer,https://craftandtailored.com/products/1954-omega-dress-watch-ref-2635-9-sc-black-gilt-dial-w-breguet-numerals,8055974920301,2026-08-10T20:59:24+00:00
Girard Perregaux,,,,1750.0,USD,asking,2026-04-14,,,,,,,preowned,Craft & Tailored,craft_and_tailored,dealer,https://craftandtailored.com/products/1960s-girard-perregaux-alarm-gold-plated,8055900602477,2026-08-10T20:59:24+00:00
Rolex,,6239,1969.0,310000.0,USD,asking,2026-04-13,,,,,,,,Craft & Tailored,craft_and_tailored,dealer,https://craftandtailored.com/products/1969-rolex-daytona-ref-6239-white-paul-newman-dial-w-box-papers-provenance-packet,8051570114669,2026-08-10T20:59:24+00:00
Rolex,,16600,1989.0,8950.0,USD,asking,2026-04-13,,,,,,,,Craft & Tailored,craft_and_tailored,dealer,https://craftandtailored.com/products/1989-rolex-sea-dweller-ref-16600,8051535970413,2026-08-10T20:59:24+00:00
Rolex,,16750,1987.0,11850.0,USD,asking,2026-04-12,,,,,,,,Craft & Tailored,craft_and_tailored,dealer,https://craftandtailored.com/products/1987-rolex-gmt-master-ref-16750-pepsi-1,8050785419373,2026-08-10T20:59:24+00:00
Bulova,,2969,1969.0,1500.0,USD,asking,2026-04-09,,,,,,,,Craft & Tailored,craft_and_tailored,dealer,https://craftandtailored.com/products/1969-bulova-oceanographer-snorkel-m-ref-2969,8049097867373,2026-08-10T20:59:24+00:00
Hamilton,,,1973.0,1500.0,USD,asking,2026-04-09,,,,,,,,Craft & Tailored,craft_and_tailored,dealer,https://craftandtailored.com/products/1973-hamilton-british-royal-army-w10-field-watch,8046915289197,2026-08-10T20:59:24+00:00
Omega,,,1952.0,3150.0,USD,asking,2026-04-09,,,,,,,,Craft & Tailored,craft_and_tailored,dealer,https://craftandtailored.com/products/1952-omega-dress-watch-14k-yg-ref-px-6549-breguet-numeral-dial-w-fancy-lug-case,8047415722093,2026-08-10T20:59:24+00:00
Seiko,,6306-7000,1976.0,1350.0,USD,asking,2026-04-03,,,,,,,,Craft & Tailored,craft_and_tailored,dealer,https://craftandtailored.com/products/1976-seiko-turtle-diver-ref-6306-7000-jdm,8043351867501,2026-08-10T20:59:24+00:00
Jaeger-LeCoultre,,G6B/346,1953.0,8650.0,USD,asking,2026-04-03,,,,,,,,Craft & Tailored,craft_and_tailored,dealer,https://craftandtailored.com/products/1953-jaeger-lecoultre-mark-xi-ref-g6b-346-royal-australian-air-force,8043378049133,2026-08-10T20:59:24+00:00
Omega,,2846-2848,,1450.0,USD,asking,2026-04-02,,,,,,,,Craft & Tailored,craft_and_tailored,dealer,https://craftandtailored.com/products/tropical-1956-omega-seamaster-automatic-ref-2846-2848-1sc-cal-500,8042872111213,2026-08-10T20:59:24+00:00
Seiko,,6138-0040,,1500.0,USD,asking,2026-04-02,,,,,,,,Craft & Tailored,craft_and_tailored,dealer,https://craftandtailored.com/products/1977-seiko-automatic-speedtimer-chronograph-bullhead-ref-6138-0040-brown-dial,8042253975661,2026-08-10T20:59:24+00:00
Heuer,,CS3110,,4150.0,USD,asking,2026-04-02,,,,,,,,Craft & Tailored,craft_and_tailored,dealer,https://craftandtailored.com/products/1990s-tag-heuer-carrera-30-re-edition-ref-cs3110-blue-decimeter-dial,8042257481837,2026-08-10T20:59:24+00:00
Heuer,,844/3,,2500.0,USD,asking,2026-04-01,,,,,,,,Craft & Tailored,craft_and_tailored,dealer,https://craftandtailored.com/products/1980s-heuer-professional-diver-ref-844-3-monnin-case,8042231169133,2026-08-10T20:59:24+00:00
Rolex,,278274,2022.0,15000.0,USD,asking,2026-03-31,,,,,,,,Craft & Tailored,craft_and_tailored,dealer,https://craftandtailored.com/products/2022-rolex-ladies-datejust-ref-278274-blue-floral-motif-diamond-dial-w-full-set,8041342304365,2026-08-10T20:59:24+00:00
Omega,,145.014,,3650.0,USD,asking,2026-03-31,,,,,,,,Craft & Tailored,craft_and_tailored,dealer,https://craftandtailored.com/products/tropical-1970-omega-speedmaster-professional-mark-ii-ref-145-014-cal-861-w-telemetre-crystal,7801905348717,2026-08-10T20:59:24+00:00
Rolex,,1680,1978.0,13950.0,USD,asking,2026-03-31,,,,,,,,Craft & Tailored,craft_and_tailored,dealer,https://craftandtailored.com/products/1978-rolex-submariner-ref-1680-mk-i-dial,8041267626093,2026-08-10T20:59:24+00:00
Zodiac,,73623,,3000.0,USD,asking,2026-03-31,,,,,,,,Craft & Tailored,craft_and_tailored,dealer,https://craftandtailored.com/products/1960s-clebar-zodiac-chronograph-ref-73623-852-883-made-by-heuer-w-box,8041234595949,2026-08-10T20:59:24+00:00
Rolex,,14060,1991.0,9750.0,USD,asking,2026-03-31,,,,,,,,Craft & Tailored,craft_and_tailored,dealer,https://craftandtailored.com/products/1991-rolex-submariner-ref-14060-w-box-papers,8041214902381,2026-08-10T20:59:24+00:00
Omega,,145.022,1973.0,4650.0,USD,asking,2026-03-30,,,,,,,,Craft & Tailored,craft_and_tailored,dealer,https://craftandtailored.com/products/1973-omega-speedmaster-professional-ref-145-022-cal-861,8040327315565,2026-08-10T20:59:24+00:00
Omega,,14381,1961.0,5000.0,USD,asking,2026-03-30,,,,,,,,Craft & Tailored,craft_and_tailored,dealer,https://craftandtailored.com/products/1961-omega-constellation-18k-yg-ref-14381-2-sc-cal-551-champagne-dial,7654215843949,2026-08-10T20:59:24+00:00
Rolex,,16014,1987.0,4750.0,USD,asking,2026-03-30,,,,,,,,Craft & Tailored,craft_and_tailored,dealer,https://craftandtailored.com/products/1987-rolex-datejust-ref-16014-silver-dial,8040246607981,2026-08-10T20:59:24+00:00
Audemars Piguet,,15510OR,,65000.0,USD,asking,2026-03-20,,,,,,,preowned,Craft & Tailored,craft_and_tailored,dealer,https://craftandtailored.com/products/mint-2022-audemars-piguet-royal-oak-oak-18k-rg-ref-15510or-blue-dial-w-full-set,8029748363373,2026-08-10T20:59:24+00:00
Rolex,,16220,,5850.0,USD,asking,2026-03-20,,,,,,,,Craft & Tailored,craft_and_tailored,dealer,https://craftandtailored.com/products/1991-rolex-datejust-ref-16220-silver-dial,8029737091181,2026-08-10T20:59:24+00:00
Omega,,2846,,1650.0,USD,asking,2026-03-19,,,,,,,,Craft & Tailored,craft_and_tailored,dealer,https://craftandtailored.com/products/1958-omega-seamaster-automatic-ref-2846-10sc-cal-501,6626212118637,2026-08-10T20:59:24+00:00
Rolex,,1601,1968.0,4750.0,USD,asking,2026-03-19,,,,,,,,Craft & Tailored,craft_and_tailored,dealer,https://craftandtailored.com/products/1968-rolex-two-tone-datejust-ref-1601-grey-dial,8028449767533,2026-08-10T20:59:24+00:00
Rolex,,16610,1991.0,9950.0,USD,asking,2026-03-19,,,,,,,,Craft & Tailored,craft_and_tailored,dealer,https://craftandtailored.com/products/1991-rolex-submariner-ref-16610-creamy-patina-w-box-papers,8028433940589,2026-08-10T20:59:24+00:00
Omega,,2627-2,1952.0,2150.0,USD,asking,2026-03-19,,,,,,,,Craft & Tailored,craft_and_tailored,dealer,https://craftandtailored.com/products/1952-omega-seamaster-calendar-ref-2627-2-silver-dial,8025383370861,2026-08-10T20:59:24+00:00
Rolex,,1601,1974.0,4850.0,USD,asking,2026-03-18,,,,,,,,Craft & Tailored,craft_and_tailored,dealer,https://craftandtailored.com/products/1974-rolex-two-tone-datejust-ref-1601-champagne-wide-boy-dial,8025701580909,2026-08-10T20:59:24+00:00
Other,,,,8000.0,USD,asking,2026-03-18,,,,,,,,Craft & Tailored,craft_and_tailored,dealer,https://craftandtailored.com/products/1970s-yves-saint-laurent-reverso-18k-yg,8019597197421,2026-08-10T20:59:24+00:00
Rolex,,5500,1970.0,3650.0,USD,asking,2026-03-18,,,,,,,,Craft & Tailored,craft_and_tailored,dealer,https://craftandtailored.com/products/1970-rolex-air-king-ref-5500-metallic-silver-dial,8025336578157,2026-08-10T20:59:24+00:00
Rolex,,16220,1996.0,5950.0,USD,asking,2026-03-18,,,,,,,,Craft & Tailored,craft_and_tailored,dealer,https://craftandtailored.com/products/1996-rolex-datejust-ref-16220-black-dial-w-rsc-papers,8025260294253,2026-08-10T20:59:24+00:00
Omega,,3590.50,1991.0,4500.0,USD,asking,2026-03-17,,,,,,,,Craft & Tailored,craft_and_tailored,dealer,https://craftandtailored.com/products/1991-omega-speedmaster-professional-ref-3590-50-mustache-dial,8023818862701,2026-08-10T20:59:24+00:00
IWC,,3241,1995.0,5500.0,USD,asking,2026-03-17,,,,,,,,Craft & Tailored,craft_and_tailored,dealer,https://craftandtailored.com/products/1995-iwc-mark-xii-ref-3241-mk-i-dial-w-guarantee-card-iwc-service-history,8023071031405,2026-08-10T20:59:24+00:00
Rolex,,126000,2023.0,11500.0,USD,asking,2026-03-16,,,,,,,preowned,Craft & Tailored,craft_and_tailored,dealer,https://craftandtailored.com/products/2023-rolex-oyster-perpetual-36-ref-126000-pink-dial-w-full-set,8023132766317,2026-08-10T20:59:24+00:00
Rolex,,5513,1987.0,9950.0,USD,asking,2026-03-16,,,,,,,,Craft & Tailored,craft_and_tailored,dealer,https://craftandtailored.com/products/1987-rolex-submariner-ref-5513-r-serial-1,8023014408301,2026-08-10T20:59:24+00:00
Tudor,,94010,1980.0,11000.0,USD,asking,2026-03-13,,,,,,,,Craft & Tailored,craft_and_tailored,dealer,https://craftandtailored.com/products/1980-tudor-snowflake-submariner-ref-94010-black-dial,8020016234605,2026-08-10T20:59:24+00:00
Rolex,,1600,1968.0,5000.0,USD,asking,2026-03-13,,,,,,,,Craft & Tailored,craft_and_tailored,dealer,https://craftandtailored.com/products/1968-rolex-datejust-ref-1600-silver-dial-w-rsc-japan-paperwork,8020075151469,2026-08-10T20:59:24+00:00
Cartier,,96054,,14000.0,USD,asking,2026-03-13,,,,,,,,Craft & Tailored,craft_and_tailored,dealer,https://craftandtailored.com/products/1980s-cartier-paris-santos-dumont-18k-yg-ref-96054-extra-plate-1,8020007616621,2026-08-10T20:59:24+00:00
Other,,,,3950.0,USD,asking,2026-03-13,,,,,,,,Craft & Tailored,craft_and_tailored,dealer,https://craftandtailored.com/products/2000s-gevril-tribeca-chronograph-rco-style-dial,8001509851245,2026-08-10T20:59:24+00:00
Rolex,,1601,1970.0,4850.0,USD,asking,2026-03-12,,,,,,,,Craft & Tailored,craft_and_tailored,dealer,https://craftandtailored.com/products/1970-rolex-datejust-ref-1601-non-luminous-silver-linen-dial-3,8019117506669,2026-08-10T20:59:24+00:00
Tudor,,79180,1994.0,5500.0,USD,asking,2026-03-12,,,,,,,,Craft & Tailored,craft_and_tailored,dealer,https://craftandtailored.com/products/1994-tudor-big-block-chronograph-ref-79180-black-dial,8015003811949,2026-08-10T20:59:24+00:00
Rolex,,5513,1972.0,14250.0,USD,asking,2026-03-11,,,,,,,,Craft & Tailored,craft_and_tailored,dealer,https://craftandtailored.com/products/1972-rolex-submariner-ref-5513-non-serif-dial-1,8014315487341,2026-08-10T20:59:24+00:00
Rolex,,69173,1990.0,7950.0,USD,asking,2026-03-11,,,,,,,,Craft & Tailored,craft_and_tailored,dealer,https://craftandtailored.com/products/1990-rolex-ladies-two-tone-datejust-ref-69173-silver-tiffany-co-diamond-dial,8014219477101,2026-08-10T20:59:24+00:00
Seiko,,6105-8000,1970.0,1950.0,USD,asking,2026-03-11,,,,,,,,Craft & Tailored,craft_and_tailored,dealer,https://craftandtailored.com/products/1970-seiko-automatic-diver-ref-6105-8000-proof-proof,8014127988845,2026-08-10T20:59:24+00:00
Omega,,168.005,1966.0,1950.0,USD,asking,2026-03-11,,,,,,,,Craft & Tailored,craft_and_tailored,dealer,https://craftandtailored.com/products/1966-omega-constellation-ref-168-005-silver-dial,8012045582445,2026-08-10T20:59:24+00:00
Rolex,,17000,1984.0,6500.0,USD,asking,2026-03-10,,,,,,,,Craft & Tailored,craft_and_tailored,dealer,https://craftandtailored.com/products/1984-rolex-oysterquartz-datejust-ref-17000-buckley-dial,6545558601837,2026-08-10T20:59:24+00:00
IWC,,9230,,18000.0,USD,asking,2026-03-10,,,,,,,,Craft & Tailored,craft_and_tailored,dealer,https://craftandtailored.com/products/1980s-iwc-ingenieur-18k-yg-ref-9230-black-dial,8011930599533,2026-08-10T20:59:24+00:00
Blancpain,,5008-11B30-NABA,2021.0,27250.0,USD,asking,2026-03-09,,,,,,,,Craft & Tailored,craft_and_tailored,dealer,https://craftandtailored.com/products/2021-blancpain-fifty-fathoms-mil-spec-ref-5008-11b30-naba-hodinkee-limited-edition-w-full-set,8011175526509,2026-08-10T20:59:24+00:00
Rolex,,18239,1995.0,43500.0,USD,asking,2026-03-09,,,,,,,preowned,Craft & Tailored,craft_and_tailored,dealer,https://craftandtailored.com/products/1995-rolex-day-date-18k-wg-ref-18239-sapphire-teardrop-dial,8011148296301,2026-08-10T20:59:24+00:00
Other,,R005/2,,5500.0,USD,asking,2026-03-09,,,,,,,preowned,Craft & Tailored,craft_and_tailored,dealer,https://craftandtailored.com/products/2020s-gevril-tribeca-chronograph-rco-style-dial-w-box-papers,8011140333677,2026-08-10T20:59:24+00:00
Rolex,,1675,1978.0,55000.0,USD,asking,2026-03-06,,,,,,,,Craft & Tailored,craft_and_tailored,dealer,https://craftandtailored.com/products/1978-rolex-gmt-master-ref-1675-mk-ii-dial-blueberry,8001520599149,2026-08-10T20:59:24+00:00
Hamilton,,921980,,1350.0,USD,asking,2026-03-04,,,,,,,,Craft & Tailored,craft_and_tailored,dealer,https://craftandtailored.com/products/1980s-hamilton-khaki-field-watch-ref-921980-l-l-bean-1,8001559494765,2026-08-10T20:59:24+00:00
Audemars Piguet,,56175ST,1990.0,17800.0,USD,asking,2026-03-02,,,,,,,,Craft & Tailored,craft_and_tailored,dealer,https://craftandtailored.com/products/unpolished-1990s-audemars-piguet-royal-oak-two-tone-quartz-ref-56303sa-champagne-diamond-dial-copy,7997416308845,2026-08-10T20:59:24+00:00
Rolex,,6263,1983.0,89500.0,USD,asking,2026-02-23,,,,,,,preowned,Craft & Tailored,craft_and_tailored,dealer,https://craftandtailored.com/products/1983-rolex-daytona-ref-6263-silver-big-red-dial,7987694895213,2026-08-10T20:59:24+00:00
Tudor,,79930,2025.0,3250.0,USD,asking,2026-02-23,,,,,,,,Craft & Tailored,craft_and_tailored,dealer,https://craftandtailored.com/products/2025-tudor-ranger-36-ref-79930-black-dial-w-full-set,7987658293357,2026-08-10T20:59:24+00:00
Rolex,,1603,1973.0,4250.0,USD,asking,2026-02-20,,,,,,,,Craft & Tailored,craft_and_tailored,dealer,https://craftandtailored.com/products/1973-rolex-datejust-ref-1603-silver-linen-dial,7985166123117,2026-08-10T20:59:24+00:00
Rolex,,1601,1972.0,4650.0,USD,asking,2026-02-19,,,,,,,,Craft & Tailored,craft_and_tailored,dealer,https://craftandtailored.com/products/1971-rolex-two-tone-datejust-ref-1601-champagne-linen-dial,7984385753197,2026-08-10T20:59:24+00:00
Rolex,,1675,1967.0,23500.0,USD,asking,2026-02-19,,,,,,,,Craft & Tailored,craft_and_tailored,dealer,https://craftandtailored.com/products/1967-rolex-gmt-master-ref-1675-mk-i-long-e-dial,7984377462893,2026-08-10T20:59:24+00:00
Rolex,,6265,1978.0,87500.0,USD,asking,2026-02-19,,,,,,,preowned,Craft & Tailored,craft_and_tailored,dealer,https://craftandtailored.com/products/1978-rolex-daytona-ref-6265-black-floating-big-red-dial,7984354066541,2026-08-10T20:59:24+00:00
Rolex,,1018,1968.0,3850.0,USD,asking,2026-02-17,,,,,,,,Craft & Tailored,craft_and_tailored,dealer,https://craftandtailored.com/products/1968-rolex-oyster-perpetual-36mm-case-ref-1018-silver-dial,7981828079725,2026-08-10T20:59:24+00:00
DOXA,,11899,,2500.0,USD,asking,2026-02-17,,,,,,,,Craft & Tailored,craft_and_tailored,dealer,https://craftandtailored.com/products/1960s-doxa-sub-300t-sharkhunter,4854254993517,2026-08-10T20:59:24+00:00
Patek Philippe,,5066A,1998.0,65000.0,USD,asking,2026-02-17,,,,,,,,Craft & Tailored,craft_and_tailored,dealer,https://craftandtailored.com/products/1998-patek-philippe-aquanaut-japan-edition-ref-5066a-blue-dial-w-archive-extract-on-order,7981717749869,2026-08-10T20:59:24+00:00
Rolex,,1680,1979.0,13000.0,USD,asking,2026-02-17,,,,,,,preowned,Craft & Tailored,craft_and_tailored,dealer,https://craftandtailored.com/products/1979-rolex-submariner-ref-1689,6795784880237,2026-08-10T20:59:24+00:00
Seiko,,SLGB003,2025.0,9150.0,USD,asking,2026-02-17,,,,,,,,Craft & Tailored,craft_and_tailored,dealer,https://craftandtailored.com/products/2025-grand-seiko-evolution-9-ufa-titanium-ref-slgb003-9rb2-0aa0-ice-blue-dial-w-full-set,7981208764525,2026-08-10T20:59:24+00:00
IWC,,IW500114,,5400.0,USD,asking,2026-02-16,,,,,,,,Craft & Tailored,craft_and_tailored,dealer,https://craftandtailored.com/products/2010s-iwc-portugieser-7-day-ref-iw500114-silver-dial-w-iwc-leather-case,7980367642733,2026-08-10T20:59:24+00:00
Vacheron Constantin,,,,6500.0,USD,asking,2026-02-16,,,,,,,,Craft & Tailored,craft_and_tailored,dealer,https://craftandtailored.com/products/1940s-vacheron-constantin-dress-watch-18k-rg-cal-v454,7980293619821,2026-08-10T20:59:24+00:00
Tudor,,M79360N-0024,2025.0,9850.0,USD,asking,2026-02-13,,,,,,,,Craft & Tailored,craft_and_tailored,dealer,https://craftandtailored.com/products/2025-tudor-black-bay-chrono-ref-m79360n-0024-blue-dial-w-full-set,7977076850797,2026-08-10T20:59:24+00:00
Rolex,,5500,1973.0,4350.0,USD,asking,2026-02-13,,,,,,,,Craft & Tailored,craft_and_tailored,dealer,https://craftandtailored.com/products/1973-rolex-air-king-ref-5500-silver-linen-dial-w-full-set-rolex-service-paperwork,7977012887661,2026-08-10T20:59:24+00:00
Rolex,,6246,1955.0,68750.0,USD,asking,2026-02-12,,,,,,,preowned,Craft & Tailored,craft_and_tailored,dealer,https://craftandtailored.com/products/1955-rolex-oyster-precision-ref-6246-black-honeycomb-stelline-dial,7973278417005,2026-08-10T20:59:24+00:00
Rolex,,134300,2025.0,14500.0,USD,asking,2026-02-11,,,,,,,,Craft & Tailored,craft_and_tailored,dealer,https://craftandtailored.com/products/2025-rolex-oyster-perpetual-41-ref-134300-pistachio-dial-w-full-set,7973354766445,2026-08-10T20:59:24+00:00
Seiko,,SBGW285,2025.0,3950.0,USD,asking,2026-02-10,,,,,,,,Craft & Tailored,craft_and_tailored,dealer,https://craftandtailored.com/products/2025-grand-seiko-elegance-byoka-ref-sbgw265-9s64-00z0-green-linen-dial-w-full-set,7971242573933,2026-08-10T20:59:24+00:00
Tudor,,7939A1A0RU,2025.0,3950.0,USD,asking,2026-02-06,,,,,,,,Craft & Tailored,craft_and_tailored,dealer,https://craftandtailored.com/products/2025-tudor-black-bay-58-cranberry-ref-7939a1a0ru-w-box-papers,7968982761581,2026-08-10T20:59:24+00:00
A. Lange & Söhne,,,,10000.0,USD,asking,2026-02-06,,,,,,,,Craft & Tailored,craft_and_tailored,dealer,https://craftandtailored.com/products/1898-a-lange-sohne-lange-pocket-watch-14k-rg-w-box-papers-sales-receipt-extract-from-the-archives,7968093339757,2026-08-10T20:59:24+00:00
Tudor,,79377KN,2025.0,8750.0,USD,asking,2026-02-05,,,,,,,,Craft & Tailored,craft_and_tailored,dealer,https://craftandtailored.com/products/2025-tudor-black-bay-chronograph-carbon-ref-79377kn-w-full-set,7957400551533,2026-08-10T20:59:24+00:00
Piaget,,612104,,24750.0,USD,asking,2026-02-05,,,,,,,preowned,Craft & Tailored,craft_and_tailored,dealer,https://craftandtailored.com/products/1970s-piaget-altiplano-dual-time-18k-wg-ref-612104-asprey-guilloche-dial,7968005226605,2026-08-10T20:59:24+00:00
IWC,,3706,,4650.0,USD,asking,2026-02-03,,,,,,,,Craft & Tailored,craft_and_tailored,dealer,https://craftandtailored.com/products/1990s-iwc-flieger-chronograph-ref-3706-w-box-papers,7966104551533,2026-08-10T20:59:24+00:00
Rolex,,16523,1996.0,24000.0,USD,asking,2026-02-03,,,,,,,,Craft & Tailored,craft_and_tailored,dealer,https://craftandtailored.com/products/1996-rolex-two-tone-zenith-daytona-ref-16523-champagne-mk-iv-dial-w-box-papers-original-sales-receipt,7880098480237,2026-08-10T20:59:24+00:00
Rolex,,1601,1970.0,6500.0,USD,asking,2026-02-03,,,,,,,,Craft & Tailored,craft_and_tailored,dealer,https://craftandtailored.com/products/1970-rolex-datejust-ref-1601-black-confetti-dial-2,7966055989357,2026-08-10T20:59:24+00:00
Heuer,,73655CH,,5000.0,USD,asking,2026-02-02,,,,,,,,Craft & Tailored,craft_and_tailored,dealer,https://craftandtailored.com/products/unpolished-1970s-heuer-carrera-16k-gold-plated-ref-73655ch-first-execution,7965642686573,2026-08-10T20:59:24+00:00
Rolex,,124300,2020.0,23500.0,USD,asking,2026-02-02,,,,,,,,Craft & Tailored,craft_and_tailored,dealer,https://craftandtailored.com/products/2020-rolex-oyster-perpetual-41-ref-124300-tiffany-blue-dial-w-rolex-warranty-card-hang-tags,7681043988589,2026-08-10T20:59:24+00:00
Seiko,,6138-0012,1978.0,850.0,USD,asking,2026-01-30,,,,,,,,Craft & Tailored,craft_and_tailored,dealer,https://craftandtailored.com/products/1978-seiko-automatic-chronograph-ref-6138-0011-ufo,7963309310061,2026-08-10T20:59:24+00:00
Rolex,,1600,1975.0,4850.0,USD,asking,2026-01-29,,,,,,,,Craft & Tailored,craft_and_tailored,dealer,https://craftandtailored.com/products/1975-rolex-datejust-ref-1600-silver-sigma-dial-2,7963034812525,2026-08-10T20:59:24+00:00
Rolex,,16570,1991.0,7950.0,USD,asking,2026-01-29,,,,,,,,Craft & Tailored,craft_and_tailored,dealer,https://craftandtailored.com/products/1991-rolex-explorer-ii-ref-16570-polar-dial-w-box-rolex-service-center-paperwork,7962838827117,2026-08-10T20:59:24+00:00
Universal Geneve,,884100/02,,23650.0,USD,asking,2026-01-28,,,,,,,,Craft & Tailored,craft_and_tailored,dealer,https://craftandtailored.com/products/1960s-universal-geneve-uni-compax-ref-884100-02-big-eye,7961986695277,2026-08-10T20:59:24+00:00
Rolex,,14060,1995.0,10500.0,USD,asking,2026-01-28,,,,,,,,Craft & Tailored,craft_and_tailored,dealer,https://craftandtailored.com/products/1995-rolex-submariner-ref-14060-w-box-papers-1,7961910935661,2026-08-10T20:59:24+00:00
Rolex,,16233,1995.0,7200.0,USD,asking,2026-01-27,,,,,,,,Craft & Tailored,craft_and_tailored,dealer,https://craftandtailored.com/products/1995-rolex-datejust-ref-16233,7961073975405,2026-08-10T20:59:24+00:00
Universal Geneve,,885103/02,1967.0,26500.0,USD,asking,2026-01-27,,,,,,,,Craft & Tailored,craft_and_tailored,dealer,https://craftandtailored.com/products/1967-universal-geneve-compax-ref-885103-02-mk-i-dial-nina-rindt,7961078693997,2026-08-10T20:59:24+00:00
Rolex,,5513,,11450.0,USD,asking,2026-01-26,,,,,,,,Craft & Tailored,craft_and_tailored,dealer,https://craftandtailored.com/products/unpolished-1988-rolex-submariner-ref-5513-spider-dial-r-serial,7960135794797,2026-08-10T20:59:24+00:00
Rolex,,6265,1978.0,200000.0,USD,asking,2026-01-23,,,,,,,,Craft & Tailored,craft_and_tailored,dealer,https://craftandtailored.com/products/1978-rolex-daytona-18k-yg-ref-6265-champagne-dial-w-box-papers,7958393978989,2026-08-10T20:59:24+00:00
Rolex,,1675,1973.0,14850.0,USD,asking,2026-01-23,,,,,,,,Craft & Tailored,craft_and_tailored,dealer,https://craftandtailored.com/products/1973-rolex-gmt-master-ref-1675-mk-iv-dial,7958317760621,2026-08-10T20:59:24+00:00
Rolex,,5513,,12500.0,USD,asking,2026-01-22,,,,,,,,Craft & Tailored,craft_and_tailored,dealer,https://craftandtailored.com/products/1989-rolex-submariner-ref-5513-l-serial-4,7957189001325,2026-08-10T20:59:24+00:00
Rolex,,1675,1965.0,20500.0,USD,asking,2026-01-22,,,,,,,,Craft & Tailored,craft_and_tailored,dealer,https://craftandtailored.com/products/1965-rolex-gmt-master-ref-1675-gilt-dial-1,7956732444781,2026-08-10T20:59:24+00:00
Rolex,,1602,1967.0,60000.0,USD,asking,2026-01-21,,,,,,,,Craft & Tailored,craft_and_tailored,dealer,https://craftandtailored.com/products/1967-rolex-datejust-18k-yg-ref-1602-onyx-stone-dial-w-rare-mesh-bracelet,7956509622381,2026-08-10T20:59:24+00:00
Jaeger-LeCoultre,,,,1600.0,USD,asking,2026-01-21,,,,,,,,Craft & Tailored,craft_and_tailored,dealer,https://craftandtailored.com/products/1970s-lecoultre-master-mariner-automatic-ref-e-569-silver-dial,7956523253869,2026-08-10T20:59:24+00:00
Rolex,,1601,1975.0,4050.0,USD,asking,2026-01-20,,,,,,,,Craft & Tailored,craft_and_tailored,dealer,https://craftandtailored.com/products/1975-rolex-two-tone-datejust-ref-1601-silver-sigma-dial,7955932610669,2026-08-10T20:59:24+00:00
Omega,,145.022-69,,5850.0,USD,asking,2026-01-20,,,,,,,,Craft & Tailored,craft_and_tailored,dealer,https://craftandtailored.com/products/transitional-1971-omega-speedmaster-professional-ref-145-022-69-st-cal-861-220-error-bezel,7955888930925,2026-08-10T20:59:24+00:00
Omega,,14381,1960.0,2750.0,USD,asking,2026-01-16,,,,,,,,Craft & Tailored,craft_and_tailored,dealer,https://craftandtailored.com/products/1960-omega-constellation-ref-14381-8-sc-stepped-two-tone-pie-pan-dial,7953370251373,2026-08-10T20:59:24+00:00
Omega,,196.0039,1974.0,2750.0,USD,asking,2026-01-16,,,,,,,,Craft & Tailored,craft_and_tailored,dealer,https://craftandtailored.com/products/1974-omega-time-computer-2-gold-plate-ref-196-0039-w-box-papers,7951285747821,2026-08-10T20:59:24+00:00
Rolex,,116400V,2013.0,9400.0,USD,asking,2026-01-15,,,,,,,,Craft & Tailored,craft_and_tailored,dealer,https://craftandtailored.com/products/2010-rolex-milgauss-ref-116400v-black-dial-w-full-set,7651333210221,2026-08-10T20:59:24+00:00
Universal Geneve,,204612/1,,2850.0,USD,asking,2026-01-11,,,,,,,,Craft & Tailored,craft_and_tailored,dealer,https://craftandtailored.com/products/1960s-universal-geneve-polerouter-date-ref-204612-1-silver-dial,7948874776685,2026-08-10T20:59:24+00:00
Omega,,166.022,,750.0,USD,asking,2026-01-09,,,,,,,,Craft & Tailored,craft_and_tailored,dealer,https://craftandtailored.com/products/1970s-omega-seamaster-cosmic-gold-plated-ref-166-022-crosshair-dial,7947942756461,2026-08-10T20:59:24+00:00
Heuer,,984.013N,,2750.0,USD,asking,2026-01-09,,,,,,,,Craft & Tailored,craft_and_tailored,dealer,https://craftandtailored.com/products/1980s-tag-heuer-1000-diver-gold-plated-ref-984-013n-wolf-of-wall-street,7947423154285,2026-08-10T20:59:24+00:00
Rolex,,1601,1974.0,4250.0,USD,asking,2026-01-08,,,,,,,,Craft & Tailored,craft_and_tailored,dealer,https://craftandtailored.com/products/1974-rolex-datejust-ref-1601-silver-dial,7947401986157,2026-08-10T20:59:24+00:00
Omega,,135.003-62-SC,1962.0,1350.0,USD,asking,2026-01-07,,,,,,,,Craft & Tailored,craft_and_tailored,dealer,https://craftandtailored.com/products/1962-omega-seamaster-ref-135-003-62-sc-silver-dial,7946688987245,2026-08-10T20:59:24+00:00
Seiko,,6306-7001,1978.0,925.0,USD,asking,2026-01-07,,,,,,,,Craft & Tailored,craft_and_tailored,dealer,https://craftandtailored.com/products/1978-seiko-turtle-diver-ref-6306-7001-jdm-2,7946677125229,2026-08-10T20:59:24+00:00
Omega,,166.028,1967.0,1500.0,USD,asking,2026-01-06,,,,,,,,Craft & Tailored,craft_and_tailored,dealer,https://craftandtailored.com/products/1967-omega-seamaster-automatic-gold-cap-ref-168-022-cal-563,7945836396653,2026-08-10T20:59:24+00:00
Seiko,,6105-8110,1976.0,1850.0,USD,asking,2026-01-06,,,,,,,,Craft & Tailored,craft_and_tailored,dealer,https://craftandtailored.com/products/1976-seiko-diver-ref-6105-8110-captain-willard-2,7945812770925,2026-08-10T20:59:24+00:00
Rolex,,1601,1972.0,27500.0,USD,asking,2026-01-05,,,,,,,,Craft & Tailored,craft_and_tailored,dealer,https://craftandtailored.com/products/1972-rolex-datejust-18k-rg-ref-1601,7882986389613,2026-08-10T20:59:24+00:00
Vacheron Constantin,,4600E,,8500.0,USD,asking,2026-01-05,,,,,,,,Craft & Tailored,craft_and_tailored,dealer,https://craftandtailored.com/products/2020s-vacheron-constantin-fiftysix-ref-4600e-blue-dial,7945273376877,2026-08-10T20:59:24+00:00
Omega,,2438-3,1944.0,1500.0,USD,asking,2026-01-05,,,,,,,,Craft & Tailored,craft_and_tailored,dealer,https://craftandtailored.com/products/1944-omega-dress-watch-ref-2438-3-bumper-movement,7945265283181,2026-08-10T20:59:24+00:00
Rolex,,6917,1976.0,16500.0,USD,asking,2026-01-02,,,,,,,,Craft & Tailored,craft_and_tailored,dealer,https://craftandtailored.com/products/1976-rolex-ladies-datejust-18k-yg-ref-6917-lapis-stone-dial,7943857143917,2026-08-10T20:59:24+00:00
Rolex,,6694,1970.0,2850.0,USD,asking,2026-01-01,,,,,,,,Craft & Tailored,craft_and_tailored,dealer,https://craftandtailored.com/products/1970-rolex-oysterdate-precision-ref-6694-silver-dial,7941461999725,2026-08-10T20:59:24+00:00
Rolex,,1601,1973.0,4650.0,USD,asking,2026-01-01,,,,,,,,Craft & Tailored,craft_and_tailored,dealer,https://craftandtailored.com/products/1973-rolex-two-tone-datejust-ref-1601-silver-sigma-dial,7941459738733,2026-08-10T20:59:24+00:00
Rolex,,16800,1985.0,9750.0,USD,asking,2025-12-27,,,,,,,,Craft & Tailored,craft_and_tailored,dealer,https://craftandtailored.com/products/1985-rolex-submariner-ref-16800-w-box-papers,7937391296621,2026-08-10T20:59:24+00:00
Rolex,,16234,,7500.0,USD,asking,2025-12-22,,,,,,,,Craft & Tailored,craft_and_tailored,dealer,https://craftandtailored.com/products/tropical-1997-rolex-datejust-ref-16234-tritinova-dial,7933345824877,2026-08-10T20:59:24+00:00
Rolex,,1603,1975.0,4850.0,USD,asking,2025-12-22,,,,,,,,Craft & Tailored,craft_and_tailored,dealer,https://craftandtailored.com/products/1975-rolex-datejust-ref-1603-silver-sigma-dial-w-rolex-service-card,7933333602413,2026-08-10T20:59:24+00:00
Rolex,,5513,1983.0,14850.0,USD,asking,2025-12-22,,,,,,,,Craft & Tailored,craft_and_tailored,dealer,https://craftandtailored.com/products/1983-rolex-submariner-ref-5513-mk-iv-maxi-dial-4,7933336191085,2026-08-10T20:59:24+00:00
Omega,,2846-1SC,,1450.0,USD,asking,2025-12-19,,,,,,,,Craft & Tailored,craft_and_tailored,dealer,https://craftandtailored.com/products/tropical-1954-omega-seamaster-automatic-ref-2846-1sc-cal-500,7931194179693,2026-08-10T20:59:24+00:00
Omega,,14381,1961.0,2450.0,USD,asking,2025-12-18,,,,,,,,Craft & Tailored,craft_and_tailored,dealer,https://craftandtailored.com/products/1961-omega-constellation-gold-cap-two-tone-ref-14381-11-sc-cal-551-champagne-pie-pan-dial,7930831470701,2026-08-10T20:59:24+00:00
Rolex,,1601,1977.0,4500.0,USD,asking,2025-12-18,,,,,,,,Craft & Tailored,craft_and_tailored,dealer,https://craftandtailored.com/products/1977-rolex-datejust-ref-1601-silver-dial,7930767835245,2026-08-10T20:59:24+00:00
Omega,,145.022-69,,7500.0,USD,asking,2025-12-18,,,,,,,,Craft & Tailored,craft_and_tailored,dealer,https://craftandtailored.com/products/1971-omega-speedmaster-professional-ref-145-022-69-st-cal-861-220-error-bezel,7930518437997,2026-08-10T20:59:24+00:00
Tudor,,79160,1995.0,6500.0,USD,asking,2025-12-18,,,,,,,,Craft & Tailored,craft_and_tailored,dealer,https://craftandtailored.com/products/1995-tudor-big-block-chronograph-ref-79160-silver-dial,7930684899437,2026-08-10T20:59:24+00:00
Rolex,,124273,2025.0,12000.0,USD,asking,2025-12-10,,,,,,,,Craft & Tailored,craft_and_tailored,dealer,https://craftandtailored.com/products/2025-rolex-two-tone-explorer-i-ref-124273-w-full-set,7917777617005,2026-08-10T20:59:24+00:00
Rolex,,16030,1987.0,6000.0,USD,asking,2025-12-10,,,,,,,,Craft & Tailored,craft_and_tailored,dealer,https://craftandtailored.com/products/1987-rolex-datejust-ref-16030-white-buckley-dial,7917701595245,2026-08-10T20:59:24+00:00
Longines,,L1.611.4,,1350.0,USD,asking,2025-12-09,,,,,,,,Craft & Tailored,craft_and_tailored,dealer,https://craftandtailored.com/products/2000s-longines-conquest-heritage-ref-l1-611-4,7916659474541,2026-08-10T20:59:24+00:00
Rolex,,16234,1990.0,6500.0,USD,asking,2025-12-09,,,,,,,,Craft & Tailored,craft_and_tailored,dealer,https://craftandtailored.com/products/1990-rolex-datejust-ref-16234-silver-dial-w-box-papers,7916514377837,2026-08-10T20:59:24+00:00
Rolex,,6265,1976.0,70500.0,USD,asking,2025-12-05,,,,,,,,Craft & Tailored,craft_and_tailored,dealer,https://craftandtailored.com/products/1976-rolex-daytona-ref-6265-black-sigma-dial,7913081012333,2026-08-10T20:59:24+00:00
Other,,6771-H32167,,1250.0,USD,asking,2025-12-04,,,,,,,,Craft & Tailored,craft_and_tailored,dealer,https://craftandtailored.com/products/2000s-shellman-grand-complication-chronograph-ref-6771-h32167-guilloche-dial,7911950418029,2026-08-10T20:59:24+00:00
Wakmann,,1309,,2850.0,USD,asking,2025-12-04,,,,,,,,Craft & Tailored,craft_and_tailored,dealer,https://craftandtailored.com/products/1960s-wakmann-gigandet-triple-calendar-chronograph-ref-1309,7911906279533,2026-08-10T20:59:24+00:00
Rolex,,16610,,9500.0,USD,asking,2025-12-03,,,,,,,,Craft & Tailored,craft_and_tailored,dealer,https://craftandtailored.com/products/unpolished-1989-rolex-submariner-ref-16610-creamy-patina,7911284965485,2026-08-10T20:59:24+00:00
Rolex,,16030,1986.0,4850.0,USD,asking,2025-12-03,,,,,,,,Craft & Tailored,craft_and_tailored,dealer,https://craftandtailored.com/products/1986-rolex-datejust-ref-16030-silver-dial-w-rolex-service-papers,7911280345197,2026-08-10T20:59:24+00:00
Rolex,,1600,1975.0,4950.0,USD,asking,2025-12-01,,,,,,,,Craft & Tailored,craft_and_tailored,dealer,https://craftandtailored.com/products/1975-rolex-datejust-ref-1600-silver-sigma-dial-1,7910048366701,2026-08-10T20:59:24+00:00
Rolex,,16800,1984.0,11450.0,USD,asking,2025-12-01,,,,,,,,Craft & Tailored,craft_and_tailored,dealer,https://craftandtailored.com/products/1984-rolex-submariner-ref-16800-matte-dial-5,7909922046061,2026-08-10T20:59:24+00:00
Rolex,,16014,1986.0,5650.0,USD,asking,2025-12-01,,,,,,,,Craft & Tailored,craft_and_tailored,dealer,https://craftandtailored.com/products/1986-rolex-datejust-ref-16014-silver-dial-w-box-papers,7909906808941,2026-08-10T20:59:24+00:00
Rolex,,14060,1996.0,8350.0,USD,asking,2025-11-28,,,,,,,,Craft & Tailored,craft_and_tailored,dealer,https://craftandtailored.com/products/1996-rolex-submariner-ref-14060,7908699013229,2026-08-10T20:59:24+00:00
Other,,,,1075.0,USD,asking,2025-11-25,,,,,,,,Craft & Tailored,craft_and_tailored,dealer,https://craftandtailored.com/products/1970s-bailey-banks-biddle-sterling-silver-bracelet-watch,7904680411245,2026-08-10T20:59:24+00:00
Jaeger-LeCoultre,,,,8500.0,USD,asking,2025-11-24,,,,,,,,Craft & Tailored,craft_and_tailored,dealer,https://craftandtailored.com/products/1950s-lecoultre-for-van-cleef-arpels-18k-yg-bracelet-watch,7894970564717,2026-08-10T20:59:24+00:00
Rolex,,16800,1982.0,12500.0,USD,asking,2025-11-23,,,,,,,,Craft & Tailored,craft_and_tailored,dealer,https://craftandtailored.com/products/1982-rolex-submariner-ref-16800-matte-dial-copy,7869137125485,2026-08-10T20:59:24+00:00
Cartier,,78099,,5950.0,USD,asking,2025-11-21,,,,,,,,Craft & Tailored,craft_and_tailored,dealer,https://craftandtailored.com/products/1970s-cartier-paris-ceinture-18k-yg-ref-78100,7894787620973,2026-08-10T20:59:24+00:00
Hamilton,,9965,,1650.0,USD,asking,2025-11-20,,,,,,,,Craft & Tailored,craft_and_tailored,dealer,https://craftandtailored.com/products/1992-hamilton-khaki-military-reissue-field-watch-ref-9965,7894004826221,2026-08-10T20:59:24+00:00
Rolex,,6427,1975.0,3450.0,USD,asking,2025-11-19,,,,,,,,Craft & Tailored,craft_and_tailored,dealer,https://craftandtailored.com/products/1975-rolex-oyster-precision-ref-6427-silver-dial,7892903952493,2026-08-10T20:59:24+00:00
Rolex,,1601,1973.0,5250.0,USD,asking,2025-11-19,,,,,,,,Craft & Tailored,craft_and_tailored,dealer,https://craftandtailored.com/products/1972-rolex-datejust-ref-1601-blue-non-luminous-dial,7892903592045,2026-08-10T20:59:24+00:00
Omega,,,1964.0,7500.0,USD,asking,2025-11-19,,,,,,,,Craft & Tailored,craft_and_tailored,dealer,https://craftandtailored.com/products/1964-omega-seamaster-de-ville-14k-yg-ref-kl-6610-w-cartier-cosigned-dial,7892900020333,2026-08-10T20:59:24+00:00
Rolex,,18239,,19000.0,USD,asking,2025-11-19,,,,,,,,Craft & Tailored,craft_and_tailored,dealer,https://craftandtailored.com/products/unpolished-1989-rolex-day-date-18k-wg-ref-18239-silver-dial,7893458583661,2026-08-10T20:59:24+00:00
Rolex,,16528,,97500.0,USD,asking,2025-11-18,,,,,,,preowned,Craft & Tailored,craft_and_tailored,dealer,https://craftandtailored.com/products/unpolished-1991-rolex-zenith-daytona-18k-yg-ref-16528-champagne-mk-iii-tiffany-co-dial,7674434388077,2026-08-10T20:59:24+00:00
Cartier,,78086,,12500.0,USD,asking,2025-11-18,,,,,,,,Craft & Tailored,craft_and_tailored,dealer,https://craftandtailored.com/products/1980s-cartier-paris-tank-lc-ref-78086-18k-wg,7678384111725,2026-08-10T20:59:24+00:00
Patek Philippe,,5040R,2005.0,41500.0,USD,asking,2025-11-18,,,,,,,,Craft & Tailored,craft_and_tailored,dealer,https://craftandtailored.com/products/2005-patek-philippe-perpetual-calendar-moonphase-18k-rg-ref-5040r-w-certificate-or-origin,7805465919597,2026-08-10T20:59:24+00:00
Rolex,,6917,1981.0,12650.0,USD,asking,2025-11-17,,,,,,,,Craft & Tailored,craft_and_tailored,dealer,https://craftandtailored.com/products/1981-rolex-ladies-datejust-18k-yg-ref-6917-lapis-stone-dial,7109944639597,2026-08-10T20:59:24+00:00
Rolex,,19019,1979.0,21500.0,USD,asking,2025-11-14,,,,,,,,Craft & Tailored,craft_and_tailored,dealer,https://craftandtailored.com/products/1979-rolex-oysterquartz-day-date-18k-wg-ref-19019-silver-jubilee-dial-w-factory-diamond-markers,7885189841005,2026-08-10T20:59:24+00:00
Rolex,,1602,1962.0,60000.0,USD,asking,2025-11-14,,,,,,,,Craft & Tailored,craft_and_tailored,dealer,https://craftandtailored.com/products/1962-rolex-datejust-18k-yg-ref-1602-florentine-finish-w-silver-serpico-y-laino-dial-brick-link-bracelet,7883212980333,2026-08-10T20:59:24+00:00
Rolex,,16610,2000.0,18500.0,USD,asking,2025-11-11,,,,,,,,Craft & Tailored,craft_and_tailored,dealer,https://craftandtailored.com/products/2000-rolex-submariner-ref-16610-steve-mcqueen-real-mccoys-limited-edition,7882196615277,2026-08-10T20:59:24+00:00
Rolex,,1665,1981.0,16950.0,USD,asking,2025-11-11,,,,,,,,Craft & Tailored,craft_and_tailored,dealer,https://craftandtailored.com/products/1981-rolex-sea-dweller-great-white-ref-1665-mk-iv-dial,7882134159469,2026-08-10T20:59:24+00:00
Rolex,,69178,1989.0,11500.0,USD,asking,2025-11-10,,,,,,,,Craft & Tailored,craft_and_tailored,dealer,https://craftandtailored.com/products/1989-rolex-ladies-datejust-18k-yg-ref-69178-lapis-stone-dial-w-box-accessories,7879972552813,2026-08-10T20:59:24+00:00
Eterna,,130T,1959.0,1500.0,USD,asking,2025-11-07,,,,,,,,Craft & Tailored,craft_and_tailored,dealer,https://craftandtailored.com/products/1959-eterna-matic-kontiki-ref-130t-silver-dial,7875075014765,2026-08-10T20:59:24+00:00
Tissot,,6436-8,,875.0,USD,asking,2025-11-07,,,,,,,,Craft & Tailored,craft_and_tailored,dealer,https://craftandtailored.com/products/tropical-1940s-tissot-antimagnetique-gold-filled-ref-6436-8-cal-27,7875079405677,2026-08-10T20:59:24+00:00
Rolex,,18378,1995.0,36500.0,USD,asking,2025-11-06,,,,,,,preowned,Craft & Tailored,craft_and_tailored,dealer,https://craftandtailored.com/products/1995-rolex-day-date-18k-yg-ref-18378-factory-ruby-diamond-dial-w-factory-ruby-diamond-bezel,7872340230253,2026-08-10T20:59:24+00:00
Rolex,,1675,1978.0,39500.0,USD,asking,2025-11-06,,,,,,,,Craft & Tailored,craft_and_tailored,dealer,https://craftandtailored.com/products/1978-rolex-gmt-master-18k-yg-ref-1675-black-dial,7872537329773,2026-08-10T20:59:24+00:00
Hamilton,,825001-3,,1350.0,USD,asking,2025-11-06,,,,,,,,Craft & Tailored,craft_and_tailored,dealer,https://craftandtailored.com/products/1970s-hamilton-automatic-day-date-ref-825001-3,7869419159661,2026-08-10T20:59:24+00:00
Movado,,19038,,4650.0,USD,asking,2025-11-04,,,,,,,,Craft & Tailored,craft_and_tailored,dealer,https://craftandtailored.com/products/1950s-movado-chronograph-ref-19038-cal-m95-1,7869128999021,2026-08-10T20:59:24+00:00
Jaeger-LeCoultre,,2052-1,,1200.0,USD,asking,2025-10-29,,,,,,,preowned,Craft & Tailored,craft_and_tailored,dealer,https://craftandtailored.com/products/1950s-lecoultre-wrist-alarm-gold-filled-ref-2052-1-cal-814,7864080466029,2026-08-10T20:59:24+00:00
Rolex,,5513,1965.0,175000.0,USD,asking,2025-10-28,,,,,,,preowned,Craft & Tailored,craft_and_tailored,dealer,https://craftandtailored.com/products/1965-rolex-submariner-ref-5513-gilt-explorer-dial-w-box-papers,7862297165933,2026-08-10T20:59:24+00:00
Rolex,,16234,,11500.0,USD,asking,2025-10-28,,,,,,,,Craft & Tailored,craft_and_tailored,dealer,https://craftandtailored.com/products/tropical-2001-rolex-datejust-ref-16234-supernova-dial,7860593786989,2026-08-10T20:59:24+00:00
Rolex,,5513,1989.0,12500.0,USD,asking,2025-10-24,,,,,,,,Craft & Tailored,craft_and_tailored,dealer,https://craftandtailored.com/products/1989-rolex-submariner-ref-5513-l-serial-7,7857529782381,2026-08-10T20:59:24+00:00
Rolex,,116505,2022.0,59000.0,USD,asking,2025-10-24,,,,,,,,Craft & Tailored,craft_and_tailored,dealer,https://craftandtailored.com/products/2022-rolex-daytona-18k-rg-ref-116505-factory-baguette-diamond-maker-dial-w-full-set,7857622450285,2026-08-10T20:59:24+00:00
Rolex,,116509,,108000.0,USD,asking,2025-10-23,,,,,,,,Craft & Tailored,craft_and_tailored,dealer,https://craftandtailored.com/products/unpolished-2023-rolex-daytona-18k-wg-ref-116509-meteorite-dial-w-full-set,7856390439021,2026-08-10T20:59:24+00:00
Tudor,,94110,1979.0,18500.0,USD,asking,2025-10-23,,,,,,,,Craft & Tailored,craft_and_tailored,dealer,https://craftandtailored.com/products/1979-tudor-snowflake-submariner-ref-94110-blue-dial-w-box-papers,7856503652461,2026-08-10T20:59:24+00:00
Elgin,,,,1750.0,USD,asking,2025-10-22,,,,,,,,Craft & Tailored,craft_and_tailored,dealer,https://craftandtailored.com/products/1950s-lord-elgin-14k-yg-25-year-award-for-buick-motor-co,7855373156461,2026-08-10T20:59:24+00:00
Rolex,,18239,1999.0,53000.0,USD,asking,2025-10-21,,,,,,,,Craft & Tailored,craft_and_tailored,dealer,https://craftandtailored.com/products/1999-rolex-day-date-18k-wg-ref-18239-sapphire-teardrop-dial-w-box,7854161330285,2026-08-10T20:59:24+00:00
Rolex,,16600,,9250.0,USD,asking,2025-10-20,,,,,,,,Craft & Tailored,craft_and_tailored,dealer,https://craftandtailored.com/products/unpolished-1996-rolex-sea-dweller-ref-16600,7852483510381,2026-08-10T20:59:24+00:00
Rolex,,16610LV,2003.0,23500.0,USD,asking,2025-10-20,,,,,,,,Craft & Tailored,craft_and_tailored,dealer,https://craftandtailored.com/products/2003-rolex-green-submariner-kermit-ref-16610lv-mk-i-dial-flat-4-w-full-set,7852359123053,2026-08-10T20:59:24+00:00
Tudor,,2543C1A7NU,2025.0,5500.0,USD,asking,2025-10-17,,,,,,,,Craft & Tailored,craft_and_tailored,dealer,https://craftandtailored.com/products/2025-tudor-pelagos-ultra-titanium-ref-2543c1a7nu-w-box-papers,7849055944813,2026-08-10T20:59:24+00:00
Rolex,,118238,2000.0,19500.0,USD,asking,2025-10-16,,,,,,,,Craft & Tailored,craft_and_tailored,dealer,https://craftandtailored.com/products/2000-rolex-day-date-18k-yg-ref-118238-white-roman-numeral-dial-w-rsc-card,7388486729837,2026-08-10T20:59:24+00:00
Patek Philippe,,5167A,2016.0,99000.0,USD,asking,2025-10-16,,,,,,,,Craft & Tailored,craft_and_tailored,dealer,https://craftandtailored.com/products/2016-patek-philippe-aquanaut-ref-5167a-tiffany-co-w-full-set,7809189085293,2026-08-10T20:59:24+00:00
Jaeger-LeCoultre,,,,1950.0,USD,asking,2025-10-16,,,,,,,,Craft & Tailored,craft_and_tailored,dealer,https://craftandtailored.com/products/1950s-lecoultre-aristocrat-grasshopper-gold-filled,7848374632557,2026-08-10T20:59:24+00:00
Omega,,161.022,1966.0,2650.0,USD,asking,2025-10-16,,,,,,,,Craft & Tailored,craft_and_tailored,dealer,https://craftandtailored.com/products/1966-omega-de-ville-automatic-14k-yg-ref-161-022-cal-711,7848337703021,2026-08-10T20:59:24+00:00
Rolex,,1002,1960.0,6500.0,USD,asking,2025-10-15,,,,,,,,Craft & Tailored,craft_and_tailored,dealer,https://craftandtailored.com/products/unpolished-1960-rolex-oyster-perpetual-14k-yg-ref-1002-silver-dial-w-box-papers,7702197076077,2026-08-10T20:59:24+00:00
Blancpain,,,,48500.0,USD,asking,2025-10-15,,,,,,,,Craft & Tailored,craft_and_tailored,dealer,https://craftandtailored.com/products/1960s-blancpain-fifty-fathoms-aqua-lung-no-radiations,7847161593965,2026-08-10T20:59:24+00:00
Tudor,,79640,2023.0,3500.0,USD,asking,2025-10-15,,,,,,,,Craft & Tailored,craft_and_tailored,dealer,https://craftandtailored.com/products/2023-tudor-black-bay-36-ref-79640-blue-dial-w-box-papers,7846230949997,2026-08-10T20:59:24+00:00
Omega,,3891.50,1994.0,4350.0,USD,asking,2025-10-14,,,,,,,,Craft & Tailored,craft_and_tailored,dealer,https://craftandtailored.com/products/1994-omega-speedmaster-professional-ref-3891-50-apollo-xi-25th-anniversary-w-box,7845522604141,2026-08-10T20:59:24+00:00
Rolex,,1803,1973.0,45750.0,USD,asking,2025-10-13,,,,,,,,Craft & Tailored,craft_and_tailored,dealer,https://craftandtailored.com/products/1973-rolex-day-date-18k-yg-ref-1803-sequoia-wood-dial-w-box-papers,7845426954349,2026-08-10T20:59:24+00:00
Omega,,3950,1950.0,3450.0,USD,asking,2025-10-13,,,,,,,,Craft & Tailored,craft_and_tailored,dealer,https://craftandtailored.com/products/1950-omega-automatic-cioccolatone-14k-yg-cal-342-ref-3950-silver-honeycomb-dial,7843279700077,2026-08-10T20:59:24+00:00
Rolex,,16014,1985.0,4850.0,USD,asking,2025-10-10,,,,,,,,Craft & Tailored,craft_and_tailored,dealer,https://craftandtailored.com/products/1985-rolex-datejust-ref-16014-silver-dial-1,7843269771373,2026-08-10T20:59:24+00:00
Rolex,,14060,1991.0,8950.0,USD,asking,2025-10-10,,,,,,,,Craft & Tailored,craft_and_tailored,dealer,https://craftandtailored.com/products/1991-rolex-submariner-ref-14062,7843161702509,2026-08-10T20:59:24+00:00
Rolex,,126234,2025.0,13350.0,USD,asking,2025-10-10,,,,,,,,Craft & Tailored,craft_and_tailored,dealer,https://craftandtailored.com/products/2025-rolex-datejust-ref-126234-wimbledon-dial-w-full-set,7842019639405,2026-08-10T20:59:24+00:00
Rolex,,1603,1968.0,6500.0,USD,asking,2025-10-09,,,,,,,,Craft & Tailored,craft_and_tailored,dealer,https://craftandtailored.com/products/1968-rolex-datejust-ref-1603-black-confetti-dial,7841977008237,2026-08-10T20:59:24+00:00
Rolex,,18296,1995.0,25950.0,USD,asking,2025-10-09,,,,,,,,Craft & Tailored,craft_and_tailored,dealer,https://craftandtailored.com/products/1996-rolex-day-date-platinum-ref-18296-factory-diamond-lugs-w-diamond-myriad-dial,7841986347117,2026-08-10T20:59:24+00:00
Breitling,,810-24,1966.0,2650.0,USD,asking,2025-10-07,,,,,,,,Craft & Tailored,craft_and_tailored,dealer,https://craftandtailored.com/products/1966-breitling-top-time-chronograph-gold-plate-ref-810-24-black-dial,7840908443757,2026-08-10T20:59:24+00:00
Other,,192G,,1400.0,USD,asking,2025-10-07,,,,,,,,Craft & Tailored,craft_and_tailored,dealer,https://craftandtailored.com/products/tropical-1940s-lemania-field-watch-ref-192g,7840837337197,2026-08-10T20:59:24+00:00
Rolex,,118239,2007.0,35000.0,USD,asking,2025-10-07,,,,,,,,Craft & Tailored,craft_and_tailored,dealer,https://craftandtailored.com/products/2007-rolex-day-date-18k-wg-ref-118239-cherry-dial-w-hebrew-day-wheel-box-papers,7840677199981,2026-08-10T20:59:24+00:00
Jaeger-LeCoultre,,8986,,2150.0,USD,asking,2025-10-02,,,,,,,,Craft & Tailored,craft_and_tailored,dealer,https://craftandtailored.com/products/1950s-lecoultre-automatic-powermatic-gold-filled-ref-8986-cal-481,7837949329517,2026-08-10T20:59:24+00:00
Rolex,,14060,,11000.0,USD,asking,2025-10-01,,,,,,,,Craft & Tailored,craft_and_tailored,dealer,https://craftandtailored.com/products/unpolished-2000-rolex-submariner-ref-14060-p-serial-w-box-papers,7837230694509,2026-08-10T20:59:24+00:00
Rolex,,16570,1997.0,7200.0,USD,asking,2025-10-01,,,,,,,,Craft & Tailored,craft_and_tailored,dealer,https://craftandtailored.com/products/1997-rolex-explorer-ii-ref-16570-polar-tritinova-dial,7837122986093,2026-08-10T20:59:24+00:00
Rolex,,6609,1956.0,18750.0,USD,asking,2025-10-01,,,,,,,,Craft & Tailored,craft_and_tailored,dealer,https://craftandtailored.com/products/1956-rolex-datejust-thunderbird-turn-o-graph-18k-yg-ref-6609-black-gilt-dial,7837086875757,2026-08-10T20:59:24+00:00
Rolex,,6263,1979.0,105000.0,USD,asking,2025-09-30,,,,,,,preowned,Craft & Tailored,craft_and_tailored,dealer,https://craftandtailored.com/products/1979-rolex-daytona-ref-6263-silver-big-red-dial-1,7834946469997,2026-08-10T20:59:24+00:00
Omega,,176.0012,1975.0,3150.0,USD,asking,2025-09-29,,,,,,,,Craft & Tailored,craft_and_tailored,dealer,https://craftandtailored.com/products/1975-omega-speedmaster-automatic-ref-176-0012-mark-4-5,7815888175213,2026-08-10T20:59:24+00:00
Tudor,,94300,1980.0,5750.0,USD,asking,2025-09-25,,,,,,,,Craft & Tailored,craft_and_tailored,dealer,https://craftandtailored.com/products/1980-tudor-big-block-chronograph-ref-94300-black-dial,7815905771629,2026-08-10T20:59:24+00:00
Rolex,,1680,1973.0,21000.0,USD,asking,2025-09-23,,,,,,,,Craft & Tailored,craft_and_tailored,dealer,https://craftandtailored.com/products/1972-rolex-red-submariner-ref-1680-mk-iv-dial-2,7815394066541,2026-08-10T20:59:24+00:00
Girard Perregaux,,,,1850.0,USD,asking,2025-09-22,,,,,,,,Craft & Tailored,craft_and_tailored,dealer,https://craftandtailored.com/products/tropical-1960s-girard-perregaux-gyromatic-39-jewel,7815098531949,2026-08-10T20:59:24+00:00
Breitling,,7806,1972.0,3450.0,USD,asking,2025-09-22,,,,,,,,Craft & Tailored,craft_and_tailored,dealer,https://craftandtailored.com/products/1972-breitling-navitimer-gold-cap-ref-7806-twin-jets-dial,7815061536877,2026-08-10T20:59:24+00:00
Rolex,,1601,,4850.0,USD,asking,2025-09-18,,,,,,,,Craft & Tailored,craft_and_tailored,dealer,https://craftandtailored.com/products/1972-rolex-datejust-ref-1601-satin-grey-dial,7813263163501,2026-08-10T20:59:24+00:00
Rolex,,18039,1981.0,32500.0,USD,asking,2025-09-17,,,,,,,preowned,Craft & Tailored,craft_and_tailored,dealer,https://craftandtailored.com/products/1981-rolex-day-date-18k-wg-ref-18039-blue-vignette-diamond-dial,7812460544109,2026-08-10T20:59:24+00:00
Other,,,,6000.0,USD,asking,2025-09-15,,,,,,,,Craft & Tailored,craft_and_tailored,dealer,https://craftandtailored.com/products/1950s-aero-watch-tripe-calendar-chronograph-18k-yg-valjoux-cal-88,7811078455405,2026-08-10T20:59:24+00:00
Rolex,,278278,2024.0,36500.0,USD,asking,2025-09-15,,,,,,,,Craft & Tailored,craft_and_tailored,dealer,https://craftandtailored.com/products/2024-rolex-ladies-datejust-18k-yg-ref-278278-green-diamond-dial,7811053912173,2026-08-10T20:59:24+00:00
Omega,,3570.50,,4650.0,USD,asking,2025-09-12,,,,,,,,Craft & Tailored,craft_and_tailored,dealer,https://craftandtailored.com/products/1996-omega-speedmaster-professional-ref-3570-52,7809189707885,2026-08-10T20:59:24+00:00
Longines,,23059,1945.0,1450.0,USD,asking,2025-09-11,,,,,,,,Craft & Tailored,craft_and_tailored,dealer,https://craftandtailored.com/products/1945-longines-sei-tacche-ref-23059,7801256935533,2026-08-10T20:59:24+00:00
Omega,,14393,1960.0,2500.0,USD,asking,2025-09-11,,,,,,,,Craft & Tailored,craft_and_tailored,dealer,https://craftandtailored.com/products/1960-omega-constellation-rose-gold-cap-ref-14393-1-sc-stepped-two-tone-pie-pan-dial-1,7808306675821,2026-08-10T20:59:24+00:00
Seiko,,6138-0030,1974.0,950.0,USD,asking,2025-09-10,,,,,,,,Craft & Tailored,craft_and_tailored,dealer,https://craftandtailored.com/products/1974-seiko-speed-timer-chronograph-ref-6138-0030-kakume,7807431868525,2026-08-10T20:59:24+00:00
Rolex,,15000,1983.0,4450.0,USD,asking,2025-09-10,,,,,,,,Craft & Tailored,craft_and_tailored,dealer,https://craftandtailored.com/products/1983-rolex-oyster-perpetual-date-ref-15000-silver-dial-w-papers-hangtag,7807618482285,2026-08-10T20:59:24+00:00
Rolex,,1601,1975.0,68500.0,USD,asking,2025-09-10,,,,,,,,Craft & Tailored,craft_and_tailored,dealer,https://craftandtailored.com/products/1975-rolex-datejust-18k-yg-ref-1601-malachite-stone-dial,7806931140717,2026-08-10T20:59:24+00:00
Rolex,,128239,2020.0,69500.0,USD,asking,2025-09-08,,,,,,,,Craft & Tailored,craft_and_tailored,dealer,https://craftandtailored.com/products/2020-rolex-day-date-18k-wg-ref-128239-factory-pave-diamond-dial-rainbow-sapphire-markers-w-full-set,7805379477613,2026-08-10T20:59:24+00:00
Hamilton,,,1972.0,850.0,USD,asking,2025-09-04,,,,,,,,Craft & Tailored,craft_and_tailored,dealer,https://craftandtailored.com/products/1972-hamilton-military-field-watch-gg-w-113,7803174289517,2026-08-10T20:59:24+00:00
Rolex,,6263,1978.0,115000.0,USD,asking,2025-09-04,,,,,,,,Craft & Tailored,craft_and_tailored,dealer,https://craftandtailored.com/products/1978-rolex-daytona-ref-6263-silver-floating-big-red-dial,7803049443437,2026-08-10T20:59:24+00:00
Breitling,,806,1962.0,3950.0,USD,asking,2025-09-03,,,,,,,,Craft & Tailored,craft_and_tailored,dealer,https://craftandtailored.com/products/1962-breitling-navitimer-gold-cap-ref-806-twin-jets-gilt-dial,7801787514989,2026-08-10T20:59:24+00:00
Other,,67155,,1750.0,USD,asking,2025-09-02,,,,,,,,Craft & Tailored,craft_and_tailored,dealer,https://craftandtailored.com/products/1980s-scubapro-500-ref-67155-error-dial,7800988729453,2026-08-10T20:59:24+00:00
Heuer,,1806,,2450.0,USD,asking,2025-08-29,,,,,,,,Craft & Tailored,craft_and_tailored,dealer,https://craftandtailored.com/products/1950s-heuer-triple-calendar-ref-1807,7798892822637,2026-08-10T20:59:24+00:00
Seiko,,6139-6005,1976.0,975.0,USD,asking,2025-08-28,,,,,,,,Craft & Tailored,craft_and_tailored,dealer,https://craftandtailored.com/products/1976-seiko-automatic-chronograph-ref-6139-6005-pogue-copy,7798157344877,2026-08-10T20:59:24+00:00
Hamilton,,11002-3,1969.0,3500.0,USD,asking,2025-08-28,,,,,,,,Craft & Tailored,craft_and_tailored,dealer,https://craftandtailored.com/products/1969-hamilton-chrono-matic-ref-11002-3-cal-18,7798094004333,2026-08-10T20:59:24+00:00
Other,,7750,,2850.0,USD,asking,2025-08-28,,,,,,,,Craft & Tailored,craft_and_tailored,dealer,https://craftandtailored.com/products/1980s-lejour-chronograph-factory-pvd-ref-7750-top-gun-w-box-papers,7797961982061,2026-08-10T20:59:24+00:00
Omega,,LL6287-1,1968.0,1450.0,USD,asking,2025-08-27,,,,,,,,Craft & Tailored,craft_and_tailored,dealer,https://craftandtailored.com/products/1968-omega-seamaster-automatic-ref-ll6287-1-cal-550,7796979531885,2026-08-10T20:59:24+00:00
Benrus,,,1967.0,850.0,USD,asking,2025-08-26,,,,,,,,Craft & Tailored,craft_and_tailored,dealer,https://craftandtailored.com/products/1967-benrus-us-military-field-watch-dtu-2a-p-mil-w-3818b,7796604731501,2026-08-10T20:59:24+00:00
Longines,,,1937.0,6500.0,USD,asking,2025-08-26,,,,,,,,Craft & Tailored,craft_and_tailored,dealer,https://craftandtailored.com/products/1935-longines-weems-us-naval-academy-pilots-watch,7796479098989,2026-08-10T20:59:24+00:00
Omega,,2757-13SC,1954.0,1950.0,USD,asking,2025-08-25,,,,,,,,Craft & Tailored,craft_and_tailored,dealer,https://craftandtailored.com/products/1954-omega-seamaster-calendar-gold-cap-ref-2757-13sc-cream-dial,7723383390317,2026-08-10T20:59:24+00:00
Patek Philippe,,3940R,,72500.0,USD,asking,2025-08-25,,,,,,,,Craft & Tailored,craft_and_tailored,dealer,https://craftandtailored.com/products/3rd-series-1999-patek-philippe-perpetual-calendar-moonphase-18k-rg-ref-3940r-w-winder-box-papers-accessories,7795464142957,2026-08-10T20:59:24+00:00
Heuer,,750.501,1979.0,3850.0,USD,asking,2025-08-24,,,,,,,,Craft & Tailored,craft_and_tailored,dealer,https://craftandtailored.com/products/1980s-heuer-pasadena-chronograph-ref-750-501-factory-pvd-copy-1,7788679168109,2026-08-10T20:59:24+00:00
Heuer,,844/5,1980.0,2150.0,USD,asking,2025-08-23,,,,,,,,Craft & Tailored,craft_and_tailored,dealer,https://craftandtailored.com/products/1980s-heuer-professional-diver-ref-844-5,7769987973229,2026-08-10T20:59:24+00:00
Rolex,,16233,1988.0,6000.0,USD,asking,2025-08-21,,,,,,,,Craft & Tailored,craft_and_tailored,dealer,https://craftandtailored.com/products/1988-rolex-two-tone-datejust-ref-16233-champagne-dial-w-box-papers,6903241769069,2026-08-10T20:59:24+00:00
Rolex,,16570,1997.0,7450.0,USD,asking,2025-08-19,,,,,,,,Craft & Tailored,craft_and_tailored,dealer,https://craftandtailored.com/products/1997-rolex-explorer-ii-ref-16570-polar-dial-1,7716671455341,2026-08-10T20:59:24+00:00
Rolex,,1600,1970.0,4950.0,USD,asking,2025-08-19,,,,,,,,Craft & Tailored,craft_and_tailored,dealer,https://craftandtailored.com/products/1970-rolex-datejust-ref-1600-silver-non-luminous-dial,7716649042029,2026-08-10T20:59:24+00:00
Rolex,,9919,,10500.0,USD,asking,2025-08-19,,,,,,,,Craft & Tailored,craft_and_tailored,dealer,https://craftandtailored.com/products/unpolished-1967-rolex-metropolitan-18k-yg-ref-9919-w-integrated-mesh-bracelet,7038345642093,2026-08-10T20:59:24+00:00
Omega,,166.010,1965.0,2100.0,USD,asking,2025-08-18,,,,,,,,Craft & Tailored,craft_and_tailored,dealer,https://craftandtailored.com/products/1965-omega-seamaster-gold-cap-ref-166-010-silver-crosshair-dial,7715216883821,2026-08-10T20:59:24+00:00
Seiko,,SBGW269G,2022.0,4250.0,USD,asking,2025-08-18,,,,,,,,Craft & Tailored,craft_and_tailored,dealer,https://craftandtailored.com/products/2022-grand-seiko-elegance-yukage-ref-sbgw269g-9s64-00a0-brown-linen-dial-w-full-set,7713197785197,2026-08-10T20:59:24+00:00
Hamilton,,921980,,950.0,USD,asking,2025-08-18,,,,,,,,Craft & Tailored,craft_and_tailored,dealer,https://craftandtailored.com/products/1980s-hamilton-khaki-field-watch-ref-921982,7715187720301,2026-08-10T20:59:24+00:00
Omega,,3592.50,1995.0,4850.0,USD,asking,2025-08-15,,,,,,,,Craft & Tailored,craft_and_tailored,dealer,https://craftandtailored.com/products/1995-omega-speedmaster-professional-ref-3592-50-sapphire-case-back-w-box-omega-warranty-card,7713167212653,2026-08-10T20:59:24+00:00
Rolex,,16570,1990.0,5950.0,USD,asking,2025-08-15,,,,,,,,Craft & Tailored,craft_and_tailored,dealer,https://craftandtailored.com/products/1990-rolex-explorer-ii-ref-16570-black-dial,7713043677293,2026-08-10T20:59:24+00:00
Omega,,198.0005,1970.0,1500.0,USD,asking,2025-08-13,,,,,,,,Craft & Tailored,craft_and_tailored,dealer,https://craftandtailored.com/products/1970-omega-seamaster-electronic-f-300hz-ref-198-0005,7520798081133,2026-08-10T20:59:24+00:00
Other,,5901,,1250.0,USD,asking,2025-08-13,,,,,,,,Craft & Tailored,craft_and_tailored,dealer,https://craftandtailored.com/products/unpolished-1970s-certina-certiday-ref-5901-173,7709616701549,2026-08-10T20:59:24+00:00
Omega,,166.00027,1970.0,3650.0,USD,asking,2025-08-13,,,,,,,,Craft & Tailored,craft_and_tailored,dealer,https://craftandtailored.com/products/1970-omega-automatic-seamaster-120-ref-166-027,7709721559149,2026-08-10T20:59:24+00:00
Tudor,,9080/0,,2750.0,USD,asking,2025-08-12,,,,,,,,Craft & Tailored,craft_and_tailored,dealer,https://craftandtailored.com/products/1974-tudor-prince-oysterdate-jumbo-ref-9080-0-silver-dial,7709744398445,2026-08-10T20:59:24+00:00
Omega,,3590.50,,4350.0,USD,asking,2025-08-12,,,,,,,,Craft & Tailored,craft_and_tailored,dealer,https://craftandtailored.com/products/unpolished-1992-omega-speedmaster-professional-ref-3590-50,7709750132845,2026-08-10T20:59:24+00:00
Blancpain,,,,11500.0,USD,asking,2025-08-08,,,,,,,,Craft & Tailored,craft_and_tailored,dealer,https://craftandtailored.com/products/1960s-blancpain-aqua-lung-pre-bathyscaphe,7657946808429,2026-08-10T20:59:24+00:00
Rolex,,1601,1971.0,4450.0,USD,asking,2025-08-08,,,,,,,,Craft & Tailored,craft_and_tailored,dealer,https://craftandtailored.com/products/1971-rolex-datejust-ref-1601-grey-dial-2,7704622137453,2026-08-10T20:59:24+00:00
Longines,,4994,,7950.0,USD,asking,2025-08-08,,,,,,,,Craft & Tailored,craft_and_tailored,dealer,https://craftandtailored.com/products/1946-longines-flyback-chronograph-cal-13zn-ref-4994,7702233415789,2026-08-10T20:59:24+00:00
Other,,,2021.0,1650.0,USD,asking,2025-08-07,,,,,,,preowned,Craft & Tailored,craft_and_tailored,dealer,https://craftandtailored.com/products/2021-synchron-military-pvd-w-box-warranty-card,7703319969901,2026-08-10T20:59:24+00:00
Longines,,5002,1974.0,1250.0,USD,asking,2025-08-06,,,,,,,,Craft & Tailored,craft_and_tailored,dealer,https://craftandtailored.com/products/1974-longines-dress-watch-sterling-silver-ref-5002-1,7702899392621,2026-08-10T20:59:24+00:00
Longines,,69-230-2A,1960.0,1950.0,USD,asking,2025-08-06,,,,,,,,Craft & Tailored,craft_and_tailored,dealer,https://craftandtailored.com/products/1960-longines-dress-watch-14k-wg-ref-69-230-2a-mystery-dial,7702907027565,2026-08-10T20:59:24+00:00
Enicar,,2303,,4000.0,USD,asking,2025-08-05,,,,,,,,Craft & Tailored,craft_and_tailored,dealer,https://craftandtailored.com/products/1960s-enicar-garnix-chronograph-ref-2303-grey-dial,7702188753005,2026-08-10T20:59:24+00:00
Bulova,,,1952.0,1650.0,USD,asking,2025-08-05,,,,,,,,Craft & Tailored,craft_and_tailored,dealer,https://craftandtailored.com/products/1952-bulova-ultimatic-14k-yg-cal-10cmc-w-box,7702215065709,2026-08-10T20:59:24+00:00
Universal Geneve,,28236/3,,1150.0,USD,asking,2025-08-04,,,,,,,,Craft & Tailored,craft_and_tailored,dealer,https://craftandtailored.com/products/1950s-universal-geneve-dress-watch-ref-28236-3-silver-linen-dial,7701654372461,2026-08-10T20:59:24+00:00
Other,,58.013.56,,400.0,USD,asking,2025-08-04,,,,,,,,Craft & Tailored,craft_and_tailored,dealer,https://craftandtailored.com/products/1970s-ernest-borel-by-synchron-conquistador-ref-58-013-56-blue-fume-dial,7701637169261,2026-08-10T20:59:24+00:00
Longines,,,1943.0,1950.0,USD,asking,2025-08-01,,,,,,,,Craft & Tailored,craft_and_tailored,dealer,https://craftandtailored.com/products/1943-longines-dress-watch-14k-yg-cal-10l-military-dial,7700430585965,2026-08-10T20:59:24+00:00
Seiko,,SBGA413G,,5750.0,USD,asking,2025-08-01,,,,,,,,Craft & Tailored,craft_and_tailored,dealer,https://craftandtailored.com/products/2002-gand-seiko-spring-drive-titanium-ref-sbga413g-9r65-0dg0-cherry-blossom-dial-w-full-set,7700416725101,2026-08-10T20:59:24+00:00
Seiko,,6139-6000,1969.0,1150.0,USD,asking,2025-07-31,,,,,,,,Craft & Tailored,craft_and_tailored,dealer,https://craftandtailored.com/products/1969-seiko-5-sports-speedtimer-automatic-chronograph-blue-pogue-ref-6139-6000-jdm-version-w-notch-case,7699648807021,2026-08-10T20:59:24+00:00
Sinn,,8820T,,3650.0,USD,asking,2025-07-31,,,,,,,,Craft & Tailored,craft_and_tailored,dealer,https://craftandtailored.com/products/1980s-sinn-u-boat-titanium-ref-8820t,7699100106861,2026-08-10T20:59:24+00:00
Tudor,,7943A1A0NU,2025.0,4450.0,USD,asking,2025-07-30,,,,,,,,Craft & Tailored,craft_and_tailored,dealer,https://craftandtailored.com/products/2025-tudor-black-bay-68-ref-7943a1a0nu-blue-dial-w-box-papers,7699115507821,2026-08-10T20:59:24+00:00
Breitling,,9757,,3500.0,USD,asking,2025-07-29,,,,,,,,Craft & Tailored,craft_and_tailored,dealer,https://craftandtailored.com/products/1970s-breitling-chronograph-ref-9757-black-dial,7697086808173,2026-08-10T20:59:24+00:00
Other,,,,1850.0,USD,asking,2025-07-29,,,,,,,,Craft & Tailored,craft_and_tailored,dealer,https://craftandtailored.com/products/1950s-gubelin-dress-watch-stainless-steel,7697008066669,2026-08-10T20:59:24+00:00
Cartier,,67117,,8000.0,USD,asking,2025-07-28,,,,,,,,Craft & Tailored,craft_and_tailored,dealer,https://craftandtailored.com/products/1970s-cartier-tank-louis-mini-18k-yg-ref-67117-w-box,7696542826605,2026-08-10T20:59:24+00:00
Rolex,,16750,1984.0,11250.0,USD,asking,2025-07-28,,,,,,,,Craft & Tailored,craft_and_tailored,dealer,https://craftandtailored.com/products/1984-rolex-gmt-master-ref-16750-pepsi-1,7696390553709,2026-08-10T20:59:24+00:00
Seiko,,6306-7001,1978.0,1000.0,USD,asking,2025-07-28,,,,,,,,Craft & Tailored,craft_and_tailored,dealer,https://craftandtailored.com/products/1979-seiko-turtle-diver-jdm-ref-6306-7001,7696354246765,2026-08-10T20:59:24+00:00
Omega,,166.022,,850.0,USD,asking,2025-07-25,,,,,,,,Craft & Tailored,craft_and_tailored,dealer,https://craftandtailored.com/products/1970s-omega-seamaster-cosmic-ref-166-022-roulette-dial,7694670200941,2026-08-10T20:59:24+00:00
Audemars Piguet,,15710ST,,19000.0,USD,asking,2025-07-25,,,,,,,,Craft & Tailored,craft_and_tailored,dealer,https://craftandtailored.com/products/unpolished-2017-audemars-piguet-royal-offshore-ref-15710st-white-dial-w-full-set,7694645657709,2026-08-10T20:59:24+00:00
Other,,5801,,1350.0,USD,asking,2025-07-24,,,,,,,,Craft & Tailored,craft_and_tailored,dealer,https://craftandtailored.com/products/unpolished-1970s-certina-revelation-ref-5801-185m-vignette-dial,7693977485421,2026-08-10T20:59:24+00:00
Universal Geneve,,32601-1,,3950.0,USD,asking,2025-07-24,,,,,,,,Craft & Tailored,craft_and_tailored,dealer,https://craftandtailored.com/products/1950s-universal-geneve-uni-compax-ref-32601-1,7693519519853,2026-08-10T20:59:24+00:00
Rolex,,16600,1991.0,8350.0,USD,asking,2025-07-22,,,,,,,,Craft & Tailored,craft_and_tailored,dealer,https://craftandtailored.com/products/1991-rolex-sea-dweller-ref-16600-creamy-patina-w-box-papers,7692683608173,2026-08-10T20:59:24+00:00
Rolex,,14060M,2001.0,9950.0,USD,asking,2025-07-22,,,,,,,,Craft & Tailored,craft_and_tailored,dealer,https://craftandtailored.com/products/2001-rolex-submariner-ref-14060m-w-box-papers,7692631605357,2026-08-10T20:59:24+00:00
Heuer,,CS3110,,3650.0,USD,asking,2025-07-21,,,,,,,,Craft & Tailored,craft_and_tailored,dealer,https://craftandtailored.com/products/1990s-tag-heuer-carrera-30-re-edition-ref-cs3110-blue-decimeter-dial-w-box,7691835474029,2026-08-10T20:59:24+00:00
Rolex,,1016,1967.0,17500.0,USD,asking,2025-07-21,,,,,,,,Craft & Tailored,craft_and_tailored,dealer,https://craftandtailored.com/products/1967-rolex-explorer-i-ref-1016-mk-i-frog-foot-dial,7691791106157,2026-08-10T20:59:24+00:00
Omega,,145.022,1972.0,7500.0,USD,asking,2025-07-21,,,,,,,,Craft & Tailored,craft_and_tailored,dealer,https://craftandtailored.com/products/1972-omega-speedmaster-professional-ref-145-022-straight-writing-apollo-xi-1969-case-back,7691685298285,2026-08-10T20:59:24+00:00
Rolex,,14060,1997.0,9500.0,USD,asking,2025-07-21,,,,,,,,Craft & Tailored,craft_and_tailored,dealer,https://craftandtailored.com/products/1997-rolex-submariner-ref-14060-creamy-patina-w-box-papers,7691565301869,2026-08-10T20:59:24+00:00
Zenith,,2219,,1950.0,USD,asking,2025-07-11,,,,,,,,Craft & Tailored,craft_and_tailored,dealer,https://craftandtailored.com/products/1950s-zenith-dress-watch-18k-yg-ref-2219-cal-120,7683694952557,2026-08-10T20:59:24+00:00
Rolex,,1500,1969.0,4850.0,USD,asking,2025-07-11,,,,,,,,Craft & Tailored,craft_and_tailored,dealer,https://craftandtailored.com/products/1969-rolex-oyster-perpetual-date-ref-1500-blue-radial-dial,7683666870381,2026-08-10T20:59:24+00:00
Tudor,,79000N,2024.0,5750.0,USD,asking,2025-07-10,,,,,,,,Craft & Tailored,craft_and_tailored,dealer,https://craftandtailored.com/products/2024-tudor-black-bay-54-ref-79000n-true-patina-mod-w-box-papers-original-parts,7655436386413,2026-08-10T20:59:24+00:00
Vacheron Constantin,,,,12500.0,USD,asking,2025-07-10,,,,,,,,Craft & Tailored,craft_and_tailored,dealer,https://craftandtailored.com/products/1970s-vacheron-constantin-prestige-de-la-france-1972-18k-yg-champagne-dial,7682634940525,2026-08-10T20:59:24+00:00
IWC,,3740,1988.0,5175.0,USD,asking,2025-07-08,,,,,,,,Craft & Tailored,craft_and_tailored,dealer,https://craftandtailored.com/products/1988-iwc-quartz-fliegerchronograph-18k-yg-ref-3740-limited-edition-w-full-set,7679493275757,2026-08-10T20:59:24+00:00
Omega,,2687,,4150.0,USD,asking,2025-07-08,,,,,,,,Craft & Tailored,craft_and_tailored,dealer,https://craftandtailored.com/products/tropical-1950s-omega-oversized-dress-watch-18k-rg-ref-2687,7681694433389,2026-08-10T20:59:24+00:00
Other,,1313,,1300.0,USD,asking,2025-07-07,,,,,,,,Craft & Tailored,craft_and_tailored,dealer,https://craftandtailored.com/products/1940s-kelbert-chronograph-ref-1313-venus-cal-170,7681098842221,2026-08-10T20:59:24+00:00
Other,,R005/2,,5500.0,USD,asking,2025-07-07,,,,,,,preowned,Craft & Tailored,craft_and_tailored,dealer,https://craftandtailored.com/products/like-new-2000s-gevril-tribeca-chronograph-w-warranty-card,7154507382893,2026-08-10T20:59:24+00:00
Rolex,,16013,1986.0,5200.0,USD,asking,2025-07-03,,,,,,,,Craft & Tailored,craft_and_tailored,dealer,https://craftandtailored.com/products/1986-rolex-two-tone-datejust-ref-16013-champagne-dial-1,7679456608365,2026-08-10T20:59:24+00:00
Rolex,,2574,1941.0,1750.0,USD,asking,2025-07-03,,,,,,,,Craft & Tailored,craft_and_tailored,dealer,https://craftandtailored.com/products/1941-rolex-oyster-royal-ref-2574,7495862288493,2026-08-10T20:59:24+00:00
Rolex,,16570,2003.0,7350.0,USD,asking,2025-07-02,,,,,,,,Craft & Tailored,craft_and_tailored,dealer,https://craftandtailored.com/products/2003-rolex-explorer-ii-ref-16570-t-polar-dial,7678842437741,2026-08-10T20:59:24+00:00
Rolex,,1601,1976.0,45000.0,USD,asking,2025-07-02,,,,,,,,Craft & Tailored,craft_and_tailored,dealer,https://craftandtailored.com/products/unpolished-1976-rolex-datejust-18k-yg-ref-1601-onyx-stone-dial,7678874386541,2026-08-10T20:59:24+00:00
Bulova,,608,,1450.0,USD,asking,2025-07-02,,,,,,,,Craft & Tailored,craft_and_tailored,dealer,https://craftandtailored.com/products/tropical-1967-bulova-snorkel-j-ref-608-black-dial,7678802624621,2026-08-10T20:59:24+00:00
Enicar,,100/61,,1000.0,USD,asking,2025-07-01,,,,,,,,Craft & Tailored,craft_and_tailored,dealer,https://craftandtailored.com/products/tropical-1950s-enicar-seapearl-600-ref-100-61,7678439424109,2026-08-10T20:59:24+00:00
Blancpain,,,,39500.0,USD,asking,2025-07-01,,,,,,,preowned,Craft & Tailored,craft_and_tailored,dealer,https://craftandtailored.com/products/1960s-blancpain-fifty-fathoms-barracuda,7678265753709,2026-08-10T20:59:24+00:00
Rolex,,1601,1970.0,4450.0,USD,asking,2025-06-27,,,,,,,,Craft & Tailored,craft_and_tailored,dealer,https://craftandtailored.com/products/1970-rolex-datejust-ref-1601-light-grey-dial,7676365537389,2026-08-10T20:59:24+00:00
Rolex,,1603,1969.0,5350.0,USD,asking,2025-06-27,,,,,,,,Craft & Tailored,craft_and_tailored,dealer,https://craftandtailored.com/products/1969-rolex-datejust-ref-1603-black-confetti-dial-copy,7675985363053,2026-08-10T20:59:24+00:00
Cartier,,96019,,9000.0,USD,asking,2025-06-27,,,,,,,,Craft & Tailored,craft_and_tailored,dealer,https://craftandtailored.com/products/1980s-cartier-tank-lc-18k-yg-ref-96019-extra-plate,7675980021869,2026-08-10T20:59:24+00:00
Tudor,,9411/0,1978.0,13500.0,USD,asking,2025-06-27,,,,,,,,Craft & Tailored,craft_and_tailored,dealer,https://craftandtailored.com/products/1978-tudor-snowflake-submariner-ref-9411-0-black-pumpkin-dial,7675965702253,2026-08-10T20:59:24+00:00
Rolex,,1600,1971.0,5200.0,USD,asking,2025-06-27,,,,,,,,Craft & Tailored,craft_and_tailored,dealer,https://craftandtailored.com/products/1971-rolex-datejust-ref-1600-blue-dial,7675938734189,2026-08-10T20:59:24+00:00
Marine Nationale,,,,7700.0,USD,asking,2025-06-26,,,,,,,,Craft & Tailored,craft_and_tailored,dealer,https://craftandtailored.com/products/1960s-triton-spirotechnique-diver-w-hinged-top-lugs,7675666268269,2026-08-10T20:59:24+00:00
Patek Philippe,,570,,24500.0,USD,asking,2025-06-26,,,,,,,,Craft & Tailored,craft_and_tailored,dealer,https://craftandtailored.com/products/1950s-patek-philippe-calatrava-18k-wg-ref-570,7635183861869,2026-08-10T20:59:24+00:00
Patek Philippe,,5040P,,54500.0,USD,asking,2025-06-25,,,,,,,,Craft & Tailored,craft_and_tailored,dealer,https://craftandtailored.com/products/1990s-patek-philippe-perpetual-calendar-moonphase-ref-5040p-platinum,7674935443565,2026-08-10T20:59:24+00:00
Squale,,1521,1988.0,2350.0,USD,asking,2025-06-25,,,,,,,,Craft & Tailored,craft_and_tailored,dealer,https://craftandtailored.com/products/1988-squale-50-atmos-diver-pvd-ref-1521-crazy-88,7674909687917,2026-08-10T20:59:24+00:00
Rolex,,14060,1990.0,59500.0,USD,asking,2025-06-24,,,,,,,,Craft & Tailored,craft_and_tailored,dealer,https://craftandtailored.com/products/1990-rolex-submariner-ref-14060-tiffany-co-dial-w-box-papers,7674403946605,2026-08-10T20:59:24+00:00
Rolex,,1803,,110000.0,USD,asking,2025-06-24,,,,,,,,Craft & Tailored,craft_and_tailored,dealer,https://craftandtailored.com/products/unpolished-1967-rolex-day-date-18k-rg-ref-1803-silver-guilloche-dial,7674336804973,2026-08-10T20:59:24+00:00
Zenith,,A7688,,4200.0,USD,asking,2025-06-24,,,,,,,,Craft & Tailored,craft_and_tailored,dealer,https://craftandtailored.com/products/1970s-zenith-defy-gauss-28800-ref-a7688-silver-dial,7674289717357,2026-08-10T20:59:24+00:00
Seiko,,6138-8000,1971.0,2500.0,USD,asking,2025-06-23,,,,,,,,Craft & Tailored,craft_and_tailored,dealer,https://craftandtailored.com/products/1971-seiko-automatic-chronograph-baby-panda-ref-6138-8000-silver-patina-dial,7674017775725,2026-08-10T20:59:24+00:00
Rolex,,3833,1970.0,6500.0,USD,asking,2025-06-23,,,,,,,,Craft & Tailored,craft_and_tailored,dealer,https://craftandtailored.com/products/1970-rolex-cellini-18k-yg-ref-3833-saudi-arabia-king-faisal-dial-w-box-papers,7673997688941,2026-08-10T20:59:24+00:00
Rolex,,6505,,2150.0,USD,asking,2025-06-20,,,,,,,,Craft & Tailored,craft_and_tailored,dealer,https://craftandtailored.com/products/tropical-1957-rolex-ladies-oyster-perpetual-ref-6505-small-seconds-dial,7672985354349,2026-08-10T20:59:24+00:00
Heuer,,2446C,1968.0,13500.0,USD,asking,2025-06-20,,,,,,,,Craft & Tailored,craft_and_tailored,dealer,https://craftandtailored.com/products/1968-heuer-autavia-ref-2446c-mk-i-dial,7672982601837,2026-08-10T20:59:24+00:00
Rolex,,1675,1977.0,16500.0,USD,asking,2025-06-20,,,,,,,,Craft & Tailored,craft_and_tailored,dealer,https://craftandtailored.com/products/1977-rolex-gmt-master-ref-1675-pepsi-mk-v-dial,7672962842733,2026-08-10T20:59:24+00:00
Zenith,,,,5850.0,USD,asking,2025-06-19,,,,,,,,Craft & Tailored,craft_and_tailored,dealer,https://craftandtailored.com/products/1970s-zenith-shadow-prototype-chronograph-pvd-cal-146-hp,7671779950701,2026-08-10T20:59:24+00:00
Ikepod,,S01d,2001.0,4000.0,USD,asking,2025-06-18,,,,,,,,Craft & Tailored,craft_and_tailored,dealer,https://craftandtailored.com/products/2001-ikepod-seaslug-gmt-ref-s01d-w-box-papers-extra-straps,7671111483501,2026-08-10T20:59:24+00:00
Heuer,,183.306,,2995.0,USD,asking,2025-06-18,,,,,,,,Craft & Tailored,craft_and_tailored,dealer,https://craftandtailored.com/products/1980s-heuer-2000-automatic-chronograph-pvd-ref-183-306,7671015997549,2026-08-10T20:59:24+00:00
Hamilton,,11002-3,1969.0,2950.0,USD,asking,2025-06-18,,,,,,,,Craft & Tailored,craft_and_tailored,dealer,https://craftandtailored.com/products/1969-hamilton-chrono-matic-ref-11002-3-cal-17,7671026843757,2026-08-10T20:59:24+00:00
Rolex,,1601,1966.0,4350.0,USD,asking,2025-06-18,,,,,,,,Craft & Tailored,craft_and_tailored,dealer,https://craftandtailored.com/products/1966-rolex-two-tone-datejust-ref-1601-matte-black-dial,7671019077741,2026-08-10T20:59:24+00:00
Zodiac,,752-934B,,2650.0,USD,asking,2025-06-17,,,,,,,,Craft & Tailored,craft_and_tailored,dealer,https://craftandtailored.com/products/mint-1970s-zodiac-world-time-gmt-ref-752-934b,7670628843629,2026-08-10T20:59:24+00:00
Tudor,,94110,1982.0,12250.0,USD,asking,2025-06-17,,,,,,,,Craft & Tailored,craft_and_tailored,dealer,https://craftandtailored.com/products/1982-tudor-snowflake-submariner-ref-94110-blue-dial,7670601056365,2026-08-10T20:59:24+00:00
Rolex,,1675,1978.0,17250.0,USD,asking,2025-06-11,,,,,,,,Craft & Tailored,craft_and_tailored,dealer,https://craftandtailored.com/products/1978-rolex-gmt-master-ref-1675-pepsi-mk-iv-dial,7667601113197,2026-08-10T20:59:24+00:00
Enicar,,145/004,,2850.0,USD,asking,2025-06-11,,,,,,,,Craft & Tailored,craft_and_tailored,dealer,https://craftandtailored.com/products/1960s-enicar-sherpa-super-divette-ref-145-004,7667605012589,2026-08-10T20:59:24+00:00
Rolex,,1601,1974.0,4950.0,USD,asking,2025-06-11,,,,,,,,Craft & Tailored,craft_and_tailored,dealer,https://craftandtailored.com/products/1974-rolex-two-tone-datejust-ref-1601-silver-linen-dial,7667609665645,2026-08-10T20:59:24+00:00
Rolex,,16753,,12750.0,USD,asking,2025-06-11,,,,,,,,Craft & Tailored,craft_and_tailored,dealer,https://craftandtailored.com/products/tropical-1987-rolex-two-tone-gmt-master-ref-16753-rootbeer,7667597607021,2026-08-10T20:59:24+00:00
Wittnauer,,5009,,1300.0,USD,asking,2025-06-09,,,,,,,,Craft & Tailored,craft_and_tailored,dealer,https://craftandtailored.com/products/1970s-wittnauer-professional-chrono-date-ref-5009,7666805801069,2026-08-10T20:59:24+00:00
Cartier,,78096,,19850.0,USD,asking,2025-06-09,,,,,,,,Craft & Tailored,craft_and_tailored,dealer,https://craftandtailored.com/products/1970s-cartier-paris-cristallor-18k-yg-jumbo-ref-78096-w-hidden-lug-case,7666766938221,2026-08-10T20:59:24+00:00
Rolex,,16030,1979.0,5250.0,USD,asking,2025-06-06,,,,,,,,Craft & Tailored,craft_and_tailored,dealer,https://craftandtailored.com/products/1979-rolex-datejust-ref-16030-white-dial,7665956356205,2026-08-10T20:59:24+00:00
Rolex,,5700,,3650.0,USD,asking,2025-06-06,,,,,,,,Craft & Tailored,craft_and_tailored,dealer,https://craftandtailored.com/products/unpolished-1976-rolex-air-king-date-ref-5700-silver-dial,7665876205677,2026-08-10T20:59:24+00:00
Gallet,,,,2950.0,USD,asking,2025-06-05,,,,,,,,Craft & Tailored,craft_and_tailored,dealer,https://craftandtailored.com/products/1960s-gallet-multichron-30-chronograph-valjoux-cal-7733-red-lacquer-dial,7665489674349,2026-08-10T20:59:24+00:00
Rolex,,69178,1984.0,12950.0,USD,asking,2025-06-05,,,,,,,,Craft & Tailored,craft_and_tailored,dealer,https://craftandtailored.com/products/1984-rolex-ladies-datejust-18k-yg-ref-69178-lapis-stone-dial-w-box-papers,7664872718445,2026-08-10T20:59:24+00:00
Blancpain,,5008B,2019.0,23100.0,USD,asking,2025-06-04,,,,,,,,Craft & Tailored,craft_and_tailored,dealer,https://craftandtailored.com/products/2019-blancpain-fifty-fathoms-barracuda-limited-edition-ref-5008b-1130-b52a-w-full-set,7664851812461,2026-08-10T20:59:24+00:00
Rolex,,16610,1997.0,7950.0,USD,asking,2025-06-04,,,,,,,,Craft & Tailored,craft_and_tailored,dealer,https://craftandtailored.com/products/1997-rolex-submariner-ref-16610,7664737747053,2026-08-10T20:59:24+00:00
Tudor,,94010,1979.0,24900.0,USD,asking,2025-06-04,,,,,,,,Craft & Tailored,craft_and_tailored,dealer,https://craftandtailored.com/products/1979-tudor-snowflake-submariner-ref-94010-blue-dial,7664735944813,2026-08-10T20:59:24+00:00
Benrus,,,,4700.0,USD,asking,2025-06-03,,,,,,,,Craft & Tailored,craft_and_tailored,dealer,https://craftandtailored.com/products/unpolished-1973-benrus-type-2-class-a-milsub,7631828222061,2026-08-10T20:59:24+00:00
Rolex,,16610,1991.0,9350.0,USD,asking,2025-06-03,,,,,,,,Craft & Tailored,craft_and_tailored,dealer,https://craftandtailored.com/products/1991-rolex-submariner-ref-16610-w-box-papers,7664105390189,2026-08-10T20:59:24+00:00
Cartier,,96065,1980.0,12500.0,USD,asking,2025-06-03,,,,,,,,Craft & Tailored,craft_and_tailored,dealer,https://craftandtailored.com/products/1980-cartier-tank-lc-18k-yg-extra-plate-ref-96065-flinque-dial-w-box-papers,7664070819949,2026-08-10T20:59:24+00:00
Omega,,4540.31,,3350.0,USD,asking,2025-06-02,,,,,,,,Craft & Tailored,craft_and_tailored,dealer,https://craftandtailored.com/products/nos-1984-omega-de-ville-prestige-chronograph-cal-861-ref-4540-31-silver-dial-w-box-hang-tag,7663177564269,2026-08-10T20:59:24+00:00
Omega,,4540.51,,3200.0,USD,asking,2025-05-30,,,,,,,,Craft & Tailored,craft_and_tailored,dealer,https://craftandtailored.com/products/unpolished-1984-omega-de-ville-prestige-cal-861-ref-4540-51-black-dial-w-box-hang-tag,7661440794733,2026-08-10T20:59:24+00:00
Rolex,,1500,1973.0,3750.0,USD,asking,2025-05-30,,,,,,,,Craft & Tailored,craft_and_tailored,dealer,https://craftandtailored.com/products/1973-rolex-oyster-perpetual-date-ref-1500-matte-black-dial-w-silver-print,7661255622765,2026-08-10T20:59:24+00:00
Rolex,,16030,1982.0,5650.0,USD,asking,2025-05-29,,,,,,,,Craft & Tailored,craft_and_tailored,dealer,https://craftandtailored.com/products/1982-rolex-datejust-ref-16030-taupe-dial,7660659015789,2026-08-10T20:59:24+00:00
MK II,,TR660,2022.0,2250.0,USD,asking,2025-05-29,,,,,,,,Craft & Tailored,craft_and_tailored,dealer,https://craftandtailored.com/products/2022-tornek-rayville-dive-watch-re-issue-ref-tr660-alchemist-relumer-mod-w-full-set,7659957289069,2026-08-10T20:59:24+00:00
Wittnauer,,3256,,1950.0,USD,asking,2025-05-28,,,,,,,,Craft & Tailored,craft_and_tailored,dealer,https://craftandtailored.com/products/1960s-wittnauer-chronograph-ref-3256,7659952308333,2026-08-10T20:59:24+00:00
Heuer,,,,2750.0,USD,asking,2025-05-27,,,,,,,,Craft & Tailored,craft_and_tailored,dealer,https://craftandtailored.com/products/1950s-abercrombie-fitch-co-alarm-watch-made-by-heuer,7659946803309,2026-08-10T20:59:24+00:00
Omega,,3903,1951.0,6395.0,USD,asking,2025-05-27,,,,,,,,Craft & Tailored,craft_and_tailored,dealer,https://craftandtailored.com/products/1951-omega-automatic-cioccolatone-14k-yg-ref-3903-cal-342-black-gilt-dial,7658531487853,2026-08-10T20:59:24+00:00
Rolex,,1601,1973.0,4550.0,USD,asking,2025-05-27,,,,,,,,Craft & Tailored,craft_and_tailored,dealer,https://craftandtailored.com/products/1973-rolex-datejust-ref-1601-silver-dial-1,7659882152045,2026-08-10T20:59:24+00:00
Tudor,,9430/0,,8350.0,USD,asking,2025-05-23,,,,,,,,Craft & Tailored,craft_and_tailored,dealer,https://craftandtailored.com/products/unpolished-1978-tudor-big-block-chronograph-ref-9430-0-silver-solo-dial,7658518413421,2026-08-10T20:59:24+00:00
Rolex,,16233,1993.0,11750.0,USD,asking,2025-05-23,,,,,,,,Craft & Tailored,craft_and_tailored,dealer,https://craftandtailored.com/products/1993-rolex-two-tone-datejust-ref-16233-champagne-tiffany-co-dial,7658498130029,2026-08-10T20:59:24+00:00
Other,,,,1450.0,USD,asking,2025-05-22,,,,,,,,Craft & Tailored,craft_and_tailored,dealer,https://craftandtailored.com/products/1960s-alsta-nautoscaph-superautomatic-jaws,7657924952173,2026-08-10T20:59:24+00:00
Bulova,,,,1000.0,USD,asking,2025-05-20,,,,,,,,Craft & Tailored,craft_and_tailored,dealer,https://craftandtailored.com/products/1950s-bulova-1917-4-u-s-military-watch,7656574484589,2026-08-10T20:59:24+00:00
Longines,,2940,,850.0,USD,asking,2025-05-20,,,,,,,,Craft & Tailored,craft_and_tailored,dealer,https://craftandtailored.com/products/1960s-longines-admiral-5-star-gold-filled-ref-2940-cal-501,7655349321837,2026-08-10T20:59:24+00:00
Omega,,310.30.42.50.04,2024.0,8150.0,USD,asking,2025-05-20,,,,,,,,Craft & Tailored,craft_and_tailored,dealer,https://craftandtailored.com/products/2024-omega-speedmaster-professional-ref-310-30-42-50-04-001-white-dial-w-box-papers,7655872921709,2026-08-10T20:59:24+00:00
Longines,,107G29,1957.0,800.0,USD,asking,2025-05-19,,,,,,,,Craft & Tailored,craft_and_tailored,dealer,https://craftandtailored.com/products/1957-longines-automatic-gold-filled-ref-107g29,7655376093293,2026-08-10T20:59:24+00:00
Audemars Piguet,,56023ST,,16750.0,USD,asking,2025-05-16,,,,,,,,Craft & Tailored,craft_and_tailored,dealer,https://craftandtailored.com/products/1980s-audemars-piguet-royal-oak-quartz-ref-56023st,7654289309805,2026-08-10T20:59:24+00:00
Other,,6716-1,,6500.0,USD,asking,2025-05-16,,,,,,,,Craft & Tailored,craft_and_tailored,dealer,https://craftandtailored.com/products/1960s-bueche-girod-cintree-curvex-18k-yg-ref-6716-1-w-white-roman-numeral-dial,7642450853997,2026-08-10T20:59:24+00:00
Rolex,,16700,1996.0,11500.0,USD,asking,2025-05-16,,,,,,,,Craft & Tailored,craft_and_tailored,dealer,https://craftandtailored.com/products/1996-rolex-gmt-master-ref-16700-pepsi-w-box-papers,7654089949293,2026-08-10T20:59:24+00:00
Omega,,311.30.40.30.01,2021.0,17500.0,USD,asking,2025-05-15,,,,,,,,Craft & Tailored,craft_and_tailored,dealer,https://craftandtailored.com/products/2021-omega-speedmaster-ed-white-re-issue-ref-311-30-40-30-01-001-cal-321-w-full-set,7653596037229,2026-08-10T20:59:24+00:00
DOXA,,30010,2002.0,2650.0,USD,asking,2025-05-13,,,,,,,,Craft & Tailored,craft_and_tailored,dealer,https://craftandtailored.com/products/2002-doxa-sub-300t-professional-ref-30010,7652961124461,2026-08-10T20:59:24+00:00
Hamilton,,7723,,4750.0,USD,asking,2025-05-13,,,,,,,,Craft & Tailored,craft_and_tailored,dealer,https://craftandtailored.com/products/1960s-hamilton-chronograph-ref-7723-silver-dial-w-box-papers,7652929405037,2026-08-10T20:59:24+00:00
Rolex,,116600,2017.0,15650.0,USD,asking,2025-05-12,,,,,,,,Craft & Tailored,craft_and_tailored,dealer,https://craftandtailored.com/products/2017-rolex-sea-dweller-4000-sd4k-ref-116600-w-full-set,7652341153901,2026-08-10T20:59:24+00:00
Rolex,,16610T,2005.0,8950.0,USD,asking,2025-05-09,,,,,,,,Craft & Tailored,craft_and_tailored,dealer,https://craftandtailored.com/products/2005-rolex-submariner-ref-16610-w-rolex-guarantee-paper,7651388424301,2026-08-10T20:59:24+00:00
Breitling,,2001,1966.0,4350.0,USD,asking,2025-05-09,,,,,,,,Craft & Tailored,craft_and_tailored,dealer,https://craftandtailored.com/products/1966-breitling-top-time-chronograph-18k-yg-ref-2001-silver-dial,7651347398765,2026-08-10T20:59:24+00:00
Heuer,,1550,,5500.0,USD,asking,2025-05-08,,,,,,,preowned,Craft & Tailored,craft_and_tailored,dealer,https://craftandtailored.com/products/1970s-heuer-bundeswehr-flyback-chronograph-civilian-model-ref-1550-sg,7650608218221,2026-08-10T20:59:24+00:00
Other,,,,1350.0,USD,asking,2025-05-08,,,,,,,,Craft & Tailored,craft_and_tailored,dealer,https://craftandtailored.com/products/1960s-clebar-chronograph-landeron-cal-248,7650551824493,2026-08-10T20:59:24+00:00
Panerai,,PAM,2010.0,11500.0,USD,asking,2025-05-08,,,,,,,,Craft & Tailored,craft_and_tailored,dealer,https://craftandtailored.com/products/2010-panerai-luminor-limited-edition-pvd-ref-pam-00360-paneristi-base-logo-dial-w-full-set,7650469216365,2026-08-10T20:59:24+00:00
Rolex,,16800,1982.0,9950.0,USD,asking,2025-05-07,,,,,,,,Craft & Tailored,craft_and_tailored,dealer,https://craftandtailored.com/products/1982-rolex-submariner-ref-16800-matte-dial-9,7635340623981,2026-08-10T20:59:24+00:00
Heuer,,CS3111,,3950.0,USD,asking,2025-05-07,,,,,,,,Craft & Tailored,craft_and_tailored,dealer,https://craftandtailored.com/products/1990s-tag-heuer-carrera-12-re-edition-ref-cs3111-black-dial-w-box-papers,7650005352557,2026-08-10T20:59:24+00:00
Other,,,1994.0,4250.0,USD,asking,2025-05-06,,,,,,,preowned,Craft & Tailored,craft_and_tailored,dealer,https://craftandtailored.com/products/1994-j-bianchi-armee-de-terre-french-military-recon-dive-watch,7649639399533,2026-08-10T20:59:24+00:00
Sinn,,903,,3950.0,USD,asking,2025-05-06,,,,,,,,Craft & Tailored,craft_and_tailored,dealer,https://craftandtailored.com/products/unpolished-1980-sinn-navitimer-chronograph-ref-903-black-dial,7647009767533,2026-08-10T20:59:24+00:00
Omega,,,1941.0,1450.0,USD,asking,2025-05-06,,,,,,,,Craft & Tailored,craft_and_tailored,dealer,https://craftandtailored.com/products/1939-omega-dress-watch-ref-ck-2242-cal-30sct2,7647508791405,2026-08-10T20:59:24+00:00
Heuer,,150.501,,3850.0,USD,asking,2025-05-02,,,,,,,,Craft & Tailored,craft_and_tailored,dealer,https://craftandtailored.com/products/unpolished-1970s-heuer-monza-chronograph-pvd-ref-150-501-cal-15,7647281119341,2026-08-10T20:59:24+00:00
Rolex,,116610LV,2011.0,17500.0,USD,asking,2025-05-01,,,,,,,,Craft & Tailored,craft_and_tailored,dealer,https://craftandtailored.com/products/2011-rolex-green-submariner-hulk-ref-116610lv-w-full-set-rolex-cpo-card,7646962909293,2026-08-10T20:59:24+00:00
Omega,,CK679,1935.0,4650.0,USD,asking,2025-05-01,,,,,,,,Craft & Tailored,craft_and_tailored,dealer,https://craftandtailored.com/products/1935-omega-marine-ref-ck679-first-commercially-available-dive-watch,7646902648941,2026-08-10T20:59:24+00:00
Other,,,,1250.0,USD,asking,2025-04-29,,,,,,,,Craft & Tailored,craft_and_tailored,dealer,https://craftandtailored.com/products/1950s-marvin-dress-watch-14k-rg-gilt-dial,7645766156397,2026-08-10T20:59:24+00:00
Laurent Ferrier,,LF270.01,2024.0,46000.0,USD,asking,2025-04-29,,,,,,,,Craft & Tailored,craft_and_tailored,dealer,https://craftandtailored.com/products/2024-laurent-ferrier-sport-auto-titanium-ref-lf270-01-blue-dial-w-full-set,7645712154733,2026-08-10T20:59:24+00:00
Heuer,,2446,,45000.0,USD,asking,2025-04-29,,,,,,,preowned,Craft & Tailored,craft_and_tailored,dealer,https://craftandtailored.com/products/1960s-heuer-autavia-ref-2446-mk-ii-dial,7645446144109,2026-08-10T20:59:24+00:00
Omega,,3597.05,1998.0,8500.0,USD,asking,2025-04-28,,,,,,,,Craft & Tailored,craft_and_tailored,dealer,https://craftandtailored.com/products/1998-omega-speedmaster-professional-missions-series-ref-3597-05-gemini-vii-dial-w-box-booklets,7645338075245,2026-08-10T20:59:24+00:00
Heuer,,11630,,5150.0,USD,asking,2025-04-28,,,,,,,,Craft & Tailored,craft_and_tailored,dealer,https://craftandtailored.com/products/1970s-heuer-autavia-automatic-chronograph-ref-11630-black-orange-boy-dial,7645311041645,2026-08-10T20:59:24+00:00
Heuer,,73363,1971.0,5750.0,USD,asking,2025-04-24,,,,,,,,Craft & Tailored,craft_and_tailored,dealer,https://craftandtailored.com/products/1971-heuer-autavia-manual-wind-ref-73363-jo-siffert-colors,7643811676269,2026-08-10T20:59:24+00:00
Piaget,,90802,,2850.0,USD,asking,2025-04-24,,,,,,,,Craft & Tailored,craft_and_tailored,dealer,https://craftandtailored.com/products/1970s-piaget-tank-style-dress-watch-18k-yg-ref-90802-black-dial,7643771338861,2026-08-10T20:59:24+00:00
Rolex,,1601,1970.0,3950.0,USD,asking,2025-04-23,,,,,,,,Craft & Tailored,craft_and_tailored,dealer,https://craftandtailored.com/products/1970-rolex-datejust-ref-1601-non-luminous-silver-linen-dial-2,7643085439085,2026-08-10T20:59:24+00:00
Rolex,,16570,1991.0,6500.0,USD,asking,2025-04-23,,,,,,,,Craft & Tailored,craft_and_tailored,dealer,https://craftandtailored.com/products/1991-rolex-explorer-ii-ref-16570-black-dial-1,7642925564013,2026-08-10T20:59:24+00:00
Rolex,,16610,,9650.0,USD,asking,2025-04-22,,,,,,,,Craft & Tailored,craft_and_tailored,dealer,https://craftandtailored.com/products/1993-rolex-submariner-ref-16610-w-box-papers-rsc-service-card,7642460684397,2026-08-10T20:59:24+00:00
Rolex,,16014,1987.0,5500.0,USD,asking,2025-04-21,,,,,,,,Craft & Tailored,craft_and_tailored,dealer,https://craftandtailored.com/products/1987-rolex-datejust-ref-16014-black-dial-w-boxes-hangtag-booklets,7641959399533,2026-08-10T20:59:24+00:00
Cartier,,17001,,10250.0,USD,asking,2025-04-21,,,,,,,,Craft & Tailored,craft_and_tailored,dealer,https://craftandtailored.com/products/1970s-cartier-paris-ceinture-automatique-18k-yg-ref-17001-jumbo,7641847332973,2026-08-10T20:59:24+00:00
Tudor,,79090,1994.0,5850.0,USD,asking,2025-04-21,,,,,,,,Craft & Tailored,craft_and_tailored,dealer,https://craftandtailored.com/products/1994-tudor-submariner-ref-79090-black-dial-w-full-set,7641919783021,2026-08-10T20:59:24+00:00
Rolex,,1601,1971.0,3650.0,USD,asking,2025-04-21,,,,,,,,Craft & Tailored,craft_and_tailored,dealer,https://craftandtailored.com/products/1971-rolex-datejust-ref-1601-silver-sigma-dial,7641827508333,2026-08-10T20:59:24+00:00
Rolex,,5500,,3950.0,USD,asking,2025-04-18,,,,,,,,Craft & Tailored,craft_and_tailored,dealer,https://craftandtailored.com/products/1964-rolex-air-king-ref-5500-gilt-tropical,1483923128429,2026-08-10T20:59:24+00:00
Audemars Piguet,,56303SA,,13250.0,USD,asking,2025-04-18,,,,,,,,Craft & Tailored,craft_and_tailored,dealer,https://craftandtailored.com/products/1990s-audemars-piguet-royal-oak-two-tone-ref-56303sa-champagne-diamond-dial,7640280793197,2026-08-10T20:59:24+00:00
Rolex,,16013,1981.0,5750.0,USD,asking,2025-04-17,,,,,,,,Craft & Tailored,craft_and_tailored,dealer,https://craftandtailored.com/products/1981-rolex-two-tone-datejust-ref-16013-white-lacerte-co-signed-dial,7160425971821,2026-08-10T20:59:24+00:00
Rolex,,1675,1975.0,15750.0,USD,asking,2025-04-15,,,,,,,,Craft & Tailored,craft_and_tailored,dealer,https://craftandtailored.com/products/1975-rolex-gmt-master-ref-1675-mk-iv-dial,7639159242861,2026-08-10T20:59:24+00:00
Rolex,,16660,1984.0,14500.0,USD,asking,2025-04-15,,,,,,,,Craft & Tailored,craft_and_tailored,dealer,https://craftandtailored.com/products/1984-rolex-sea-dweller-ref-16660-spider-dial-w-full-set,7639051272301,2026-08-10T20:59:24+00:00
Gallet,,,1986.0,1100.0,USD,asking,2025-04-15,,,,,,,,Craft & Tailored,craft_and_tailored,dealer,https://craftandtailored.com/products/1986-adanac-military-diver-navigator-copy,7639080534125,2026-08-10T20:59:24+00:00
Rolex,,18239,1995.0,16500.0,USD,asking,2025-04-15,,,,,,,,Craft & Tailored,craft_and_tailored,dealer,https://craftandtailored.com/products/1995-rolex-day-date-18k-wg-ref-18239-non-luminous-silver-diamond-dial,7158954066029,2026-08-10T20:59:24+00:00
Bulova,,386-4,1968.0,1150.0,USD,asking,2025-04-14,,,,,,,,Craft & Tailored,craft_and_tailored,dealer,https://craftandtailored.com/products/1968-bulova-snorkel-skindiver-ref-386-4-devil-diver-1,7591843266669,2026-08-10T20:59:24+00:00
Rolex,,6917,,8500.0,USD,asking,2025-04-09,,,,,,,,Craft & Tailored,craft_and_tailored,dealer,https://craftandtailored.com/products/1974-rolex-ladies-datejust-18k-yg-ref-6917-champagne-w-red-enamel-markers,7635803603053,2026-08-10T20:59:24+00:00
Eberhard,,,,9000.0,USD,asking,2025-04-09,,,,,,,,Craft & Tailored,craft_and_tailored,dealer,https://craftandtailored.com/products/1940s-eberhard-pre-extra-fort-chronograph-cal-16000-gilt-snail-dial,7635830046829,2026-08-10T20:59:24+00:00
Other,,,,2150.0,USD,asking,2025-04-08,,,,,,,,Craft & Tailored,craft_and_tailored,dealer,https://craftandtailored.com/products/copy-of-tropical-1950s-ulysse-nardin-calatrava-ref-6074,7019000103021,2026-08-10T20:59:24+00:00
Seiko,,6138-7000,1971.0,1450.0,USD,asking,2025-04-07,,,,,,,,Craft & Tailored,craft_and_tailored,dealer,https://craftandtailored.com/products/1971-seiko-calculator-chronograph-ref-6138-7001,7634887966829,2026-08-10T20:59:24+00:00
Wittnauer,,7004,,4450.0,USD,asking,2025-04-07,,,,,,,,Craft & Tailored,craft_and_tailored,dealer,https://craftandtailored.com/products/1960s-wittnauer-professional-chronograph-ref-7004,7634860441709,2026-08-10T20:59:24+00:00
Omega,,,1944.0,3250.0,USD,asking,2025-04-07,,,,,,,,Craft & Tailored,craft_and_tailored,dealer,https://craftandtailored.com/products/1944-omega-dress-watch-cal-30t2-black-gilt-dial,7567788507245,2026-08-10T20:59:24+00:00
Cartier,,78086,,8650.0,USD,asking,2025-04-04,,,,,,,,Craft & Tailored,craft_and_tailored,dealer,https://craftandtailored.com/products/1980s-cartier-paris-tank-lc-ref-78086-18k-yg,6962705268845,2026-08-10T20:59:24+00:00
Zodiac,,722-946B,,1850.0,USD,asking,2025-04-03,,,,,,,,Craft & Tailored,craft_and_tailored,dealer,https://craftandtailored.com/products/tropical-1970s-zodiac-sea-wolf-ref-722-946b-1,7633352622189,2026-08-10T20:59:24+00:00
Gallet,,,,5400.0,USD,asking,2025-04-03,,,,,,,,Craft & Tailored,craft_and_tailored,dealer,https://craftandtailored.com/products/1960s-gallet-multichron-12h-chronograph-jim-clark-w-excelsior-park-40-movement,7633332174957,2026-08-10T20:59:24+00:00
Tudor,,79280,2003.0,4150.0,USD,asking,2025-04-03,,,,,,,,Craft & Tailored,craft_and_tailored,dealer,https://craftandtailored.com/products/2003-tudor-tiger-chronograph-ref-79280-silver-dial,7604841971821,2026-08-10T20:59:24+00:00
Omega,,14363-1,1956.0,2500.0,USD,asking,2025-04-02,,,,,,,,Craft & Tailored,craft_and_tailored,dealer,https://craftandtailored.com/products/1956-omega-automatic-seamaster-ref-14363-1-sc-silver-dial-w-horned-lug-case,7633039327341,2026-08-10T20:59:24+00:00
Omega,,165.024,1966.0,9000.0,USD,asking,2025-04-02,,,,,,,,Craft & Tailored,craft_and_tailored,dealer,https://craftandtailored.com/products/omega-seamaster-300-ref-165-024,1467968454765,2026-08-10T20:59:24+00:00
Rolex,,4365,1946.0,2750.0,USD,asking,2025-04-01,,,,,,,,Craft & Tailored,craft_and_tailored,dealer,https://craftandtailored.com/products/1946-rolex-oyster-elegante-ref-4365,7628529664109,2026-08-10T20:59:24+00:00
Other,,,1964.0,950.0,USD,asking,2025-04-01,,,,,,,,Craft & Tailored,craft_and_tailored,dealer,https://craftandtailored.com/products/1964-garrard-dennison-aquatite-9k-yg-dress-watch-awarded-by-ford-motor-company-w-box-papers,7629103300717,2026-08-10T20:59:24+00:00
Tudor,,94010,1981.0,10500.0,USD,asking,2025-03-31,,,,,,,,Craft & Tailored,craft_and_tailored,dealer,https://craftandtailored.com/products/1977-tudor-snowflake-submariner-ref-94010-black-dial-copy,7630162526317,2026-08-10T20:59:24+00:00
Heuer,,11630,,6000.0,USD,asking,2025-03-31,,,,,,,,Craft & Tailored,craft_and_tailored,dealer,https://craftandtailored.com/products/tropical-1970s-heuer-autavia-automatic-chronograph-ref-11630-silver-orange-boy-dial,7630076575853,2026-08-10T20:59:24+00:00
Rolex,,14060M,2009.0,9950.0,USD,asking,2025-03-31,,,,,,,,Craft & Tailored,craft_and_tailored,dealer,https://craftandtailored.com/products/209-rolex-submariner-ref-14060m-4-line-dial-w-full-set,7628569673837,2026-08-10T20:59:24+00:00
Bulova,,2682,1967.0,795.0,USD,asking,2025-03-28,,,,,,,,Craft & Tailored,craft_and_tailored,dealer,https://craftandtailored.com/products/1967-bulova-automatic-dress-watch-ref-2682-mini-565,7628502237293,2026-08-10T20:59:24+00:00
Gallet,,,,2750.0,USD,asking,2025-03-28,,,,,,,,Craft & Tailored,craft_and_tailored,dealer,https://craftandtailored.com/products/1980s-gallet-multichron-12-automatic-chronograph-pvd-valjoux-cal-7750-top-gun,7628513378413,2026-08-10T20:59:24+00:00
Jaeger-LeCoultre,,,,2950.0,USD,asking,2025-03-28,,,,,,,,Craft & Tailored,craft_and_tailored,dealer,https://craftandtailored.com/products/1950s-lecoultre-automatic-powermatic-14k-yg-cal-481-w-box-papers,7628509511789,2026-08-10T20:59:24+00:00
Wittnauer,,,,1350.0,USD,asking,2025-03-27,,,,,,,,Craft & Tailored,craft_and_tailored,dealer,https://craftandtailored.com/products/1940s-wittnauer-dress-watch-14k-yg-24hr-dial,7617390444653,2026-08-10T20:59:24+00:00
Hamilton,,64046-3,,1250.0,USD,asking,2025-03-27,,,,,,,,Craft & Tailored,craft_and_tailored,dealer,https://craftandtailored.com/products/1970s-hamilton-dateline-ufo-ref-64046-3-silver-dial-copy,7620038099053,2026-08-10T20:59:24+00:00
Omega,,2577/2520,1950.0,3450.0,USD,asking,2025-03-25,,,,,,,,Craft & Tailored,craft_and_tailored,dealer,https://craftandtailored.com/products/1950-omega-seamaster-automatic-18k-yg-ref-2577-2520-cal-354,7627482464365,2026-08-10T20:59:24+00:00
Seiko,,6217-7000,1964.0,1350.0,USD,asking,2025-03-25,,,,,,,,Craft & Tailored,craft_and_tailored,dealer,https://craftandtailored.com/products/1964-seiko-automatic-world-time-ref-6217-7000-linen-dial,7626184622189,2026-08-10T20:59:24+00:00
Rolex,,116400V,2009.0,9500.0,USD,asking,2025-03-24,,,,,,,,Craft & Tailored,craft_and_tailored,dealer,https://craftandtailored.com/products/2009-rolex-milgauss-ref-116400v-black-dial-w-full-set,7624794046573,2026-08-10T20:59:24+00:00
Bulova,,7042,1971.0,950.0,USD,asking,2025-03-20,,,,,,,,Craft & Tailored,craft_and_tailored,dealer,https://craftandtailored.com/products/1971-bulova-ladies-super-compressor-diver-o-ref-7042,7620044587117,2026-08-10T20:59:24+00:00
Rolex,,1603,1975.0,7950.0,USD,asking,2025-03-20,,,,,,,,Craft & Tailored,craft_and_tailored,dealer,https://craftandtailored.com/products/1975-rolex-datejust-ref-1603-blue-buckley-dial,7624268284013,2026-08-10T20:59:24+00:00
Rolex,,1016,1960.0,11500.0,USD,asking,2025-03-19,,,,,,,,Craft & Tailored,craft_and_tailored,dealer,https://craftandtailored.com/products/1960-rolex-explorer-i-ref-1016-gilt-swiss-only-chapter-ring-dial,7004814016621,2026-08-10T20:59:24+00:00
Breitling,,2000,1967.0,2750.0,USD,asking,2025-03-19,,,,,,,,Craft & Tailored,craft_and_tailored,dealer,https://craftandtailored.com/products/1960s-breitling-top-time-chronograph-gold-plated-ref-2000-reverse-panda,7620039606381,2026-08-10T20:59:24+00:00
Other,,9035,,950.0,USD,asking,2025-03-17,,,,,,,,Craft & Tailored,craft_and_tailored,dealer,https://craftandtailored.com/products/mint-1960s-louvic-vista-time-jump-hour-ref-9035-w-box-papers,7620073128045,2026-08-10T20:59:24+00:00
Hamilton,,7723,,3600.0,USD,asking,2025-03-17,,,,,,,,Craft & Tailored,craft_and_tailored,dealer,https://craftandtailored.com/products/1960s-hamilton-chronograph-ref-7723-black-reverse-panda-dial,7620069752941,2026-08-10T20:59:24+00:00
Breitling,,815,1974.0,3500.0,USD,asking,2025-03-17,,,,,,,,Craft & Tailored,craft_and_tailored,dealer,https://craftandtailored.com/products/1970s-breitling-top-time-chronograph-gold-plated-ref-815-long-playing,7620031381613,2026-08-10T20:59:24+00:00
Zenith,,,,4250.0,USD,asking,2025-03-14,,,,,,,,Craft & Tailored,craft_and_tailored,dealer,https://craftandtailored.com/products/1970s-zenith-chronograph-for-legant-cal-146hp,7620036558957,2026-08-10T20:59:24+00:00
Breitling,,810,,3800.0,USD,asking,2025-03-14,,,,,,,,Craft & Tailored,craft_and_tailored,dealer,https://craftandtailored.com/products/unpolished-1960s-breitling-top-time-chronograph-gold-plate-ref-810-mk-ii-silver-dial,7620032856173,2026-08-10T20:59:24+00:00
Universal Geneve,,885105/02,1972.0,32000.0,USD,asking,2025-03-12,,,,,,,,Craft & Tailored,craft_and_tailored,dealer,https://craftandtailored.com/products/1960s-universal-geneve-compax-nina-rindtref-885105-02-mk-ii-dial-w-pulsations-bezel,7618993684589,2026-08-10T20:59:24+00:00
Longines,,6B/159,1956.0,2450.0,USD,asking,2025-03-12,,,,,,,,Craft & Tailored,craft_and_tailored,dealer,https://craftandtailored.com/products/copy-of-1956-longines-oversized-5045-dress-watch,7018793697389,2026-08-10T20:59:24+00:00
Breguet,,3560BA,,9500.0,USD,asking,2025-03-12,,,,,,,,Craft & Tailored,craft_and_tailored,dealer,https://craftandtailored.com/products/1980s-breguet-classique-cushion-18k-yg-ref-3560-silver-guilloche-dial,7618636873837,2026-08-10T20:59:24+00:00
Other,,,,1250.0,USD,asking,2025-03-11,,,,,,,,Craft & Tailored,craft_and_tailored,dealer,https://craftandtailored.com/products/1950s-pierre-chevelle-chronograph-venus-cal-188,7617392607341,2026-08-10T20:59:24+00:00
Rolex,,1603,1975.0,5800.0,USD,asking,2025-03-11,,,,,,,,Craft & Tailored,craft_and_tailored,dealer,https://craftandtailored.com/products/1975-rolex-datejust-ref-1603-matte-black-dial-w-box-papers,7618629697645,2026-08-10T20:59:24+00:00
Audemars Piguet,,14790ST,,22500.0,USD,asking,2025-03-10,,,,,,,,Craft & Tailored,craft_and_tailored,dealer,https://craftandtailored.com/products/2000s-audemars-piguet-royal-oak-ref-14790st-mk-iii-blue-dial,7618248245357,2026-08-10T20:59:24+00:00
Omega,,,1968.0,1950.0,USD,asking,2025-03-10,,,,,,,,Craft & Tailored,craft_and_tailored,dealer,https://craftandtailored.com/products/1968-omega-seamaster-de-ville-automatic-gold-cap-ref-km-6068-silver-radial-dial,7542084894829,2026-08-10T20:59:24+00:00
Zenith,,,1916.0,2000.0,USD,asking,2025-03-10,,,,,,,,Craft & Tailored,craft_and_tailored,dealer,https://craftandtailored.com/products/1916-zenith-signal-corps-usa-military-trench-watch,7617388937325,2026-08-10T20:59:24+00:00
Longines,,1025,1975.0,1250.0,USD,asking,2025-03-07,,,,,,,,Craft & Tailored,craft_and_tailored,dealer,https://craftandtailored.com/products/1975-longines-square-dress-watch-ref-1025-1-cal-l-847-3,7617389723757,2026-08-10T20:59:24+00:00
Omega,,166.002,1967.0,1850.0,USD,asking,2025-03-07,,,,,,,,Craft & Tailored,craft_and_tailored,dealer,https://craftandtailored.com/products/1967-omega-geneve-automatic-ref-166-002-cal-565-silver-crosshair-dial,7617389428845,2026-08-10T20:59:24+00:00
Cyma,,,1916.0,2250.0,USD,asking,2025-03-07,,,,,,,,Craft & Tailored,craft_and_tailored,dealer,https://craftandtailored.com/products/1916-cyma-signal-corps-usa-military-trench-watch-copy,7617388675181,2026-08-10T20:59:24+00:00
Omega,,N6596,1956.0,2200.0,USD,asking,2025-03-05,,,,,,,,Craft & Tailored,craft_and_tailored,dealer,https://craftandtailored.com/products/1958-omega-dress-watch-14k-yg-ref-n6596-champagne-quilted-dial,7609751568493,2026-08-10T20:59:24+00:00
Omega,,166.030,1971.0,2150.0,USD,asking,2025-03-04,,,,,,,,Craft & Tailored,craft_and_tailored,dealer,https://craftandtailored.com/products/1971-omega-seamaster-de-ville-automatic-ref-166-030,7615315837037,2026-08-10T20:59:24+00:00
Seiko,,SBGR019,2002.0,2150.0,USD,asking,2025-03-04,,,,,,,,Craft & Tailored,craft_and_tailored,dealer,https://craftandtailored.com/products/copy-of-1973-king-seiko-hi-beat-ref-4502-7001,7000031363181,2026-08-10T20:59:24+00:00
Movado,,19038,,4900.0,USD,asking,2025-03-04,,,,,,,,Craft & Tailored,craft_and_tailored,dealer,https://craftandtailored.com/products/1950s-movado-chronograph-ref-19038-cal-m95,7491988979821,2026-08-10T20:59:24+00:00
Omega,,2846-2848,1956.0,1950.0,USD,asking,2025-03-03,,,,,,,,Craft & Tailored,craft_and_tailored,dealer,https://craftandtailored.com/products/1956-omega-seamaster-automatic-ref-2846-2848-1sc-cal-490-silver-crosshair-dial,7614785421421,2026-08-10T20:59:24+00:00
Piaget,,24001,,15150.0,USD,asking,2025-03-03,,,,,,,,Craft & Tailored,craft_and_tailored,dealer,https://craftandtailored.com/products/1990s-piaget-new-polo-18k-yg-lapis-lazuli-ref-24001-m-517-d-w-lapis-lazuli-dial,7614590320749,2026-08-10T20:59:24+00:00
Seiko,,6105-8000,1969.0,1650.0,USD,asking,2025-03-03,,,,,,,,Craft & Tailored,craft_and_tailored,dealer,https://craftandtailored.com/products/1969-seiko-diver-ref-6105-8000-proof-proof,6956910706797,2026-08-10T20:59:24+00:00
Benrus,,,,6500.0,USD,asking,2025-02-28,,,,,,,,Craft & Tailored,craft_and_tailored,dealer,https://craftandtailored.com/products/1979-benrus-type-2-class-a-milsub-copy,7613194010733,2026-08-10T20:59:24+00:00
Cartier,,78096,,21500.0,USD,asking,2025-02-28,,,,,,,,Craft & Tailored,craft_and_tailored,dealer,https://craftandtailored.com/products/1970s-cartier-paris-cristallor-18k-yg-ref-78096-jumbo,7613184737389,2026-08-10T20:59:24+00:00
Omega,,,1954.0,1450.0,USD,asking,2025-02-27,,,,,,,,Craft & Tailored,craft_and_tailored,dealer,https://craftandtailored.com/products/1954-omega-seamaster-automatic-cal-354-ref-c-2577-3-sc-black-honeycomb-dial,7609766183021,2026-08-10T20:59:24+00:00
Bulova,,761,,1200.0,USD,asking,2025-02-27,,,,,,,,Craft & Tailored,craft_and_tailored,dealer,https://craftandtailored.com/products/1969-bulova-skystar-world-time-ref-761-white-dial,7612850634861,2026-08-10T20:59:24+00:00
Omega,,166.099,1973.0,1350.0,USD,asking,2025-02-27,,,,,,,,Craft & Tailored,craft_and_tailored,dealer,https://craftandtailored.com/products/1972-omega-geneve-ref-166-099,7612841230445,2026-08-10T20:59:24+00:00
Omega,,LU6304,1967.0,1500.0,USD,asking,2025-02-25,,,,,,,,Craft & Tailored,craft_and_tailored,dealer,https://craftandtailored.com/products/1967-omega-automatic-gold-filled-ref-lu6304-blue-bonnet-bowl-dial,7599925526637,2026-08-10T20:59:24+00:00
Omega,,166.032,1970.0,1350.0,USD,asking,2025-02-25,,,,,,,,Craft & Tailored,craft_and_tailored,dealer,https://craftandtailored.com/products/1970-omega-seamaster-automatic-ref-168-023-cal-750,7611846983789,2026-08-10T20:59:24+00:00
Girard Perregaux,,9034,,2200.0,USD,asking,2025-02-25,,,,,,,,Craft & Tailored,craft_and_tailored,dealer,https://craftandtailored.com/products/1960s-girard-perregaux-moon-watch-ref-9034-bb-playboy,7611739373677,2026-08-10T20:59:24+00:00
Elgin,,,,4850.0,USD,asking,2025-02-24,,,,,,,,Craft & Tailored,craft_and_tailored,dealer,https://craftandtailored.com/products/1920s-elgin-depollier-military-waterproof-watch,7609775259757,2026-08-10T20:59:24+00:00
Other,,3174.20,,2950.0,USD,asking,2025-02-24,,,,,,,,Craft & Tailored,craft_and_tailored,dealer,https://craftandtailored.com/products/1980s-rodania-for-alfa-romeo-chronograph-ref-3174-20,6650825310317,2026-08-10T20:59:24+00:00
Omega,,168005/6,1966.0,4250.0,USD,asking,2025-02-24,,,,,,,,Craft & Tailored,craft_and_tailored,dealer,https://craftandtailored.com/products/1966-omega-constellation-14k-yg-ref-168005-6-gold-pie-pan-dial,7611262533741,2026-08-10T20:59:24+00:00
Tissot,,,1916.0,1850.0,USD,asking,2025-02-24,,,,,,,,Craft & Tailored,craft_and_tailored,dealer,https://craftandtailored.com/products/1916-tissot-signal-corps-usa-military-trench-watch,7609747570797,2026-08-10T20:59:24+00:00
Nivada Grenchen,,,,600.0,USD,asking,2025-02-24,,,,,,,,Craft & Tailored,craft_and_tailored,dealer,https://craftandtailored.com/products/1970s-nivada-grenchen-antarctic-iii-linen-dial,7609741869165,2026-08-10T20:59:24+00:00
Eterna,,,,1950.0,USD,asking,2025-02-24,,,,,,,,Craft & Tailored,craft_and_tailored,dealer,https://craftandtailored.com/products/nos-1940s-eterna-matic-cintree-style-dress-watch-w-box-tags,7609734365293,2026-08-10T20:59:24+00:00
Omega,,165.002,1967.0,2450.0,USD,asking,2025-02-20,,,,,,,,Craft & Tailored,craft_and_tailored,dealer,https://craftandtailored.com/products/1967-omega-seamaster-technic-ref-165-002-black-dial-w-red-crosshair-1,7609708642413,2026-08-10T20:59:24+00:00
Omega,,F6231,1950.0,1350.0,USD,asking,2025-02-19,,,,,,,,Craft & Tailored,craft_and_tailored,dealer,https://craftandtailored.com/products/1950-omega-automatic-dress-watch-14k-gold-filled-ref-f6231-1-cal-351,7602792792173,2026-08-10T20:59:24+00:00
Cartier,,17002,,16500.0,USD,asking,2025-02-18,,,,,,,,Craft & Tailored,craft_and_tailored,dealer,https://craftandtailored.com/products/1970s-cartier-tank-automatique-18k-yg-ref-17002-jumbo-xl-1,7494725435501,2026-08-10T20:59:24+00:00
Omega,,145.014,1970.0,3500.0,USD,asking,2025-02-18,,,,,,,,Craft & Tailored,craft_and_tailored,dealer,https://craftandtailored.com/products/1970-omega-speedmaster-professional-mark-ii-ref-145-014-cal-861-w-extra-bracelet,7608042127469,2026-08-10T20:59:24+00:00
Cartier,,96065,1984.0,14000.0,USD,asking,2025-02-18,,,,,,,,Craft & Tailored,craft_and_tailored,dealer,https://craftandtailored.com/products/1984-cartier-paris-tank-lc-18k-yg-ref-96065-extra-plate-w-box-papers,7607818485869,2026-08-10T20:59:24+00:00
Tudor,,79260P,2000.0,3150.0,USD,asking,2025-02-17,,,,,,,,Craft & Tailored,craft_and_tailored,dealer,https://craftandtailored.com/products/2000-tudor-tiger-chronograph-ref-79260p-black-dial,7606296871021,2026-08-10T20:59:24+00:00
Omega,,14393,1960.0,2950.0,USD,asking,2025-02-17,,,,,,,,Craft & Tailored,craft_and_tailored,dealer,https://craftandtailored.com/products/1960-omega-constellation-rose-gold-cap-ref-14393-1-sc-stepped-two-tone-pie-pan-dial,7606287695981,2026-08-10T20:59:24+00:00
Omega,,LL6287-1,1961.0,2150.0,USD,asking,2025-02-17,,,,,,,,Craft & Tailored,craft_and_tailored,dealer,https://craftandtailored.com/products/1961-omega-seamaster-automatic-ref-ll6287-1-cal-550,7606292185197,2026-08-10T20:59:24+00:00
Piaget,,12603,,2050.0,USD,asking,2025-02-17,,,,,,,,Craft & Tailored,craft_and_tailored,dealer,https://craftandtailored.com/products/1980s-piaget-automatic-dress-watch-18k-yg-ref-12603-cal-12p,7520790741101,2026-08-10T20:59:24+00:00
Heuer,,CBN2A1B,2020.0,4500.0,USD,asking,2025-02-14,,,,,,,,Craft & Tailored,craft_and_tailored,dealer,https://craftandtailored.com/products/2020-tag-heuer-carrera-chronograph-ref-cbn2a1b,7594334060653,2026-08-10T20:59:24+00:00
Heuer,,1614,,3500.0,USD,asking,2025-02-14,,,,,,,,Craft & Tailored,craft_and_tailored,dealer,https://craftandtailored.com/products/1970s-heuer-chronograph-ref-1614-valjoux-cal-7765-made-in-france-1,7594335862893,2026-08-10T20:59:24+00:00
Heuer,,283,,1450.0,USD,asking,2025-02-14,,,,,,,,Craft & Tailored,craft_and_tailored,dealer,https://craftandtailored.com/products/1980s-heuer-2000-quartz-chronograph-ref-283-306-1,7594336714861,2026-08-10T20:59:24+00:00
Other,,7750,,3650.0,USD,asking,2025-02-14,,,,,,,,Craft & Tailored,craft_and_tailored,dealer,https://craftandtailored.com/products/1980s-lejour-chronograph-ref-7750-original-pvd-top-gun,7594340188269,2026-08-10T20:59:24+00:00
Omega,,145.014,1973.0,3000.0,USD,asking,2025-02-14,,,,,,,,Craft & Tailored,craft_and_tailored,dealer,https://craftandtailored.com/products/1973-omega-speedmaster-professional-mark-ii-ref-145-014-racing-dial-cal-861,7594342023277,2026-08-10T20:59:24+00:00
Seiko,,6139-6005,1977.0,1150.0,USD,asking,2025-02-14,,,,,,,,Craft & Tailored,craft_and_tailored,dealer,https://craftandtailored.com/products/1977-seiko-automatic-chronograph-ref-6139-6005-blue-pogue,7597303169133,2026-08-10T20:59:24+00:00
Gruen,,,,650.0,USD,asking,2025-02-14,,,,,,,,Craft & Tailored,craft_and_tailored,dealer,https://craftandtailored.com/products/1960s-gruen-precision-alarm,7597305004141,2026-08-10T20:59:24+00:00
Other,,,,3500.0,USD,asking,2025-02-14,,,,,,,,Craft & Tailored,craft_and_tailored,dealer,https://craftandtailored.com/products/1980s-sc-turbo-design-chronograph-original-pvd,7597307691117,2026-08-10T20:59:24+00:00
Hamilton,,,1979.0,900.0,USD,asking,2025-02-14,,,,,,,,Craft & Tailored,craft_and_tailored,dealer,https://craftandtailored.com/products/1979-hamilton-military-watch-mil-w-46374b,7597342457965,2026-08-10T20:59:24+00:00
Seiko,,6139-7100,1977.0,950.0,USD,asking,2025-02-14,,,,,,,,Craft & Tailored,craft_and_tailored,dealer,https://craftandtailored.com/products/1977-seiko-automatic-chronograph-ref-6139-7100,7597345570925,2026-08-10T20:59:24+00:00
Other,,,,1150.0,USD,asking,2025-02-14,,,,,,,,Craft & Tailored,craft_and_tailored,dealer,https://craftandtailored.com/products/1970s-jopel-chronograph-date-valjoux-cal-7734,7597350453357,2026-08-10T20:59:24+00:00
Other,,,,650.0,USD,asking,2025-02-14,,,,,,,,Craft & Tailored,craft_and_tailored,dealer,https://craftandtailored.com/products/tropical-1960s-satellite-skin-diver,7597354221677,2026-08-10T20:59:24+00:00
Seiko,,6139-6000,1969.0,2450.0,USD,asking,2025-02-14,,,,,,,,Craft & Tailored,craft_and_tailored,dealer,https://craftandtailored.com/products/1969-seiko-automatic-chronograph-pogue-ref-6139-6000-notch-case,7599932932205,2026-08-10T20:59:24+00:00
Other,,,,200.0,USD,asking,2025-02-14,,,,,,,,Craft & Tailored,craft_and_tailored,dealer,https://craftandtailored.com/products/1960s-fortis-eloga-flipper-plastic-sports-watch-pulsations-bezel,7599934570605,2026-08-10T20:59:24+00:00
Omega,,145.014,1973.0,3000.0,USD,asking,2025-02-14,,,,,,,,Craft & Tailored,craft_and_tailored,dealer,https://craftandtailored.com/products/1973-omega-speedmaster-professional-mark-ii-ref-145-014-racing-dial-cal-862,7600746070125,2026-08-10T20:59:24+00:00
Gruen,,,,5000.0,USD,asking,2025-02-13,,,,,,,,Craft & Tailored,craft_and_tailored,dealer,https://craftandtailored.com/products/tropical-1960s-gruen-ocean-chief-diver,7145566732397,2026-08-10T20:59:24+00:00
Rolex,,16700,1991.0,10500.0,USD,asking,2025-02-13,,,,,,,,Craft & Tailored,craft_and_tailored,dealer,https://craftandtailored.com/products/1991-rolex-gmt-master-ref-16700-w-rsc-paper,7605868232813,2026-08-10T20:59:24+00:00
Cartier,,,,17500.0,USD,asking,2025-02-12,,,,,,,,Craft & Tailored,craft_and_tailored,dealer,https://craftandtailored.com/products/1920s-cartier-duoplan-platinum-cal-101,7605533245549,2026-08-10T20:59:24+00:00
Seiko,,4006-6031,1972.0,950.0,USD,asking,2025-02-11,,,,,,,,Craft & Tailored,craft_and_tailored,dealer,https://craftandtailored.com/products/1972-seiko-bell-matic-alarm-ref-4006-6031-blue-dial,7542081388653,2026-08-10T20:59:24+00:00
Omega,,,1916.0,2250.0,USD,asking,2025-02-11,,,,,,,,Craft & Tailored,craft_and_tailored,dealer,https://craftandtailored.com/products/1916-omega-signal-corps-usa-military-trench-watch-sterling-silver,7602790072429,2026-08-10T20:59:24+00:00
Omega,,,1947.0,2500.0,USD,asking,2025-02-11,,,,,,,,Craft & Tailored,craft_and_tailored,dealer,https://craftandtailored.com/products/1947-omega-seamaster-automatic-14k-yg-ref-f-6516-silver-guilloche-dial,7605117288557,2026-08-10T20:59:24+00:00
Seiko,,6138-0030,1976.0,900.0,USD,asking,2025-02-11,,,,,,,,Craft & Tailored,craft_and_tailored,dealer,https://craftandtailored.com/products/1976-seiko-automatic-chronograph-ref-6138-0030-kakume,7605107490925,2026-08-10T20:59:24+00:00
Patek Philippe,,5034J,,13950.0,USD,asking,2025-02-10,,,,,,,,Craft & Tailored,craft_and_tailored,dealer,https://craftandtailored.com/products/1990s-patek-philippe-calatrava-travel-time-18k-yg-ref-5034j-w-papers,7604817854573,2026-08-10T20:59:24+00:00
Panerai,,PAM,2008.0,6500.0,USD,asking,2025-02-10,,,,,,,,Craft & Tailored,craft_and_tailored,dealer,https://craftandtailored.com/products/2008-panerai-luminor-daylight-chronograph-titanium-ref-pam-00326-w-box-papers,7602761400429,2026-08-10T20:59:24+00:00
Tudor,,79280P,,3850.0,USD,asking,2025-02-07,,,,,,,,Craft & Tailored,craft_and_tailored,dealer,https://craftandtailored.com/products/2004-tudor-prince-date-chronograph-ref-79280p-black-dial,7602765856877,2026-08-10T20:59:24+00:00
Porsche Design,,7750,,3650.0,USD,asking,2025-02-07,,,,,,,,Craft & Tailored,craft_and_tailored,dealer,https://craftandtailored.com/products/1980s-porsche-design-chronograph-ref-7750,7602769002605,2026-08-10T20:59:24+00:00
Omega,,2269.50.00,2017.0,4800.0,USD,asking,2025-02-07,,,,,,,,Craft & Tailored,craft_and_tailored,dealer,https://craftandtailored.com/products/2017-omega-seamaster-americas-cup-regatta-chronograph-titanium-ref-22-69-5000-w-box-papers,7602765430893,2026-08-10T20:59:24+00:00
Audemars Piguet,,5205,,7800.0,USD,asking,2025-02-07,,,,,,,,Craft & Tailored,craft_and_tailored,dealer,https://craftandtailored.com/products/1970s-audemars-piguet-automatic-18k-wg-ref-5205-silver-dial,7603196887149,2026-08-10T20:59:24+00:00
Rolex,,16570,,7450.0,USD,asking,2025-02-05,,,,,,,,Craft & Tailored,craft_and_tailored,dealer,https://craftandtailored.com/products/1993-rolex-explorer-ii-ref-16570-black-dial-w-box-papers-1,7601879810157,2026-08-10T20:59:24+00:00
Omega,,14910,,950.0,USD,asking,2025-02-04,,,,,,,,Craft & Tailored,craft_and_tailored,dealer,https://craftandtailored.com/products/tropical-1963-omega-seamaster-de-ville-automatic-ref-14910-sc-62-meister-co-signed-dial,7601618681965,2026-08-10T20:59:24+00:00
Rolex,,6285,1954.0,3650.0,USD,asking,2025-02-04,,,,,,,,Craft & Tailored,craft_and_tailored,dealer,https://craftandtailored.com/products/1954-rolex-oyster-perpetual-ref-6285-white-honeycomb-dial,7601610096749,2026-08-10T20:59:24+00:00
Rolex,,1603,1969.0,5500.0,USD,asking,2025-02-04,,,,,,,,Craft & Tailored,craft_and_tailored,dealer,https://craftandtailored.com/products/1967-rolex-datejust-ref-1603-black-confetti-dial,7601612193901,2026-08-10T20:59:24+00:00
Other,,,,950.0,USD,asking,2025-02-04,,,,,,,,Craft & Tailored,craft_and_tailored,dealer,https://craftandtailored.com/products/1970s-bucherer-automatic-cushion-case-watch,7599952035949,2026-08-10T20:59:24+00:00
Heuer,,750.501,,5000.0,USD,asking,2025-02-04,,,,,,,preowned,Craft & Tailored,craft_and_tailored,dealer,https://craftandtailored.com/products/1980s-heuer-pasadena-chronograph-ref-750-501-factory-pvd-copy,7599918612589,2026-08-10T20:59:24+00:00
Heuer,,150.501,,3950.0,USD,asking,2025-01-31,,,,,,,,Craft & Tailored,craft_and_tailored,dealer,https://craftandtailored.com/products/unpolished-1970s-heuer-monza-chronograph-ref-150-501-cal-15-pvd-case-1,7600094019693,2026-08-10T20:59:24+00:00
IWC,,1872,,1450.0,USD,asking,2025-01-31,,,,,,,,Craft & Tailored,craft_and_tailored,dealer,https://craftandtailored.com/products/1970s-iwc-automatic-cal-8541b-ref-1872-blue-turler-co-signed-dial,7599917989997,2026-08-10T20:59:24+00:00
Rolex,,16570,1993.0,7950.0,USD,asking,2025-01-31,,,,,,,,Craft & Tailored,craft_and_tailored,dealer,https://craftandtailored.com/products/1993-rolex-explorer-ii-ref-16570-black-dial-w-box-papers,7600066822253,2026-08-10T20:59:24+00:00
Patek Philippe,,565,1956.0,98500.0,USD,asking,2025-01-30,,,,,,,,Craft & Tailored,craft_and_tailored,dealer,https://craftandtailored.com/products/1956-patek-philippe-calatrava-18k-rg-ref-565-two-tone-silver-hausmann-co-dial,7599777054829,2026-08-10T20:59:24+00:00
Cartier,,,,1350.0,USD,asking,2025-01-30,,,,,,,,Craft & Tailored,craft_and_tailored,dealer,https://craftandtailored.com/products/1980s-cartier-tank-manual-wind-gold-plaque-1,7599711191149,2026-08-10T20:59:24+00:00
Rolex,,14060,1994.0,9500.0,USD,asking,2025-01-30,,,,,,,,Craft & Tailored,craft_and_tailored,dealer,https://craftandtailored.com/products/1994-rolex-submariner-ref-14060-w-papers,7599743991917,2026-08-10T20:59:24+00:00
Cartier,,,,17650.0,USD,asking,2025-01-29,,,,,,,,Craft & Tailored,craft_and_tailored,dealer,https://craftandtailored.com/products/1960s-cartier-paris-tank-normale-18k-yg-pussykin,7598712193133,2026-08-10T20:59:24+00:00
Rolex,,14270,1997.0,6450.0,USD,asking,2025-01-29,,,,,,,,Craft & Tailored,craft_and_tailored,dealer,https://craftandtailored.com/products/1997-rolex-explorer-i-ref-14270-w-box-papers,7599482110061,2026-08-10T20:59:24+00:00
Rolex,,126710,2019.0,20800.0,USD,asking,2025-01-28,,,,,,,,Craft & Tailored,craft_and_tailored,dealer,https://craftandtailored.com/products/2019-rolex-gmt-master-ii-ref-126710-blro-w-full-set,7598996619373,2026-08-10T20:59:24+00:00
Vacheron Constantin,,4072,,29000.0,USD,asking,2025-01-28,,,,,,,,Craft & Tailored,craft_and_tailored,dealer,https://craftandtailored.com/products/1950s-vacheron-constantin-chronograph-18k-yg-ref-4072-cal-492,7598943502445,2026-08-10T20:59:24+00:00
Cartier,,,,17850.0,USD,asking,2025-01-28,,,,,,,,Craft & Tailored,craft_and_tailored,dealer,https://craftandtailored.com/products/1940s-cartier-tank-allongee-duoplan-two-tone-18k-yg-wg-case-w-18k-rg-bracelet,7598870560877,2026-08-10T20:59:24+00:00
Universal Geneve,,B1023411,,5250.0,USD,asking,2025-01-27,,,,,,,,Craft & Tailored,craft_and_tailored,dealer,https://craftandtailored.com/products/1960s-universal-geneve-polerouter-de-luxe-18k-yg-ref-b1023411-two-tone-dial-w-box,7598578991213,2026-08-10T20:59:24+00:00
Movado,,49020,,15200.0,USD,asking,2025-01-24,,,,,,,,Craft & Tailored,craft_and_tailored,dealer,https://craftandtailored.com/products/1940s-cartier-branded-movado-cal-m95-chronograph-14k-yg-ref-49020,7597783679085,2026-08-10T20:59:24+00:00
Omega,,2603-2,1950.0,2850.0,USD,asking,2025-01-23,,,,,,,,Craft & Tailored,craft_and_tailored,dealer,https://craftandtailored.com/products/1950-omega-jumbo-dress-watch-ref-2603-2-sc-silver-dial-cal-265,7581661560941,2026-08-10T20:59:24+00:00
Other,,,,1250.0,USD,asking,2025-01-23,,,,,,,,Craft & Tailored,craft_and_tailored,dealer,https://craftandtailored.com/products/1940s-le-saleve-chronograph-poor-mans-piccolino,7583707037805,2026-08-10T20:59:24+00:00
Other,,,,6650.0,USD,asking,2025-01-22,,,,,,,,Craft & Tailored,craft_and_tailored,dealer,https://craftandtailored.com/products/tropical-1969-dodane-type-21-french-air-force-flyback-chronograph-2nd-generation,7594847993965,2026-08-10T20:59:24+00:00
Breitling,,806,1955.0,15000.0,USD,asking,2025-01-22,,,,,,,,Craft & Tailored,craft_and_tailored,dealer,https://craftandtailored.com/products/1955-breitling-navitimer-aopa-ref-806-valjoux-cal-72,7594841407597,2026-08-10T20:59:24+00:00
Rolex,,1675,1966.0,16850.0,USD,asking,2025-01-17,,,,,,,,Craft & Tailored,craft_and_tailored,dealer,https://craftandtailored.com/products/1966-rolex-gmt-master-ref-1675-mk-0-5-dial,7594883219565,2026-08-10T20:59:24+00:00
Omega,,,,3750.0,USD,asking,2025-01-17,,,,,,,,Craft & Tailored,craft_and_tailored,dealer,https://craftandtailored.com/products/1940s-omega-dirty-dozen-military-watch-cal-30t2-copy,7594383769709,2026-08-10T20:59:24+00:00
Zodiac,,758,,1250.0,USD,asking,2025-01-16,,,,,,,,Craft & Tailored,craft_and_tailored,dealer,https://craftandtailored.com/products/1960s-zodiac-hermetic-aerospace-jet-24hr-ref-758,7593990815853,2026-08-10T20:59:24+00:00
Cartier,,78086,,7950.0,USD,asking,2025-01-15,,,,,,,,Craft & Tailored,craft_and_tailored,dealer,https://craftandtailored.com/products/1980s-cartier-tank-lc-18k-yg-ref-78086,7593447391341,2026-08-10T20:59:24+00:00
Jaeger-LeCoultre,,3151,,3850.0,USD,asking,2025-01-15,,,,,,,,Craft & Tailored,craft_and_tailored,dealer,https://craftandtailored.com/products/1950s-cartier-branded-jaeger-lecoultre-memovox-alarm-ref-3151-cal-p489-1,7593451880557,2026-08-10T20:59:24+00:00
Cartier,,78091,,6500.0,USD,asking,2025-01-15,,,,,,,,Craft & Tailored,craft_and_tailored,dealer,https://craftandtailored.com/products/1970s-cartier-paris-ellipse-18k-yg-ref-78091,7593445032045,2026-08-10T20:59:24+00:00
Rolex,,6532,1955.0,5500.0,USD,asking,2025-01-15,,,,,,,,Craft & Tailored,craft_and_tailored,dealer,https://craftandtailored.com/products/1956-rolex-oyster-perpetual-ref-6532-black-gilt-depth-rating-dial-w-flat-sides-case,7593449357421,2026-08-10T20:59:24+00:00
Omega,,,1960.0,2650.0,USD,asking,2025-01-14,,,,,,,,Craft & Tailored,craft_and_tailored,dealer,https://craftandtailored.com/products/1960-omega-seamaster-automatic-14k-yg-ref-l-6590-gold-tapestry-dial,7570598396013,2026-08-10T20:59:24+00:00
Longines,,1542-1,1974.0,1050.0,USD,asking,2025-01-14,,,,,,,,Craft & Tailored,craft_and_tailored,dealer,https://craftandtailored.com/products/1974-longines-conquest-ref-1542-1-blue-dial,7567783854189,2026-08-10T20:59:24+00:00
Patek Philippe,,2457,1951.0,11950.0,USD,asking,2025-01-14,,,,,,,,Craft & Tailored,craft_and_tailored,dealer,https://craftandtailored.com/products/1951-patek-philippe-calatrava-ref-2457-18k-yg-w-box-extract-from-the-archives,6689888272493,2026-08-10T20:59:24+00:00
Nivada Grenchen,,14301,,850.0,USD,asking,2025-01-13,,,,,,,,Craft & Tailored,craft_and_tailored,dealer,https://craftandtailored.com/products/1970s-nivada-chronograph-ref-14301-blue-dial-valjoux-cal-7730,7591868268653,2026-08-10T20:59:24+00:00
Piaget,,7142,,2900.0,USD,asking,2025-01-13,,,,,,,,Craft & Tailored,craft_and_tailored,dealer,https://craftandtailored.com/products/1980s-piaget-quartz-dress-watch-18k-yg-ref-7142-onyx-stone-dial,7591827669101,2026-08-10T20:59:24+00:00
Zodiac,,842-888,,950.0,USD,asking,2025-01-07,,,,,,,,Craft & Tailored,craft_and_tailored,dealer,https://craftandtailored.com/products/1970s-zodiac-chronograph-ref-842-888-valjoux-cal-7734,7589426593901,2026-08-10T20:59:24+00:00
Bulova,,,1961.0,975.0,USD,asking,2025-01-06,,,,,,,,Craft & Tailored,craft_and_tailored,dealer,https://craftandtailored.com/products/1961-bulova-mil-w-3818a-u-s-military-watch,7589060280429,2026-08-10T20:59:24+00:00
Seiko,,6138-0011,1974.0,950.0,USD,asking,2025-01-06,,,,,,,,Craft & Tailored,craft_and_tailored,dealer,https://craftandtailored.com/products/1974-seiko-automatic-chronograph-ref-6138-0011-ufo,7589049204845,2026-08-10T20:59:24+00:00
DOXA,,15001,,1250.0,USD,asking,2025-01-06,,,,,,,,Craft & Tailored,craft_and_tailored,dealer,https://craftandtailored.com/products/1950s-doxa-dead-beat-dress-watch-ref-15001,7588995498093,2026-08-10T20:59:24+00:00
Omega,,2499,1948.0,3950.0,USD,asking,2025-01-02,,,,,,,,Craft & Tailored,craft_and_tailored,dealer,https://craftandtailored.com/products/1950-omega-automatic-chronometer-centenary-18k-g-ref-2499-cal-343-w-box,7587989946477,2026-08-10T20:59:24+00:00
Other,,,,3650.0,USD,asking,2024-12-30,,,,,,,,Craft & Tailored,craft_and_tailored,dealer,https://craftandtailored.com/products/1950s-kelbert-chronograph-18k-yg-valjoux-72,7581657235565,2026-08-10T20:59:24+00:00
Omega,,,1969.0,1500.0,USD,asking,2024-12-30,,,,,,,,Craft & Tailored,craft_and_tailored,dealer,https://craftandtailored.com/products/1969-omega-automatic-seamaster-gold-filled-ref-km-6323-chevrolet,7583713296493,2026-08-10T20:59:24+00:00
Omega,,166.0161,1974.0,1950.0,USD,asking,2024-12-27,,,,,,,,Craft & Tailored,craft_and_tailored,dealer,https://craftandtailored.com/products/1974-omega-de-ville-automatic-ref-166-0161-uss-honors-watch,7581646651501,2026-08-10T20:59:24+00:00
Longines,,1075,,1850.0,USD,asking,2024-12-27,,,,,,,,Craft & Tailored,craft_and_tailored,dealer,https://craftandtailored.com/products/tropical-1960s-longines-stainless-steel-bracelet-watch-cal-18l-ref-1075-blue-mosaic-diamond-dial,7583705038957,2026-08-10T20:59:24+00:00
Zenith,,,,1600.0,USD,asking,2024-12-27,,,,,,,,Craft & Tailored,craft_and_tailored,dealer,https://craftandtailored.com/products/1960s-zenith-stainless-steel-dress-watch-w-blue-enamel-markers-hands-cal-2542,7581651632237,2026-08-10T20:59:24+00:00
IWC,,,,6350.0,USD,asking,2024-12-24,,,,,,,,Craft & Tailored,craft_and_tailored,dealer,https://craftandtailored.com/products/1950s-iwc-stepped-case-rectangular-dress-watch-18k-wg-w-breguet-numerals-hands,7583707562093,2026-08-10T20:59:24+00:00
Seiko,,6105-8000,1969.0,1950.0,USD,asking,2024-12-24,,,,,,,,Craft & Tailored,craft_and_tailored,dealer,https://craftandtailored.com/products/1969-seiko-automatic-diver-ref-6105-8000-proof-proof-copy,7583715033197,2026-08-10T20:59:24+00:00
Omega,,2846-2848,1954.0,2650.0,USD,asking,2024-12-23,,,,,,,,Craft & Tailored,craft_and_tailored,dealer,https://craftandtailored.com/products/1954-omega-seamaster-automatic-18k-yg-ref-2846-2848-1sc-cal-501-black-honeycomb-dial,7583713951853,2026-08-10T20:59:24+00:00
Jaeger-LeCoultre,,,,1250.0,USD,asking,2024-12-23,,,,,,,,Craft & Tailored,craft_and_tailored,dealer,https://craftandtailored.com/products/1960s-lecoultre-ladies-art-deco-watch-14k-wg,7562254549101,2026-08-10T20:59:24+00:00
Heuer,,750.501,,5250.0,USD,asking,2024-12-20,,,,,,,,Craft & Tailored,craft_and_tailored,dealer,https://craftandtailored.com/products/1980s-heuer-pasadena-chronograph-ref-750-501-factory-pvd,7582704533613,2026-08-10T20:59:24+00:00
Cartier,,2960,,9850.0,USD,asking,2024-12-19,,,,,,,,Craft & Tailored,craft_and_tailored,dealer,https://craftandtailored.com/products/1980s-cartier-santos-carree-ref-2960-ghost-dial-w-box-papers,7583575933037,2026-08-10T20:59:24+00:00
Rolex,,6084,1952.0,4850.0,USD,asking,2024-12-19,,,,,,,,Craft & Tailored,craft_and_tailored,dealer,https://craftandtailored.com/products/1952-rolex-oyster-perpetual-18k-yg-ref-6084-big-bubble-back-patina-dial,7583565316205,2026-08-10T20:59:24+00:00
Longines,,5150,1943.0,1950.0,USD,asking,2024-12-19,,,,,,,,Craft & Tailored,craft_and_tailored,dealer,https://craftandtailored.com/products/1943-longines-military-field-watch-ref-5150-cal-12l,7583551291501,2026-08-10T20:59:24+00:00
Omega,,166.042,1972.0,1500.0,USD,asking,2024-12-18,,,,,,,,Craft & Tailored,craft_and_tailored,dealer,https://craftandtailored.com/products/1972-omega-seamaster-automatic-square-case-ref-166-042-linen-dial,7567779070061,2026-08-10T20:59:24+00:00
Other,,,,1350.0,USD,asking,2024-12-18,,,,,,,,Craft & Tailored,craft_and_tailored,dealer,https://craftandtailored.com/products/1950s-waltham-u-s-military-issued-pilots-watch-type-a-17-korean-war-era-1,7583156043885,2026-08-10T20:59:24+00:00
Breguet,,3300BA,,6650.0,USD,asking,2024-12-18,,,,,,,,Craft & Tailored,craft_and_tailored,dealer,https://craftandtailored.com/products/1990s-breguet-classique-moonphase-18k-yg-ref-3300ba,7583132385389,2026-08-10T20:59:24+00:00
Other,,,1939.0,1500.0,USD,asking,2024-12-17,,,,,,,,Craft & Tailored,craft_and_tailored,dealer,https://craftandtailored.com/products/1939-waltham-gold-plated-cushion-dress-watch-chevrolet-soap-box-derby-city-champion,7581674373229,2026-08-10T20:59:24+00:00
Other,,1001,,1500.0,USD,asking,2024-12-17,,,,,,,,Craft & Tailored,craft_and_tailored,dealer,https://craftandtailored.com/products/1970s-aquastar-atoll-diver-ref-1001,7581659201645,2026-08-10T20:59:24+00:00
Jaeger-LeCoultre,,,,1250.0,USD,asking,2024-12-16,,,,,,,,Craft & Tailored,craft_and_tailored,dealer,https://craftandtailored.com/products/1960s-lecoultre-ladies-art-deco-watch-14k-yg,7562250944621,2026-08-10T20:59:24+00:00
Rolex,,16710,1991.0,10750.0,USD,asking,2024-12-16,,,,,,,,Craft & Tailored,craft_and_tailored,dealer,https://craftandtailored.com/products/1991-rolex-gmt-master-ii-ref-16710-coke-2,7582697947245,2026-08-10T20:59:24+00:00
Elgin,,,,5500.0,USD,asking,2024-12-16,,,,,,,,Craft & Tailored,craft_and_tailored,dealer,https://craftandtailored.com/products/elgin-usn-buships-canteen-watch-wwii,7581641408621,2026-08-10T20:59:24+00:00
Cartier,,,,1650.0,USD,asking,2024-12-16,,,,,,,,Craft & Tailored,craft_and_tailored,dealer,https://craftandtailored.com/products/1980s-cartier-tank-louis-manual-wind-18k-gold-plated-black-dial,7581238165613,2026-08-10T20:59:24+00:00
Heuer,,110.503,,4950.0,USD,asking,2024-12-13,,,,,,,,Craft & Tailored,craft_and_tailored,dealer,https://craftandtailored.com/products/1970s-heuer-montreal-ref-110-503-black-dial-cal-12,7581687087213,2026-08-10T20:59:24+00:00
Patek Philippe,,5990/1A,,112000.0,USD,asking,2024-12-13,,,,,,,,Craft & Tailored,craft_and_tailored,dealer,https://craftandtailored.com/products/2019-patek-philippe-nautilus-travel-time-ref-5990-1a-grey-dial-w-full-set,7581723721837,2026-08-10T20:59:24+00:00
Rolex,,16710,,11950.0,USD,asking,2024-12-12,,,,,,,,Craft & Tailored,craft_and_tailored,dealer,https://craftandtailored.com/products/1995-rolex-gmt-master-ii-ref-16710-coke,7581150773357,2026-08-10T20:59:24+00:00
Rolex,,1603,1973.0,3750.0,USD,asking,2024-12-12,,,,,,,,Craft & Tailored,craft_and_tailored,dealer,https://craftandtailored.com/products/1973-rolex-datejust-ref-1603-silver-dial,7581157654637,2026-08-10T20:59:24+00:00
Rolex,,18238,,15800.0,USD,asking,2024-12-11,,,,,,,,Craft & Tailored,craft_and_tailored,dealer,https://craftandtailored.com/products/1988-rolex-day-date-18k-yg-ref-18238-champagne-diamond-dial-w-box-papers,7580742484077,2026-08-10T20:59:24+00:00
Rolex,,1016,1984.0,16950.0,USD,asking,2024-12-11,,,,,,,,Craft & Tailored,craft_and_tailored,dealer,https://craftandtailored.com/products/1982-rolex-explorer-i-ref-1016-mk-v-dial,7580723347565,2026-08-10T20:59:24+00:00
Rolex,,16700,1989.0,12000.0,USD,asking,2024-12-11,,,,,,,,Craft & Tailored,craft_and_tailored,dealer,https://craftandtailored.com/products/1989-rolex-gmt-master-ref-16700-pepsi-w-box-papers,7580805169261,2026-08-10T20:59:24+00:00
Omega,,1980034,1972.0,1700.0,USD,asking,2024-12-11,,,,,,,,Craft & Tailored,craft_and_tailored,dealer,https://craftandtailored.com/products/1972-omega-constellation-electronic-f-300hz-gold-plated-ref-1980034-blue-enamel-hammered-gold-dial,7580785999981,2026-08-10T20:59:24+00:00
Omega,,2504-9,1954.0,1950.0,USD,asking,2024-12-10,,,,,,,,Craft & Tailored,craft_and_tailored,dealer,https://craftandtailored.com/products/1954-omega-dress-watch-ref-2504-9-champagne-honeycomb-dial,7580422013037,2026-08-10T20:59:24+00:00
Longines,,1337,1952.0,2300.0,USD,asking,2024-12-10,,,,,,,,Craft & Tailored,craft_and_tailored,dealer,https://craftandtailored.com/products/1952-longines-automatic-dress-watch-14k-yg-ref-1337,7580415688813,2026-08-10T20:59:24+00:00
Other,,FD862,,1350.0,USD,asking,2024-12-10,,,,,,,,Craft & Tailored,craft_and_tailored,dealer,https://craftandtailored.com/products/1960s-minerva-dress-watch-ref-fd862-cal-4007,7570579718253,2026-08-10T20:59:24+00:00
Rolex,,16570,,6450.0,USD,asking,2024-12-09,,,,,,,,Craft & Tailored,craft_and_tailored,dealer,https://craftandtailored.com/products/unpolished-1991-rolex-explorer-ii-ref-16570-black-dial,7577676382317,2026-08-10T20:59:24+00:00
IWC,,,,2650.0,USD,asking,2024-12-05,,,,,,,,Craft & Tailored,craft_and_tailored,dealer,https://craftandtailored.com/products/1930s-tiffany-co-18k-yg-tortue-style-watch-by-iwc,7567782379629,2026-08-10T20:59:24+00:00
Eterna,,,,1500.0,USD,asking,2024-12-05,,,,,,,,Craft & Tailored,craft_and_tailored,dealer,https://craftandtailored.com/products/1950s-eterna-automatic-cal-1412u-w-original-tags,7570583781485,2026-08-10T20:59:24+00:00
Omega,,175.0084,,2350.0,USD,asking,2024-12-05,,,,,,,,Craft & Tailored,craft_and_tailored,dealer,https://craftandtailored.com/products/2000s-omega-speedmaster-automatic-mark-40-ref-175-0084-black-dial,7577985646701,2026-08-10T20:59:24+00:00
Other,,7176S,,3950.0,USD,asking,2024-12-05,,,,,,,,Craft & Tailored,craft_and_tailored,dealer,https://craftandtailored.com/products/porsche-design-chronograph-pvd-ref-7176s-top-gun,7577961889901,2026-08-10T20:59:24+00:00
Zenith,,A3818,,12750.0,USD,asking,2024-12-03,,,,,,,,Craft & Tailored,craft_and_tailored,dealer,https://craftandtailored.com/products/1970s-zenith-el-primero-chronograph-cover-girl-ref-a3818-blue-dial,7577328615533,2026-08-10T20:59:24+00:00
Tudor,,7909,1956.0,1650.0,USD,asking,2024-12-03,,,,,,,,Craft & Tailored,craft_and_tailored,dealer,https://craftandtailored.com/products/1956-tudor-two-tone-oyster-prince-34-ref-7909,7577323798637,2026-08-10T20:59:24+00:00
Rolex,,16014,1984.0,9500.0,USD,asking,2024-12-03,,,,,,,,Craft & Tailored,craft_and_tailored,dealer,https://craftandtailored.com/products/1984-rolex-datejust-ref-16014-silver-tiffany-co-dial,7577292341357,2026-08-10T20:59:24+00:00
Omega,,2866,1956.0,1500.0,USD,asking,2024-12-03,,,,,,,,Craft & Tailored,craft_and_tailored,dealer,https://craftandtailored.com/products/1956-omega-seamaster-automatic-18k-yg-ref-2866-sc-turler-dial-w-box,7577079971949,2026-08-10T20:59:24+00:00
Zodiac,,,,2650.0,USD,asking,2024-11-26,,,,,,,,Craft & Tailored,craft_and_tailored,dealer,https://craftandtailored.com/products/1960s-zodiac-chronograph-venus-cal-178,7570586861677,2026-08-10T20:59:24+00:00
Rolex,,1803,1972.0,14500.0,USD,asking,2024-11-26,,,,,,,,Craft & Tailored,craft_and_tailored,dealer,https://craftandtailored.com/products/1972-rolex-day-date-18k-yg-ref-1803-silver-minute-track-dial-w-black-enamel-markers-hands,7574304784493,2026-08-10T20:59:24+00:00
Rolex,,4109,,1950.0,USD,asking,2024-11-26,,,,,,,,Craft & Tailored,craft_and_tailored,dealer,https://craftandtailored.com/products/unpolished-1995-rolex-ladies-cellini-18k-yg-ref-4109,7574280962157,2026-08-10T20:59:24+00:00
Omega,,166.0123,1972.0,1850.0,USD,asking,2024-11-25,,,,,,,,Craft & Tailored,craft_and_tailored,dealer,https://craftandtailored.com/products/1972-omega-gold-plated-geneve-ref-166-0123-tv-case,7570584698989,2026-08-10T20:59:24+00:00
Baylor,,,,950.0,USD,asking,2024-11-25,,,,,,,,Craft & Tailored,craft_and_tailored,dealer,https://craftandtailored.com/products/1970s-baylor-camaro-chronograph-landeron-cal-187,7569745838189,2026-08-10T20:59:24+00:00
Omega,,135.007-64,1964.0,1250.0,USD,asking,2024-11-25,,,,,,,,Craft & Tailored,craft_and_tailored,dealer,https://craftandtailored.com/products/1964-omega-seamaster-30-ref-135-007-64-silver-dial,7570574704749,2026-08-10T20:59:24+00:00
Rolex,,1603,1977.0,8450.0,USD,asking,2024-11-25,,,,,,,,Craft & Tailored,craft_and_tailored,dealer,https://craftandtailored.com/products/1977-rolex-datejust-ref-1603-silver-tiffany-co-dial,7573535424621,2026-08-10T20:59:24+00:00
Other,,023-912.900,,2350.0,USD,asking,2024-11-22,,,,,,,,Craft & Tailored,craft_and_tailored,dealer,https://craftandtailored.com/products/1960s-roamer-stingray-chronograph-ref-023-912-900-valjoux-72,7570572935277,2026-08-10T20:59:24+00:00
Tudor,,7803,,7500.0,USD,asking,2024-11-22,,,,,,,,Craft & Tailored,craft_and_tailored,dealer,https://craftandtailored.com/products/1950s-tudor-oyster-ref-7803-red-floral-enamel-dial,7570287394925,2026-08-10T20:59:24+00:00
Omega,,166.024,,6050.0,USD,asking,2024-11-21,,,,,,,,Craft & Tailored,craft_and_tailored,dealer,https://craftandtailored.com/products/omega-seamaster-300-ref-166-024-watchco-2,7570256593005,2026-08-10T20:59:24+00:00
Tudor,,94110,1980.0,12850.0,USD,asking,2024-11-20,,,,,,,,Craft & Tailored,craft_and_tailored,dealer,https://craftandtailored.com/products/1980-tudor-snowflake-submariner-ref-94110-blue-dial,7569751113837,2026-08-10T20:59:24+00:00
Omega,,135.007-64,1963.0,950.0,USD,asking,2024-11-20,,,,,,,,Craft & Tailored,craft_and_tailored,dealer,https://craftandtailored.com/products/1963-omega-seamaster-30-ref-135-007-64-grey-argyle-dial,7562247372909,2026-08-10T20:59:24+00:00
Omega,,,1965.0,3650.0,USD,asking,2024-11-19,,,,,,,,Craft & Tailored,craft_and_tailored,dealer,https://craftandtailored.com/products/1965-omega-seamaster-de-ville-automatic-14k-yg-ref-ll-6509-1-silver-senior-nylic-dial-w-box-papers,7562259267693,2026-08-10T20:59:24+00:00
Girard Perregaux,,,,1150.0,USD,asking,2024-11-19,,,,,,,,Craft & Tailored,craft_and_tailored,dealer,https://craftandtailored.com/products/1960s-girard-perregaux-stainless-steel-dress-watch,7562244063341,2026-08-10T20:59:24+00:00
Bulova,,314,1963.0,2850.0,USD,asking,2024-11-19,,,,,,,,Craft & Tailored,craft_and_tailored,dealer,https://craftandtailored.com/products/1963-bulova-super-compressor-devil-diver-ref-314,7569084186733,2026-08-10T20:59:24+00:00
Universal Geneve,,20504,,1450.0,USD,asking,2024-11-18,,,,,,,,Craft & Tailored,craft_and_tailored,dealer,https://craftandtailored.com/products/1940s-universal-geneve-dress-watch-ref-20504,7568697262189,2026-08-10T20:59:24+00:00
Rolex,,4937,1947.0,4500.0,USD,asking,2024-11-18,,,,,,,,Craft & Tailored,craft_and_tailored,dealer,https://craftandtailored.com/products/1947-rolex-two-tone-oyster-perpetual-bubble-back-ref-4937-occ-dial,7567783559277,2026-08-10T20:59:24+00:00
Cartier,,78087,,5500.0,USD,asking,2024-11-18,,,,,,,,Craft & Tailored,craft_and_tailored,dealer,https://craftandtailored.com/products/1980s-cartier-ladies-tank-lc-18k-yg-ref-78087,7568678781037,2026-08-10T20:59:24+00:00
IWC,,,,2250.0,USD,asking,2024-11-18,,,,,,,,Craft & Tailored,craft_and_tailored,dealer,https://craftandtailored.com/products/1950s-iwc-calatrava-18k-yg-cal-89,7568671735917,2026-08-10T20:59:24+00:00
Rolex,,116500LN,2023.0,31500.0,USD,asking,2024-11-14,,,,,,,,Craft & Tailored,craft_and_tailored,dealer,https://craftandtailored.com/products/2023-rolex-daytona-ref-116500ln-white-dial-w-full-set,7567735521389,2026-08-10T20:59:24+00:00
Omega,,566.00007,1966.0,1450.0,USD,asking,2024-11-11,,,,,,,,Craft & Tailored,craft_and_tailored,dealer,https://craftandtailored.com/products/1966-omega-ladies-seamaster-120-automatic-ref-566-00007,7562243145837,2026-08-10T20:59:24+00:00
Ebel,,1134901,,3450.0,USD,asking,2024-11-11,,,,,,,,Craft & Tailored,craft_and_tailored,dealer,https://craftandtailored.com/products/tropical-1990s-ebel-1911-el-primero-chronograph-ref-1134901-blue-dial,7562241605741,2026-08-10T20:59:24+00:00
Zodiac,,1083,,1450.0,USD,asking,2024-11-11,,,,,,,,Craft & Tailored,craft_and_tailored,dealer,https://craftandtailored.com/products/1970s-zodiac-astro-ii-gold-plated-ref-1083-889-w-box,7562239311981,2026-08-10T20:59:24+00:00
Heuer,,CK111R,,1500.0,USD,asking,2024-11-08,,,,,,,,Craft & Tailored,craft_and_tailored,dealer,https://craftandtailored.com/products/1990s-tag-heuer-2000-searacer-regatta-chronograph-ref-ck111r-w-service-case-service-card,7558131286125,2026-08-10T20:59:24+00:00
Seiko,,43999,1964.0,2250.0,USD,asking,2024-11-08,,,,,,,,Craft & Tailored,craft_and_tailored,dealer,https://craftandtailored.com/products/1964-grand-seiko-chronometer-ref-43999-silver-dial,7557022613613,2026-08-10T20:59:24+00:00
Patek Philippe,,3800J,,56500.0,USD,asking,2024-11-06,,,,,,,,Craft & Tailored,craft_and_tailored,dealer,https://craftandtailored.com/products/1980-patek-philippe-nautilus-18k-yg-ref-3800j-silver-dial,7561985261677,2026-08-10T20:59:24+00:00
Patek Philippe,,3418,,14500.0,USD,asking,2024-11-06,,,,,,,,Craft & Tailored,craft_and_tailored,dealer,https://craftandtailored.com/products/tropical-1950s-patek-philippe-stainless-steel-calatrava-ref-3418-first-series,7558240698477,2026-08-10T20:59:24+00:00
Rolex,,126710,2022.0,18450.0,USD,asking,2024-11-05,,,,,,,,Craft & Tailored,craft_and_tailored,dealer,https://craftandtailored.com/products/2022-rolex-gmt-master-ii-ref-126710-blro-w-full-set,7561318629485,2026-08-10T20:59:24+00:00
Piaget,,9005,,11500.0,USD,asking,2024-11-05,,,,,,,,Craft & Tailored,craft_and_tailored,dealer,https://craftandtailored.com/products/1970s-piaget-cocktail-watch-18k-yg-ref-9005-db-fire-opal-pave-diamond-dial-w-box,7561477521517,2026-08-10T20:59:24+00:00
Rolex,,6520,1960.0,4950.0,USD,asking,2024-11-05,,,,,,,,Craft & Tailored,craft_and_tailored,dealer,https://craftandtailored.com/products/1960-rolex-lady-datejust-18k-yg-ref-6520-silver-concentric-dial,7561313550445,2026-08-10T20:59:24+00:00
Omega,,,1965.0,3250.0,USD,asking,2024-11-04,,,,,,,,Craft & Tailored,craft_and_tailored,dealer,https://craftandtailored.com/products/1965-omega-seamaster-de-ville-automatic-14k-yg-ref-ll-6509-1-w-box-papers,7560225620077,2026-08-10T20:59:24+00:00
Rolex,,6509,1954.0,20000.0,USD,asking,2024-11-04,,,,,,,,Craft & Tailored,craft_and_tailored,dealer,https://craftandtailored.com/products/1958-rolex-ladies-oyster-perpetual-18k-yg-ref-6509-cream-honeycomb-stelline-dial,7558306660461,2026-08-10T20:59:24+00:00
Other,,,,1650.0,USD,asking,2024-11-01,,,,,,,,Craft & Tailored,craft_and_tailored,dealer,https://craftandtailored.com/products/tropical-1960s-lejour-chronograph-venus-cal-188,7549777903725,2026-08-10T20:59:24+00:00
Omega,,3592.50,,4750.0,USD,asking,2024-11-01,,,,,,,,Craft & Tailored,craft_and_tailored,dealer,https://craftandtailored.com/products/unpolished-1994-omega-speedmaster-professional-ref-3592-50-sapphire-case-back,7558191120493,2026-08-10T20:59:24+00:00
Rolex,,126234,,14000.0,USD,asking,2024-10-31,,,,,,,,Craft & Tailored,craft_and_tailored,dealer,https://craftandtailored.com/products/2021-rolex-datejust-ref-126234-green-palm-dial-w-full-set-factory-stickers,7557484085357,2026-08-10T20:59:24+00:00
IWC,,,,2950.0,USD,asking,2024-10-31,,,,,,,,Craft & Tailored,craft_and_tailored,dealer,https://craftandtailored.com/products/1950s-iwc-automatic-calatrava-cal-852-18k-yg-neiman-marcus-co-branded-dial,7557353537645,2026-08-10T20:59:24+00:00
Patek Philippe,,4175/1,,5750.0,USD,asking,2024-10-31,,,,,,,,Craft & Tailored,craft_and_tailored,dealer,https://craftandtailored.com/products/1980s-patek-philippe-ladies-cocktail-watch-18k-wg-ref-4175-1-blue-dial,7557410127981,2026-08-10T20:59:24+00:00
Hamilton,,,,1250.0,USD,asking,2024-10-30,,,,,,,,Craft & Tailored,craft_and_tailored,dealer,https://craftandtailored.com/products/1960s-vantage-hamilton-chronograph-valjoux-cal-7733,6892332777581,2026-08-10T20:59:24+00:00
Tudor,,7928,,38000.0,USD,asking,2024-10-30,,,,,,,,Craft & Tailored,craft_and_tailored,dealer,https://craftandtailored.com/products/unpolished-1961-tudor-submariner-ref-7928-gilt-chapter-ring-exclamation-dial-w-pcg,7557131468909,2026-08-10T20:59:24+00:00
Rolex,,116600,2017.0,15000.0,USD,asking,2024-10-30,,,,,,,,Craft & Tailored,craft_and_tailored,dealer,https://craftandtailored.com/products/2017-rolex-sea-dweller-sd4k-ref-116600-w-full-set,7557109776493,2026-08-10T20:59:24+00:00
Enicar,,126/002,,2850.0,USD,asking,2024-10-30,,,,,,,,Craft & Tailored,craft_and_tailored,dealer,https://craftandtailored.com/products/1960s-enicar-sherpa-jet-gmt-ref-126-002-black-dial,7557052268653,2026-08-10T20:59:24+00:00
Rolex,,1601,1967.0,3650.0,USD,asking,2024-10-30,,,,,,,,Craft & Tailored,craft_and_tailored,dealer,https://craftandtailored.com/products/1967-rolex-datejust-ref-1601-silver-dial-1,7557016649837,2026-08-10T20:59:24+00:00
Patek Philippe,,3579-1,,26000.0,USD,asking,2024-10-29,,,,,,,preowned,Craft & Tailored,craft_and_tailored,dealer,https://craftandtailored.com/products/1980s-patek-philippe-stainless-steel-calatrava-ref-3579-1-w-box-accessories-original-sales-receipt,7556728815725,2026-08-10T20:59:24+00:00
Universal Geneve,,890101/01,,8650.0,USD,asking,2024-10-29,,,,,,,,Craft & Tailored,craft_and_tailored,dealer,https://craftandtailored.com/products/1960s-universal-geneve-aero-compax-ref-890101-01,7556703387757,2026-08-10T20:59:24+00:00
Rolex,,5513,1977.0,14500.0,USD,asking,2024-10-29,,,,,,,,Craft & Tailored,craft_and_tailored,dealer,https://craftandtailored.com/products/1977-rolex-submariner-ref-5513-mk-i-maxi-dial-1,7556645027949,2026-08-10T20:59:24+00:00
Omega,,2933-3,1958.0,1000.0,USD,asking,2024-10-27,,,,,,,,Craft & Tailored,craft_and_tailored,dealer,https://craftandtailored.com/products/1958-omega-dress-watch-jumbo-ref-2933-3-cal-267,7556082172013,2026-08-10T20:59:24+00:00
Tudor,,7016/0,1974.0,11500.0,USD,asking,2024-10-27,,,,,,,,Craft & Tailored,craft_and_tailored,dealer,https://craftandtailored.com/products/1974-tudor-snowflake-submariner-ref-7016-0-black-dial,7556061200493,2026-08-10T20:59:24+00:00
Other,,,,950.0,USD,asking,2024-10-27,,,,,,,,Craft & Tailored,craft_and_tailored,dealer,https://craftandtailored.com/products/1970s-bucherer-gold-plated-square-watch,7546895073389,2026-08-10T20:59:24+00:00
Jaeger-LeCoultre,,3151,,3750.0,USD,asking,2024-10-27,,,,,,,,Craft & Tailored,craft_and_tailored,dealer,https://craftandtailored.com/products/1950s-jaeger-lecoultre-memovox-alarm-18k-yg-ref-3151-cal-p489-1,7556012310637,2026-08-10T20:59:24+00:00
Rolex,,16610,1989.0,8350.0,USD,asking,2024-10-27,,,,,,,,Craft & Tailored,craft_and_tailored,dealer,https://craftandtailored.com/products/1989-rolex-submariner-ref-16610-w-box-accessories-and-rsc-papers,7555941171309,2026-08-10T20:59:24+00:00
Rolex,,18038,1979.0,18750.0,USD,asking,2024-10-27,,,,,,,,Craft & Tailored,craft_and_tailored,dealer,https://craftandtailored.com/products/1979-rolex-day-date-18k-yg-ref-18038-burlwood-dial,7555938680941,2026-08-10T20:59:24+00:00
Omega,,3592.50,,5500.0,USD,asking,2024-10-27,,,,,,,,Craft & Tailored,craft_and_tailored,dealer,https://craftandtailored.com/products/1992-omega-speedmaster-professional-ref-3572-50-sapphire-case-back,7555942416493,2026-08-10T20:59:24+00:00
Rolex,,1500,,2750.0,USD,asking,2024-10-27,,,,,,,,Craft & Tailored,craft_and_tailored,dealer,https://craftandtailored.com/products/tropical-1969-rolex-oyster-perpetual-date-ref-1500-blue-dial,7553174437997,2026-08-10T20:59:24+00:00
Rolex,,5500,,3100.0,USD,asking,2024-10-23,,,,,,,,Craft & Tailored,craft_and_tailored,dealer,https://craftandtailored.com/products/1972-rolex-air-king-ref-5500-silver-dial,7553801486445,2026-08-10T20:59:24+00:00
Omega,,14363-1,1954.0,2650.0,USD,asking,2024-10-22,,,,,,,,Craft & Tailored,craft_and_tailored,dealer,https://craftandtailored.com/products/1954-omega-automatic-seamaster-gold-cap-ref-14363-1-sc-black-dial-w-breguet-numerals-horned-lug-case,7532837142637,2026-08-10T20:59:24+00:00
Longines,,1010,,965.0,USD,asking,2024-10-19,,,,,,,,Craft & Tailored,craft_and_tailored,dealer,https://craftandtailored.com/products/tropical-1955-longines-dress-watch-10k-gold-filled-ref-1010-cal-23z,7542082568301,2026-08-10T20:59:24+00:00
Heuer,,CS3110,1996.0,4150.0,USD,asking,2024-10-18,,,,,,,,Craft & Tailored,craft_and_tailored,dealer,https://craftandtailored.com/products/1996-tag-heuer-carrera-30-re-edition-ref-cs3110-blue-decimeter-dial-w-box-papers-original-sales-receipt,7548705603693,2026-08-10T20:59:24+00:00
Rolex,,5031,1947.0,7000.0,USD,asking,2024-10-18,,,,,,,,Craft & Tailored,craft_and_tailored,dealer,https://craftandtailored.com/products/1947-rolex-two-tone-oyster-perpetual-chronometer-36mm-ref-5031-big-bubble-back-w-roulette-date-wheel,7549348872301,2026-08-10T20:59:24+00:00
Breguet,,4070BB,1978.0,14500.0,USD,asking,2024-10-17,,,,,,,,Craft & Tailored,craft_and_tailored,dealer,https://craftandtailored.com/products/1978-breguet-cushion-18k-wg-ref-4070bb,7549798547565,2026-08-10T20:59:24+00:00
Hamilton,,921980,,1000.0,USD,asking,2024-10-13,,,,,,,,Craft & Tailored,craft_and_tailored,dealer,https://craftandtailored.com/products/nos-1980s-hamilton-khaki-field-watch-ref-921980-w-box-accessories,7549348151405,2026-08-10T20:59:24+00:00
Audemars Piguet,,15202ST,,60000.0,USD,asking,2024-10-11,,,,,,,,Craft & Tailored,craft_and_tailored,dealer,https://craftandtailored.com/products/mint-2015-audemars-piguet-royal-oak-oak-ref-15202st-w-full-set,7549754671213,2026-08-10T20:59:24+00:00
Longines,,5412,1945.0,5950.0,USD,asking,2024-10-10,,,,,,,,Craft & Tailored,craft_and_tailored,dealer,https://craftandtailored.com/products/1945-longines-pointer-date-ref-5412-salmon-dial,7546894516333,2026-08-10T20:59:24+00:00
Omega,,,1929.0,1710.0,USD,asking,2024-10-10,,,,,,,,Craft & Tailored,craft_and_tailored,dealer,https://craftandtailored.com/products/1929-omega-trench-watch-9k-yg-enamel-dial,7520822067309,2026-08-10T20:59:24+00:00
Rolex,,16234,2001.0,7000.0,USD,asking,2024-10-10,,,,,,,,Craft & Tailored,craft_and_tailored,dealer,https://craftandtailored.com/products/2001-rolex-datejust-ref-16234-blue-jubilee-dial-w-box-papers,7549054058605,2026-08-10T20:59:24+00:00
Heuer,,7753,1970.0,5500.0,USD,asking,2024-10-09,,,,,,,,Craft & Tailored,craft_and_tailored,dealer,https://craftandtailored.com/products/1970-heuer-carrera-30-ref-7753-s,7549040689261,2026-08-10T20:59:24+00:00
Craft + Tailored,,,,48.0,USD,asking,2024-10-09,,,,,,,preowned,Craft & Tailored,craft_and_tailored,dealer,https://craftandtailored.com/products/craft-tailored-x-ampal-creative-logo-hat,7548489662573,2026-08-10T20:59:24+00:00
Craft + Tailored,,,,48.0,USD,asking,2024-10-09,,,,,,,preowned,Craft & Tailored,craft_and_tailored,dealer,https://craftandtailored.com/products/craft-tailored-x-ampal-creative-c-t-hat,7548516597869,2026-08-10T20:59:24+00:00
Rolex,,1002,,3450.0,USD,asking,2024-10-08,,,,,,,,Craft & Tailored,craft_and_tailored,dealer,https://craftandtailored.com/products/1972-rolex-oyster-perpetual-ref-1002-blue-mosaic-dial,7546894483565,2026-08-10T20:59:24+00:00
Other,,5801,,1150.0,USD,asking,2024-10-08,,,,,,,,Craft & Tailored,craft_and_tailored,dealer,https://craftandtailored.com/products/1970s-certina-ds-2-automatic-ref-5801-300-silver-dial,7546894221421,2026-08-10T20:59:24+00:00
Rolex,,14060M,2001.0,10850.0,USD,asking,2024-10-08,,,,,,,,Craft & Tailored,craft_and_tailored,dealer,https://craftandtailored.com/products/2001-rolex-submariner-ref-14060m-w-full-set,7548511715437,2026-08-10T20:59:24+00:00
Benrus,,,1965.0,850.0,USD,asking,2024-10-07,,,,,,,,Craft & Tailored,craft_and_tailored,dealer,https://craftandtailored.com/products/1965-benrus-military-field-watch-mil-w-3818b-dtu-2a-p,7546895007853,2026-08-10T20:59:24+00:00
Wittnauer,,3256,,3650.0,USD,asking,2024-10-07,,,,,,,,Craft & Tailored,craft_and_tailored,dealer,https://craftandtailored.com/products/1960s-wittnauer-chronograph-ref-3256-exotic-dial,7546894418029,2026-08-10T20:59:24+00:00
Rolex,,16760,,13450.0,USD,asking,2024-10-07,,,,,,,,Craft & Tailored,craft_and_tailored,dealer,https://craftandtailored.com/products/1986-rolex-gmt-master-ii-ref-16760-fat-lady-2,7548444999789,2026-08-10T20:59:24+00:00
Rolex,,14270,1991.0,19250.0,USD,asking,2024-10-07,,,,,,,,Craft & Tailored,craft_and_tailored,dealer,https://craftandtailored.com/products/1991-rolex-explorer-i-ref-14270-tiffany-co-dial,7548420128877,2026-08-10T20:59:24+00:00
Rolex,,1665,1979.0,16650.0,USD,asking,2024-10-03,,,,,,,,Craft & Tailored,craft_and_tailored,dealer,https://craftandtailored.com/products/1979-rolex-sea-dweller-great-white-ref-1665-mk-iii-dial,7546888552557,2026-08-10T20:59:24+00:00
Patek Philippe,,5085/1A,,28500.0,USD,asking,2024-10-03,,,,,,,,Craft & Tailored,craft_and_tailored,dealer,https://craftandtailored.com/products/2000s-patek-philippe-neptune-ref-5085-1a-box-papers,7546877182061,2026-08-10T20:59:24+00:00
Patek Philippe,,3563,,12500.0,USD,asking,2024-10-02,,,,,,,,Craft & Tailored,craft_and_tailored,dealer,https://craftandtailored.com/products/1970s-patek-philippe-18k-wg-clou-de-paris-ref-3563-3-blue-dial,7546451296365,2026-08-10T20:59:24+00:00
Omega,,,1962.0,3650.0,USD,asking,2024-10-02,,,,,,,,Craft & Tailored,craft_and_tailored,dealer,https://craftandtailored.com/products/1962-omega-seamaster-automatic-18k-yg-ref-9-14704-61-cal-552,7546432094317,2026-08-10T20:59:24+00:00
Rolex,,1680,1977.0,13500.0,USD,asking,2024-10-02,,,,,,,,Craft & Tailored,craft_and_tailored,dealer,https://craftandtailored.com/products/1977-rolex-submariner-ref-1680,7546332905581,2026-08-10T20:59:24+00:00
Zodiac,,ZO0002,,1695.0,USD,asking,2024-09-30,,,,,,,,Craft & Tailored,craft_and_tailored,dealer,https://craftandtailored.com/products/craft-tailored-x-zodiac-sea-wolf-691-ref-zo0002-white-dial,7543938089069,2026-08-10T20:59:24+00:00
Rolex,,4112,,3750.0,USD,asking,2024-09-27,,,,,,,,Craft & Tailored,craft_and_tailored,dealer,https://craftandtailored.com/products/unpolished-1976-rolex-cellini-18k-yg-ref-4112,7544638439533,2026-08-10T20:59:24+00:00
Omega,,LL6287-1,,2750.0,USD,asking,2024-09-25,,,,,,,,Craft & Tailored,craft_and_tailored,dealer,https://craftandtailored.com/products/1950s-omega-seamaster-automatic-ref-ll6287-1-cal-550-clamshell-dial,7542084305005,2026-08-10T20:59:24+00:00
Other,,10839,,1150.0,USD,asking,2024-09-25,,,,,,,,Craft & Tailored,craft_and_tailored,dealer,https://craftandtailored.com/products/1970s-aquadive-automatic-day-date-diver-ref-10839-black-dial,7542082895981,2026-08-10T20:59:24+00:00
Omega,,176.002,,2900.0,USD,asking,2024-09-25,,,,,,,,Craft & Tailored,craft_and_tailored,dealer,https://craftandtailored.com/products/1972-omega-speedmaster-automatic-mark-iii-ref-176-002-blue-dial,7532887933037,2026-08-10T20:59:24+00:00
Zenith,,01-0051-380,,2150.0,USD,asking,2024-09-23,,,,,,,,Craft & Tailored,craft_and_tailored,dealer,https://craftandtailored.com/products/1970s-movado-zenith-automatic-ref-01-0051-380-blue-dial,7542081028205,2026-08-10T20:59:24+00:00
Rolex,,15000,1987.0,7650.0,USD,asking,2024-09-20,,,,,,,,Craft & Tailored,craft_and_tailored,dealer,https://craftandtailored.com/products/1987-rolex-oyster-perpetual-date-ref-15000-silver-tiffany-co-dial,7542658072685,2026-08-10T20:59:24+00:00
Breitling,,A30021,,2850.0,USD,asking,2024-09-20,,,,,,,,Craft & Tailored,craft_and_tailored,dealer,https://craftandtailored.com/products/1990s-breitling-navitimer-92-ref-a30021-blue-dial-w-box-papers,7542080241773,2026-08-10T20:59:24+00:00
Rolex,,6534,,5850.0,USD,asking,2024-09-19,,,,,,,,Craft & Tailored,craft_and_tailored,dealer,https://craftandtailored.com/products/1956-rolex-oyster-perpetual-date-ref-6534-occ-dial-w-roulette-date-wheel,7541923643501,2026-08-10T20:59:24+00:00
Bulova,,753,1969.0,1850.0,USD,asking,2024-09-19,,,,,,,,Craft & Tailored,craft_and_tailored,dealer,https://craftandtailored.com/products/1969-bulova-caravelle-worldtimer-ref-753-black-dial,7532877348973,2026-08-10T20:59:24+00:00
Cartier,,16121,,20000.0,USD,asking,2024-09-19,,,,,,,,Craft & Tailored,craft_and_tailored,dealer,https://craftandtailored.com/products/1990s-cartier-tank-lc-18k-yg-extra-plate-ref-16121-flinque-dial-w-teardrop-bracelet,7541539700845,2026-08-10T20:59:24+00:00
Omega,,2943,,1750.0,USD,asking,2024-09-18,,,,,,,,Craft & Tailored,craft_and_tailored,dealer,https://craftandtailored.com/products/1958-omega-constellation-calendar-ref-2943-2-sc,7532906905709,2026-08-10T20:59:24+00:00
Rolex,,5513,1979.0,17850.0,USD,asking,2024-09-18,,,,,,,,Craft & Tailored,craft_and_tailored,dealer,https://craftandtailored.com/products/1979-rolex-submariner-ref-5513-mk-iii-maxi-dial-1,7541551825005,2026-08-10T20:59:24+00:00
Other,,130FTT,,1150.0,USD,asking,2024-09-18,,,,,,,,Craft & Tailored,craft_and_tailored,dealer,https://craftandtailored.com/products/1960s-eterna-matic-kontiki-20-ref-130ftt-grey-dial,7532823773293,2026-08-10T20:59:24+00:00
Heuer,,134.500,,4250.0,USD,asking,2024-09-18,,,,,,,,Craft & Tailored,craft_and_tailored,dealer,https://craftandtailored.com/products/1970s-heuer-regatta-ref-134-500-box-papers,7541494710381,2026-08-10T20:59:24+00:00
Rolex,,6284,1954.0,5650.0,USD,asking,2024-09-17,,,,,,,,Craft & Tailored,craft_and_tailored,dealer,https://craftandtailored.com/products/1954-rolex-oyster-perpetual-ref-6284-explorer-occ-dial,6643579289709,2026-08-10T20:59:24+00:00
Rolex,,6569,1958.0,5000.0,USD,asking,2024-09-17,,,,,,,,Craft & Tailored,craft_and_tailored,dealer,https://craftandtailored.com/products/1958-rolex-oyster-perpetual-14k-yg-ref-6569-occ-dial-1,7527212744813,2026-08-10T20:59:24+00:00
Seiko,,6139-6010,1969.0,1050.0,USD,asking,2024-09-17,,,,,,,,Craft & Tailored,craft_and_tailored,dealer,https://craftandtailored.com/products/1969-seiko-chronograph-ref-6139-6011,7532863783021,2026-08-10T20:59:24+00:00
Omega,,2383-6,1944.0,1650.0,USD,asking,2024-09-17,,,,,,,,Craft & Tailored,craft_and_tailored,dealer,https://craftandtailored.com/products/1944-omega-field-watch-ref-2383-6-cal-30t2,7532851003501,2026-08-10T20:59:24+00:00
Rolex,,16610,1996.0,7950.0,USD,asking,2024-09-17,,,,,,,,Craft & Tailored,craft_and_tailored,dealer,https://craftandtailored.com/products/1996-rolex-submariner-ref-16610,7540931756141,2026-08-10T20:59:24+00:00
Omega,,3590.50,1992.0,4150.0,USD,asking,2024-09-09,,,,,,,,Craft & Tailored,craft_and_tailored,dealer,https://craftandtailored.com/products/1992-omega-speedmaster-professional-ref-3590-50,7536346628205,2026-08-10T20:59:24+00:00
Rolex,,5513,,10500.0,USD,asking,2024-09-09,,,,,,,,Craft & Tailored,craft_and_tailored,dealer,https://craftandtailored.com/products/1984-rolex-submariner-ref-5515,7536324280429,2026-08-10T20:59:24+00:00
IWC,,666,,2950.0,USD,asking,2024-09-09,,,,,,,preowned,Craft & Tailored,craft_and_tailored,dealer,https://craftandtailored.com/products/tropical-1960s-iwc-ingenieur-ref-666-cal-8531,7532938625133,2026-08-10T20:59:24+00:00
Rolex,,16750,1985.0,10750.0,USD,asking,2024-09-09,,,,,,,,Craft & Tailored,craft_and_tailored,dealer,https://craftandtailored.com/products/1985-rolex-gmt-master-ref-16750-pepsi-copy,7536132096109,2026-08-10T20:59:24+00:00
Other,,,,1250.0,USD,asking,2024-09-04,,,,,,,,Craft & Tailored,craft_and_tailored,dealer,https://craftandtailored.com/products/1970s-superalfa-chronograph-valjoux-cal-7734,7527203471469,2026-08-10T20:59:24+00:00
Audemars Piguet,,,,6650.0,USD,asking,2024-09-04,,,,,,,,Craft & Tailored,craft_and_tailored,dealer,https://craftandtailored.com/products/1970s-audemars-piguet-octagonal-dress-watch-18k-wg-w-metallic-silver-dial,7532005228653,2026-08-10T20:59:24+00:00
Omega,,3590.50,1992.0,5250.0,USD,asking,2024-09-04,,,,,,,,Craft & Tailored,craft_and_tailored,dealer,https://craftandtailored.com/products/1992-omega-speedmaster-professional-ref-3590-50-w-box-papers,7531993006189,2026-08-10T20:59:24+00:00
Rolex,,1018,1969.0,3500.0,USD,asking,2024-09-03,,,,,,,,Craft & Tailored,craft_and_tailored,dealer,https://craftandtailored.com/products/1969-rolex-oyster-perpetual-36mm-case-ref-1018-grey-dial,7531057774701,2026-08-10T20:59:24+00:00
Seiko,,6117-6410,1970.0,975.0,USD,asking,2024-09-03,,,,,,,,Craft & Tailored,craft_and_tailored,dealer,https://craftandtailored.com/products/1970-seiko-navigator-timer-gmt-ref-6117-6410-copy,7527198916717,2026-08-10T20:59:24+00:00
Seiko,,6139-6009,1969.0,2450.0,USD,asking,2024-09-03,,,,,,,,Craft & Tailored,craft_and_tailored,dealer,https://craftandtailored.com/products/1969-seiko-automatic-chronograph-blue-pogue-ref-6139-6009-notch-case-w-full-set,7527196917869,2026-08-10T20:59:24+00:00
Rolex,,16570,1997.0,7400.0,USD,asking,2024-09-03,,,,,,,,Craft & Tailored,craft_and_tailored,dealer,https://craftandtailored.com/products/1997-rolex-explorer-ii-ref-16570-black-dial-w-box-papers,7531059708013,2026-08-10T20:59:24+00:00
Cartier,,,,1650.0,USD,asking,2024-09-03,,,,,,,,Craft & Tailored,craft_and_tailored,dealer,https://craftandtailored.com/products/1980s-cartier-must-de-cartier-tank-vermeil-black-dial,7527193706605,2026-08-10T20:59:24+00:00
Rolex,,18238,1995.0,22500.0,USD,asking,2024-09-02,,,,,,,,Craft & Tailored,craft_and_tailored,dealer,https://craftandtailored.com/products/1995-rolex-day-date-18k-yg-ref-18238-white-dial-w-box-papers,7530162684013,2026-08-10T20:59:24+00:00
Cartier,,,,1500.0,USD,asking,2024-09-02,,,,,,,,Craft & Tailored,craft_and_tailored,dealer,https://craftandtailored.com/products/1980s-cartier-must-de-cartier-tank-vermeil-cream-dial,7527191740525,2026-08-10T20:59:24+00:00
Zenith,,,,13950.0,USD,asking,2024-09-02,,,,,,,,Craft & Tailored,craft_and_tailored,dealer,https://craftandtailored.com/products/1960s-zenith-tipo-cp-2-a-cairelli-chronograph-italian-air-force,7527186628717,2026-08-10T20:59:24+00:00
Rolex,,3861,,5000.0,USD,asking,2024-09-02,,,,,,,,Craft & Tailored,craft_and_tailored,dealer,https://craftandtailored.com/products/unpolished-1947-rolex-precision-9k-rg-ref-3861-w-box,7527741259885,2026-08-10T20:59:24+00:00
Vacheron Constantin,,,,13950.0,USD,asking,2024-08-29,,,,,,,,Craft & Tailored,craft_and_tailored,dealer,https://craftandtailored.com/products/1940s-vacheron-constantin-jumbo-dress-watch-18k-rg-cal-p454-5c,7527123943533,2026-08-10T20:59:24+00:00
Piaget,,9902,,5650.0,USD,asking,2024-08-29,,,,,,,,Craft & Tailored,craft_and_tailored,dealer,https://craftandtailored.com/products/1970s-piaget-dress-watch-18k-yg-ref-9902-g1-cal-9p1,7526959448173,2026-08-10T20:59:24+00:00
Longines,,22582,1941.0,875.0,USD,asking,2024-08-29,,,,,,,,Craft & Tailored,craft_and_tailored,dealer,https://craftandtailored.com/products/1941-longines-dress-watch-ref-22582-tuxedo-dial,7504928178285,2026-08-10T20:59:24+00:00
Rolex,,1500,1967.0,3750.0,USD,asking,2024-08-28,,,,,,,,Craft & Tailored,craft_and_tailored,dealer,https://craftandtailored.com/products/1967-rolex-oyster-perpetual-date-ref-1500-brushed-blue-dial,7526745342061,2026-08-10T20:59:24+00:00
Rolex,,16800,1982.0,12500.0,USD,asking,2024-08-28,,,,,,,,Craft & Tailored,craft_and_tailored,dealer,https://craftandtailored.com/products/1982-rolex-submariner-ref-16800-matte-dial-8,7525523161197,2026-08-10T20:59:24+00:00
Hamilton,,64046-3,,950.0,USD,asking,2024-08-28,,,,,,,preowned,Craft & Tailored,craft_and_tailored,dealer,https://craftandtailored.com/products/1970s-hamilton-dateline-ufo-ref-64046-3-silver-dial,7523702341741,2026-08-10T20:59:24+00:00
Bulova,,2528,1968.0,1250.0,USD,asking,2024-08-28,,,,,,,,Craft & Tailored,craft_and_tailored,dealer,https://craftandtailored.com/products/1968-bulova-accutron-spaceview-g-ref-2528,7157920759917,2026-08-10T20:59:24+00:00
Heuer,,73653S,,7500.0,USD,asking,2024-08-26,,,,,,,,Craft & Tailored,craft_and_tailored,dealer,https://craftandtailored.com/products/1970s-heuer-carrera-ref-73653s-mk-ii,7525006835821,2026-08-10T20:59:24+00:00
Tissot,,4002-2,,9500.0,USD,asking,2024-08-26,,,,,,,,Craft & Tailored,craft_and_tailored,dealer,https://craftandtailored.com/products/1950s-tissot-navigator-world-time-18k-yg-ref-4002-2-cal-28-5n-21t,7523702603885,2026-08-10T20:59:24+00:00
Rolex,,1007,1966.0,3250.0,USD,asking,2024-08-26,,,,,,,,Craft & Tailored,craft_and_tailored,dealer,https://craftandtailored.com/products/1966-rolex-oyster-perpetual-ref-1007-silver-dial,7523702046829,2026-08-10T20:59:24+00:00
Wittnauer,,6150/2,,1850.0,USD,asking,2024-08-26,,,,,,,,Craft & Tailored,craft_and_tailored,dealer,https://craftandtailored.com/products/1960s-wittnauer-electro-chron-ref-6150-2,7523702833261,2026-08-10T20:59:24+00:00
Rolex,,6569,1956.0,3500.0,USD,asking,2024-08-23,,,,,,,,Craft & Tailored,craft_and_tailored,dealer,https://craftandtailored.com/products/1956-rolex-oyster-perpetual-ref-6569-german-occ-dial,7523702210669,2026-08-10T20:59:24+00:00
Zenith,,G383,,17850.0,USD,asking,2024-08-23,,,,,,,,Craft & Tailored,craft_and_tailored,dealer,https://craftandtailored.com/products/1970s-zenith-el-primero-automatic-chronograph-18k-yg-ref-g383-poker-chip,7523658793069,2026-08-10T20:59:24+00:00
Rolex,,1675,1970.0,19850.0,USD,asking,2024-08-22,,,,,,,,Craft & Tailored,craft_and_tailored,dealer,https://craftandtailored.com/products/1970-rolex-gmt-master-ref-1675-mk-i-long-e-dial-w-box-double-punch-papers,7523562848365,2026-08-10T20:59:24+00:00
Rolex,,5513,1984.0,9650.0,USD,asking,2024-08-21,,,,,,,,Craft & Tailored,craft_and_tailored,dealer,https://craftandtailored.com/products/1984-rolex-submariner-ref-5514,7523184607341,2026-08-10T20:59:24+00:00
Rolex,,1803,1973.0,8950.0,USD,asking,2024-08-21,,,,,,,,Craft & Tailored,craft_and_tailored,dealer,https://craftandtailored.com/products/1973-rolex-day-date-18k-yg-ref-1803-havana-ghost-minute-track-dial,7523135225965,2026-08-10T20:59:24+00:00
Cartier,,WGCH0055,2022.0,269500.0,USD,asking,2024-08-21,,,,,,,,Craft & Tailored,craft_and_tailored,dealer,https://craftandtailored.com/products/2022-cartier-crash-18k-wg-ref-wgch0055-w-full-set,7522877177965,2026-08-10T20:59:24+00:00
Jaeger-LeCoultre,,E335,,3850.0,USD,asking,2024-08-20,,,,,,,,Craft & Tailored,craft_and_tailored,dealer,https://craftandtailored.com/products/1950s-lecoultre-chronograph-ref-e335-valjoux-72,7520775700589,2026-08-10T20:59:24+00:00
Zenith,,1201,1970.0,950.0,USD,asking,2024-08-20,,,,,,,,Craft & Tailored,craft_and_tailored,dealer,https://craftandtailored.com/products/1970-zenith-af-p-day-date-ref-1201,7520784515181,2026-08-10T20:59:24+00:00
Omega,,1980003,1972.0,1250.0,USD,asking,2024-08-19,,,,,,,,Craft & Tailored,craft_and_tailored,dealer,https://craftandtailored.com/products/1972-omega-constellation-electronic-f-300hz-ref-198003,7520801816685,2026-08-10T20:59:24+00:00
Eterna,,6625.11,,3650.0,USD,asking,2024-08-19,,,,,,,,Craft & Tailored,craft_and_tailored,dealer,https://craftandtailored.com/products/eterna-porsche-design-chronograph-ref-6625-11-25th-anniversary,7520825933933,2026-08-10T20:59:24+00:00
Omega,,G6525,1947.0,2450.0,USD,asking,2024-08-19,,,,,,,,Craft & Tailored,craft_and_tailored,dealer,https://craftandtailored.com/products/1947-omega-automatic-dress-watch-18k-yg-ref-g6525-cal-351,7519398133869,2026-08-10T20:59:24+00:00
Seiko,,6119-8300,1969.0,1100.0,USD,asking,2024-08-19,,,,,,,,Craft & Tailored,craft_and_tailored,dealer,https://craftandtailored.com/products/1969-seiko-5-sports-automatic-ref-6119-8300-blue-dial,7520768426093,2026-08-10T20:59:24+00:00
Craft & Tailored,,,,45.0,USD,asking,2024-08-17,,,,,,,preowned,Craft & Tailored,craft_and_tailored,dealer,https://craftandtailored.com/products/monterey-vintage-classic-85-tee,7521621508205,2026-08-10T20:59:24+00:00
Rolex,,16013,1978.0,9250.0,USD,asking,2024-08-14,,,,,,,,Craft & Tailored,craft_and_tailored,dealer,https://craftandtailored.com/products/1978-rolex-two-tone-datejust-ref-16013-champagne-tiffany-co-dial,7519857377389,2026-08-10T20:59:24+00:00
Rolex,,6605,1957.0,6650.0,USD,asking,2024-08-13,,,,,,,,Craft & Tailored,craft_and_tailored,dealer,https://craftandtailored.com/products/1957-rolex-datejust-ref-6605-w-roulette-date-wheel,7519318048877,2026-08-10T20:59:24+00:00
Nivada Grenchen,,4517,,1150.0,USD,asking,2024-08-12,,,,,,,,Craft & Tailored,craft_and_tailored,dealer,https://craftandtailored.com/products/1970s-nivada-aquamar-ref-4517-matte-blue-dial,7504912711789,2026-08-10T20:59:24+00:00
Other,,,,1450.0,USD,asking,2024-08-12,,,,,,,,Craft & Tailored,craft_and_tailored,dealer,https://craftandtailored.com/products/1960s-gubelin-dress-watch-gold-plated,7504864477293,2026-08-10T20:59:24+00:00
Enicar,,477-01-02,,1750.0,USD,asking,2024-08-12,,,,,,,,Craft & Tailored,craft_and_tailored,dealer,https://craftandtailored.com/products/unpolished-1960s-enicar-alarm-gold-plated-ref-477-01-02,7504857792621,2026-08-10T20:59:24+00:00
Omega,,166.077,,9900.0,USD,asking,2024-08-09,,,,,,,,Craft & Tailored,craft_and_tailored,dealer,https://craftandtailored.com/products/1970s-omega-seamaster-professional-ref-166-077-ploprof,4907368906861,2026-08-10T20:59:24+00:00
Rolex,,6516,1956.0,1650.0,USD,asking,2024-08-09,,,,,,,,Craft & Tailored,craft_and_tailored,dealer,https://craftandtailored.com/products/1956-rolex-ladydate-ref-6516-cream-dial-w-red-date-wheel,7517387489389,2026-08-10T20:59:24+00:00
Rolex,,6084,1952.0,2450.0,USD,asking,2024-08-09,,,,,,,,Craft & Tailored,craft_and_tailored,dealer,https://craftandtailored.com/products/1952-rolex-oyster-perpetual-ref-6084-big-bubble-back,7517378183277,2026-08-10T20:59:24+00:00
Rolex,,1603,1970.0,4250.0,USD,asking,2024-08-09,,,,,,,,Craft & Tailored,craft_and_tailored,dealer,https://craftandtailored.com/products/1970-rolex-datejust-ref-1603-grey-dial,7517362192493,2026-08-10T20:59:24+00:00
Omega,,162.0042,1972.0,1450.0,USD,asking,2024-08-09,,,,,,,,Craft & Tailored,craft_and_tailored,dealer,https://craftandtailored.com/products/1972-omega-geneve-ref-162-0042-cal-1481,6801873109101,2026-08-10T20:59:24+00:00
Rolex,,1601,,3850.0,USD,asking,2024-08-08,,,,,,,,Craft & Tailored,craft_and_tailored,dealer,https://craftandtailored.com/products/1960-rolex-datejust-ref-1601-silver-swiss-only-dial,7516691857517,2026-08-10T20:59:24+00:00
Heuer,,2446C,1970.0,7500.0,USD,asking,2024-08-08,,,,,,,,Craft & Tailored,craft_and_tailored,dealer,https://craftandtailored.com/products/1970-heuer-autavia-ref-2446c-mk-ii,7516676522093,2026-08-10T20:59:24+00:00
Rolex,,1601,1964.0,4650.0,USD,asking,2024-08-08,,,,,,,,Craft & Tailored,craft_and_tailored,dealer,https://craftandtailored.com/products/1964-rolex-datejust-ref-1601-silver-underline-dial,7516664954989,2026-08-10T20:59:24+00:00
Rolex,,6265,1979.0,205000.0,USD,asking,2024-08-07,,,,,,,,Craft & Tailored,craft_and_tailored,dealer,https://craftandtailored.com/products/1979-rolex-daytona-18k-yg-ref-6265-champagne-dial-w-rolex-guarantee-paper,7515614183533,2026-08-10T20:59:24+00:00
Rolex,,1601,1970.0,4750.0,USD,asking,2024-08-07,,,,,,,,Craft & Tailored,craft_and_tailored,dealer,https://craftandtailored.com/products/1970-rolex-datejust-ref-1601-satin-grey-dial,7515621458029,2026-08-10T20:59:24+00:00
Breguet,,3330BA,,17500.0,USD,asking,2024-08-07,,,,,,,,Craft & Tailored,craft_and_tailored,dealer,https://craftandtailored.com/products/2000s-breguet-classique-day-date-moonphase-18k-yg-ref-3330ba-w-recent-breguet-factory-service,7515619131501,2026-08-10T20:59:24+00:00
Vacheron Constantin,,2013,,3750.0,USD,asking,2024-08-06,,,,,,,,Craft & Tailored,craft_and_tailored,dealer,https://craftandtailored.com/products/1960s-vacheron-constantin-dress-watch-18k-wg-ref-2013-cal-k1014,7514846920813,2026-08-10T20:59:24+00:00
Rolex,,1601,1972.0,5750.0,USD,asking,2024-08-06,,,,,,,,Craft & Tailored,craft_and_tailored,dealer,https://craftandtailored.com/products/1972-rolex-datejust-ref-1601-black-confetti-dial-w-rolex-service-history,7514807468141,2026-08-10T20:59:24+00:00
Rolex,,14060,,8850.0,USD,asking,2024-08-06,,,,,,,,Craft & Tailored,craft_and_tailored,dealer,https://craftandtailored.com/products/unpolished-1990-rolex-submariner-ref-14060-w-creamy-patina-1,7514784301165,2026-08-10T20:59:24+00:00
Patek Philippe,,3800/1,1983.0,59500.0,USD,asking,2024-08-06,,,,,,,,Craft & Tailored,craft_and_tailored,dealer,https://craftandtailored.com/products/1983-patek-philippe-nautilus-ref-3800-1,7514657489005,2026-08-10T20:59:24+00:00
Nivada Grenchen,,4961,,1250.0,USD,asking,2024-07-29,,,,,,,,Craft & Tailored,craft_and_tailored,dealer,https://craftandtailored.com/products/1970s-nivada-aquamar-ref-4961-banana-dial,7504909009005,2026-08-10T20:59:24+00:00
DOXA,,15001-7,,2650.0,USD,asking,2024-07-29,,,,,,,,Craft & Tailored,craft_and_tailored,dealer,https://craftandtailored.com/products/1950s-doxa-dead-beat-dress-watch-gold-plated-ref-15001-7,7504922345581,2026-08-10T20:59:24+00:00
Movado,,206-704-501,,11500.0,USD,asking,2024-07-26,,,,,,,,Craft & Tailored,craft_and_tailored,dealer,https://craftandtailored.com/products/1960s-movado-super-sub-sea-chronograph-ref-206-704-501,7495755366509,2026-08-10T20:59:24+00:00
Rolex,,16758,,28000.0,USD,asking,2024-07-26,,,,,,,,Craft & Tailored,craft_and_tailored,dealer,https://craftandtailored.com/products/1981-rolex-gmt-master-ref-16758-18k-yg-1,7504025452653,2026-08-10T20:59:24+00:00
Other,,,,4500.0,USD,asking,2024-07-26,,,,,,,,Craft & Tailored,craft_and_tailored,dealer,https://craftandtailored.com/products/1950s-gubelin-calatrava-18k-yg-zenith-cal-12-4-9-50,6997297266797,2026-08-10T20:59:24+00:00
Tissot,,817,,7995.0,USD,asking,2024-07-25,,,,,,,,Craft & Tailored,craft_and_tailored,dealer,https://craftandtailored.com/products/1960s-tissot-navigator-chronograph-ref-817-lemania-cal-827,7495876870253,2026-08-10T20:59:24+00:00
Seiko,,6117-6400,1969.0,1500.0,USD,asking,2024-07-24,,,,,,,,Craft & Tailored,craft_and_tailored,dealer,https://craftandtailored.com/products/1969-seiko-automatic-world-time-ref-6117-6400-grey-linen-dial,7503069446253,2026-08-10T20:59:24+00:00
Omega,,2846,,2150.0,USD,asking,2024-07-24,,,,,,,,Craft & Tailored,craft_and_tailored,dealer,https://craftandtailored.com/products/tropical-1947-omega-seamaster-automatic-ref-2846-3sc-cal-342,7495943061613,2026-08-10T20:59:24+00:00
Rolex,,6305,1955.0,9850.0,USD,asking,2024-07-23,,,,,,,,Craft & Tailored,craft_and_tailored,dealer,https://craftandtailored.com/products/1955-rolex-datejust-18k-yg-ref-6305-1-ovettone,7502037287021,2026-08-10T20:59:24+00:00
Bulova,,B708,1972.0,2900.0,USD,asking,2024-07-23,,,,,,,,Craft & Tailored,craft_and_tailored,dealer,https://craftandtailored.com/products/1972-bulova-dress-watch-14k-yg-w-diamonds-ref-b708-retailed-by-dior,7495853998189,2026-08-10T20:59:24+00:00
Jaeger-LeCoultre,,,,1950.0,USD,asking,2024-07-23,,,,,,,,Craft & Tailored,craft_and_tailored,dealer,https://craftandtailored.com/products/1940s-jaeger-lecoultre-automatic-powermatic-cal-481,7495870546029,2026-08-10T20:59:24+00:00
Rolex,,6517,1960.0,2750.0,USD,asking,2024-07-22,,,,,,,,Craft & Tailored,craft_and_tailored,dealer,https://craftandtailored.com/products/1960-rolex-ladydate-ref-6517-silver-dial-w-roulette-date-wheel,7495858815085,2026-08-10T20:59:24+00:00
Jaeger-LeCoultre,,E855,,2650.0,USD,asking,2024-07-22,,,,,,,,Craft & Tailored,craft_and_tailored,dealer,https://craftandtailored.com/products/1960s-jaeger-lecoultre-memovox-alarm-ref-e855-1,7495738916973,2026-08-10T20:59:24+00:00
Enicar,,072/001,,6950.0,USD,asking,2024-07-19,,,,,,,,Craft & Tailored,craft_and_tailored,dealer,https://craftandtailored.com/products/1960s-enicar-sherpa-graph-ref-072-001-mk-ii,7494743916653,2026-08-10T20:59:24+00:00
Rolex,,6517,1953.0,5500.0,USD,asking,2024-07-19,,,,,,,,Craft & Tailored,craft_and_tailored,dealer,https://craftandtailored.com/products/1953-rolex-lady-datejust-18k-yg-ref-6517-champagne-dial-w-mesh-bracelet,7494755614829,2026-08-10T20:59:24+00:00
Baylor,,,,1150.0,USD,asking,2024-07-18,,,,,,,,Craft & Tailored,craft_and_tailored,dealer,https://craftandtailored.com/products/1960s-baylor-camaro-chronograph-landeron-cal-187,7477786411117,2026-08-10T20:59:24+00:00
Longines,,494-893,1965.0,1950.0,USD,asking,2024-07-18,,,,,,,,Craft & Tailored,craft_and_tailored,dealer,https://craftandtailored.com/products/1965-longines-dress-watch-14k-wg-ref-494-893-cal-19-4,7477693972589,2026-08-10T20:59:24+00:00
Rolex,,1601,1974.0,4850.0,USD,asking,2024-07-18,,,,,,,,Craft & Tailored,craft_and_tailored,dealer,https://craftandtailored.com/products/1974-rolex-datejust-ref-1601-blue-satin-dial,7494734151789,2026-08-10T20:59:24+00:00
Omega,,14900SC,1962.0,21000.0,USD,asking,2024-07-18,,,,,,,,Craft & Tailored,craft_and_tailored,dealer,https://craftandtailored.com/products/1962-omega-constellation-14k-yg-ref-14900sc-pie-pan-retailed-by-cartier-dial-w-cartier-milanese-bracelet,7494760038509,2026-08-10T20:59:24+00:00
Omega,,175.0054,,2850.0,USD,asking,2024-07-18,,,,,,,,Craft & Tailored,craft_and_tailored,dealer,https://craftandtailored.com/products/tropical-1993-omega-speedmaster-automatic-mark-40-ref-175-005-blue-dial-w-box-booklets,7494717079661,2026-08-10T20:59:24+00:00
Other,,Y9810,,9500.0,USD,asking,2024-07-16,,,,,,,,Craft & Tailored,craft_and_tailored,dealer,https://craftandtailored.com/products/1970s-bueche-girod-dress-watch-18k-wg-factory-diamonds-ref-y9810-black-dial,7492274749549,2026-08-10T20:59:24+00:00
Hamilton,,11002-3,1969.0,3150.0,USD,asking,2024-07-15,,,,,,,,Craft & Tailored,craft_and_tailored,dealer,https://craftandtailored.com/products/1969-hamilton-chrono-matic-ref-11002-3-cal-16,7491257892973,2026-08-10T20:59:24+00:00
Omega,,168.005,1971.0,3250.0,USD,asking,2024-07-15,,,,,,,,Craft & Tailored,craft_and_tailored,dealer,https://craftandtailored.com/products/1971-omega-constellation-ref-168-005-silver-pie-pan-dial,7490796748909,2026-08-10T20:59:24+00:00
Bulova,,,1962.0,1350.0,USD,asking,2024-07-13,,,,,,,,Craft & Tailored,craft_and_tailored,dealer,https://craftandtailored.com/products/1962-bulova-mil-w-3818a-u-s-military-watch-1,7487110938733,2026-08-10T20:59:24+00:00
Heuer,,1614,,3150.0,USD,asking,2024-07-13,,,,,,,,Craft & Tailored,craft_and_tailored,dealer,https://craftandtailored.com/products/1970s-heuer-chronograph-ref-1614-valjoux-cal-7765,7487095996525,2026-08-10T20:59:24+00:00
Other,,7750,,2650.0,USD,asking,2024-07-13,,,,,,,preowned,Craft & Tailored,craft_and_tailored,dealer,https://craftandtailored.com/products/1980s-lejour-chronograph-ref-7750,7487076073581,2026-08-10T20:59:24+00:00
Seiko,,6139-6000,1969.0,2350.0,USD,asking,2024-07-10,,,,,,,,Craft & Tailored,craft_and_tailored,dealer,https://craftandtailored.com/products/1969-seiko-automatic-chronograph-pogue-ref-6139-6009-jdm-version-w-notch-case,7477779038317,2026-08-10T20:59:24+00:00
IWC,,R347A,,2950.0,USD,asking,2024-07-10,,,,,,,,Craft & Tailored,craft_and_tailored,dealer,https://craftandtailored.com/products/1960s-iwc-calatrava-18k-yg-ref-r347a-cal-8531,7483844690029,2026-08-10T20:59:24+00:00
Tudor,,M79360N-0019,,17000.0,USD,asking,2024-07-09,,,,,,,,Craft & Tailored,craft_and_tailored,dealer,https://craftandtailored.com/products/bnib-2024-tudor-black-bay-chrono-ref-m79360n-0019-pink-dial-w-full-set-factory-stickers,7480562155629,2026-08-10T20:59:24+00:00
Omega,,2852-3,,2350.0,USD,asking,2024-07-08,,,,,,,,Craft & Tailored,craft_and_tailored,dealer,https://craftandtailored.com/products/tropical-1958-omega-constellation-ref-2852-3-sc-gilt-dial,7477683421293,2026-08-10T20:59:24+00:00
Girard Perregaux,,,,3150.0,USD,asking,2024-07-08,,,,,,,,Craft & Tailored,craft_and_tailored,dealer,https://craftandtailored.com/products/nos-1960s-girard-perregaux-gyrodate-w-box-papers,7477689188461,2026-08-10T20:59:24+00:00
Gruen,,,,1350.0,USD,asking,2024-07-08,,,,,,,,Craft & Tailored,craft_and_tailored,dealer,https://craftandtailored.com/products/1950s-gruen-airflight-24-hour-dial,7477686272109,2026-08-10T20:59:24+00:00
Piaget,,9025,,5650.0,USD,asking,2024-07-03,,,,,,,,Craft & Tailored,craft_and_tailored,dealer,https://craftandtailored.com/products/1970s-piaget-cocktail-watch-18k-yg-ref-9025-b2-onyx-pave-diamond-mystery-dial,7472698458221,2026-08-10T20:59:24+00:00
Longines,,23505,1948.0,4950.0,USD,asking,2024-07-03,,,,,,,,Craft & Tailored,craft_and_tailored,dealer,https://craftandtailored.com/products/1948-longines-flyback-chronograph-ref-23505-cal-30ch,7472875765869,2026-08-10T20:59:24+00:00
Cartier,,4323,,4350.0,USD,asking,2024-07-03,,,,,,,,Craft & Tailored,craft_and_tailored,dealer,https://craftandtailored.com/products/2023-cartier-tank-must-ref-4323-wsta0056-green-dial-w-full-set,7472439165037,2026-08-10T20:59:24+00:00
IWC,,,,3250.0,USD,asking,2024-07-02,,,,,,,,Craft & Tailored,craft_and_tailored,dealer,https://craftandtailored.com/products/iwc-steel-calatrava-automatic-18k-yg-cal-8521,7154541363309,2026-08-10T20:59:24+00:00
Tudor,,9411/0,1976.0,11250.0,USD,asking,2024-07-02,,,,,,,,Craft & Tailored,craft_and_tailored,dealer,https://craftandtailored.com/products/1976-tudor-snowflake-submariner-ref-9411-0-blue-dial,7471125823597,2026-08-10T20:59:24+00:00
Seiko,,6139-6005,1972.0,1650.0,USD,asking,2024-07-01,,,,,,,,Craft & Tailored,craft_and_tailored,dealer,https://craftandtailored.com/products/1972-seiko-automatic-chronograph-ref-6139-6005-true-pogue,7468837961837,2026-08-10T20:59:24+00:00
Enicar,,165-35-05,,2850.0,USD,asking,2024-07-01,,,,,,,,Craft & Tailored,craft_and_tailored,dealer,https://craftandtailored.com/products/1970s-enicar-sherpa-super-divette-ref-165-35-05,7468538167405,2026-08-10T20:59:24+00:00
Piaget,,9930,,3400.0,USD,asking,2024-07-01,,,,,,,,Craft & Tailored,craft_and_tailored,dealer,https://craftandtailored.com/products/1990s-piaget-altiplano-18k-wg-ref-9930-black-dial-w-box,7468313378925,2026-08-10T20:59:24+00:00
Tudor,,7995,1966.0,3450.0,USD,asking,2024-06-26,,,,,,,,Craft & Tailored,craft_and_tailored,dealer,https://craftandtailored.com/products/1966-tudor-oyster-prince-ref-7995-grey-dial,7461034524781,2026-08-10T20:59:24+00:00
Rolex,,6582,1957.0,5200.0,USD,asking,2024-06-26,,,,,,,,Craft & Tailored,craft_and_tailored,dealer,https://craftandtailored.com/products/1957-rolex-oyster-perpetual-14k-yg-ref-6582-zephyr,7456802439277,2026-08-10T20:59:24+00:00
Blancpain,,5100/1130,2019.0,21500.0,USD,asking,2024-06-26,,,,,,,,Craft & Tailored,craft_and_tailored,dealer,https://craftandtailored.com/products/2019-blancpain-fifty-fathoms-bathyscaphe-ref-5100-1130-hodinkee-limited-edition-w-full-set-2,7458036580461,2026-08-10T20:59:24+00:00
Rolex,,5514,1972.0,65000.0,USD,asking,2024-06-25,,,,,,,,Craft & Tailored,craft_and_tailored,dealer,https://craftandtailored.com/products/1972-rolex-comex-submariner-ref-5514,7448948736109,2026-08-10T20:59:24+00:00
Jaeger-LeCoultre,,E855,,2950.0,USD,asking,2024-06-24,,,,,,,,Craft & Tailored,craft_and_tailored,dealer,https://craftandtailored.com/products/1960s-jaeger-lecoultre-memovox-alarm-ref-e855,7456841760877,2026-08-10T20:59:24+00:00
Rolex,,6265,1973.0,65000.0,USD,asking,2024-06-24,,,,,,,,Craft & Tailored,craft_and_tailored,dealer,https://craftandtailored.com/products/1973-rolex-daytona-ref-6265-silver-dial,7456635158637,2026-08-10T20:59:24+00:00
Omega,,168.0059,1974.0,2250.0,USD,asking,2024-06-24,,,,,,,,Craft & Tailored,craft_and_tailored,dealer,https://craftandtailored.com/products/1974-omega-two-tone-constellation-tv-case-ref-168-0059-green-vignette-spider-dial,7456632176749,2026-08-10T20:59:24+00:00
Wakmann,,,,2950.0,USD,asking,2024-06-21,,,,,,,,Craft & Tailored,craft_and_tailored,dealer,https://craftandtailored.com/products/1970s-wakmann-triple-calendar-gold-plated-chronograph-jumbo,7452309717101,2026-08-10T20:59:24+00:00
Omega,,105.003,1964.0,9850.0,USD,asking,2024-06-21,,,,,,,,Craft & Tailored,craft_and_tailored,dealer,https://craftandtailored.com/products/1964-omega-speedmaster-ref-105-003-cal-321-ed-white-1,7452250767469,2026-08-10T20:59:24+00:00
Rolex,,6542,1958.0,64450.0,USD,asking,2024-06-20,,,,,,,,Craft & Tailored,craft_and_tailored,dealer,https://craftandtailored.com/products/1958-rolex-gmt-master-ref-6542-gilt-chapter-ring-dial,7451232960621,2026-08-10T20:59:24+00:00
Rolex,,5508,1962.0,28750.0,USD,asking,2024-06-19,,,,,,,,Craft & Tailored,craft_and_tailored,dealer,https://craftandtailored.com/products/1962-rolex-submariner-ref-5508-small-crown-exclamation-point,6563869032557,2026-08-10T20:59:24+00:00
Zenith,,A385,,3850.0,USD,asking,2024-06-19,,,,,,,,Craft & Tailored,craft_and_tailored,dealer,https://craftandtailored.com/products/1970s-zenith-el-primero-chronograph-ref-a385,7449858769005,2026-08-10T20:59:24+00:00
Rolex,,16200,1999.0,4750.0,USD,asking,2024-06-19,,,,,,,,Craft & Tailored,craft_and_tailored,dealer,https://craftandtailored.com/products/1999-rolex-datejust-ref-16200-silver-tapestry-dial,7449828294765,2026-08-10T20:59:24+00:00
Seiko,,6139-6009,1970.0,1350.0,USD,asking,2024-06-18,,,,,,,,Craft & Tailored,craft_and_tailored,dealer,https://craftandtailored.com/products/1970-seiko-chronograph-ref-6139-6009-blue-pogue,7449027182701,2026-08-10T20:59:24+00:00
Cartier,,,,10950.0,USD,asking,2024-06-18,,,,,,,,Craft & Tailored,craft_and_tailored,dealer,https://craftandtailored.com/products/1950s-cartier-for-jaeger-lecoultre-mystery-18k-yg,7448944410733,2026-08-10T20:59:24+00:00
Cartier,,17011,,20500.0,USD,asking,2024-06-17,,,,,,,,Craft & Tailored,craft_and_tailored,dealer,https://craftandtailored.com/products/1970s-cartier-paris-tank-automatique-18k-yg-ref-17011-jumbo-1,7447639326829,2026-08-10T20:59:24+00:00
Seiko,,6117-6010,1969.0,1500.0,USD,asking,2024-06-17,,,,,,,,Craft & Tailored,craft_and_tailored,dealer,https://craftandtailored.com/products/1969-seiko-automatic-world-time-ref-6117-6010-grey-dial,7447654793325,2026-08-10T20:59:24+00:00
Omega,,165.057,1969.0,1350.0,USD,asking,2024-06-17,,,,,,,,Craft & Tailored,craft_and_tailored,dealer,https://craftandtailored.com/products/1969-omega-automatic-seamaster-gold-cap-ref-165-057-cal-551,7447664263277,2026-08-10T20:59:24+00:00
Cartier,,2961,,3950.0,USD,asking,2024-06-13,,,,,,,,Craft & Tailored,craft_and_tailored,dealer,https://craftandtailored.com/products/1980s-cartier-santos-carree-two-tone-ref-2961-spider-dial,7444254883949,2026-08-10T20:59:24+00:00
Franck Muller,,7000CC,2014.0,10000.0,USD,asking,2024-06-13,,,,,,,,Craft & Tailored,craft_and_tailored,dealer,https://craftandtailored.com/products/2014-franck-muller-classique-chronograph-18k-wg-ref-7000ccfo-og-w-box-papers,7444188266605,2026-08-10T20:59:24+00:00
Omega,,145.014,1970.0,3450.0,USD,asking,2024-06-12,,,,,,,,Craft & Tailored,craft_and_tailored,dealer,https://craftandtailored.com/products/1970-omega-speedmaster-professional-mark-ii-ref-145-014-racing-dial-cal-861,7442675400813,2026-08-10T20:59:24+00:00
Rolex,,1675,1965.0,23850.0,USD,asking,2024-06-12,,,,,,,,Craft & Tailored,craft_and_tailored,dealer,https://craftandtailored.com/products/1965-rolex-gmt-master-ref-1675-gilt-dial,7442595774573,2026-08-10T20:59:24+00:00
Cartier,,10715,,12500.0,USD,asking,2024-06-12,,,,,,,,Craft & Tailored,craft_and_tailored,dealer,https://craftandtailored.com/products/1980s-cartier-paris-chambord-18k-yg-ref-10715-extra-plate,7442580963437,2026-08-10T20:59:24+00:00
Rolex,,17014,1980.0,3950.0,USD,asking,2024-06-10,,,,,,,,Craft & Tailored,craft_and_tailored,dealer,https://craftandtailored.com/products/1980-rolex-oysterquartz-datejust-ref-17014-silver-dial,7439772713069,2026-08-10T20:59:24+00:00
Rolex,,1603,1970.0,3950.0,USD,asking,2024-06-10,,,,,,,,Craft & Tailored,craft_and_tailored,dealer,https://craftandtailored.com/products/1970-rolex-datejust-ref-1603-silver-non-luminous-dial,7439821865069,2026-08-10T20:59:24+00:00
Cartier,,9828,,4500.0,USD,asking,2024-06-10,,,,,,,,Craft & Tailored,craft_and_tailored,dealer,https://craftandtailored.com/products/1970s-cartier-for-bueche-girod-18k-yg-ref-9828,7439843393645,2026-08-10T20:59:24+00:00
Franck Muller,,2801,,5850.0,USD,asking,2024-06-06,,,,,,,,Craft & Tailored,craft_and_tailored,dealer,https://craftandtailored.com/products/1990s-franck-muller-classique-18k-wg-ref-2801-s6gm,7435885052013,2026-08-10T20:59:24+00:00
Cartier,,590005,,2250.0,USD,asking,2024-06-06,,,,,,,,Craft & Tailored,craft_and_tailored,dealer,https://craftandtailored.com/products/1980s-cartier-must-de-cartier-tank-vermeil-ref-59005-quartz-w-breguet-dial,7435800412269,2026-08-10T20:59:24+00:00
Rolex,,1601,,4850.0,USD,asking,2024-06-06,,,,,,,,Craft & Tailored,craft_and_tailored,dealer,https://craftandtailored.com/products/tropical-1966-rolex-two-tone-datejust-ref-1601-gilt-dial,7435789074541,2026-08-10T20:59:24+00:00
Rolex,,14000,1991.0,3750.0,USD,asking,2024-06-05,,,,,,,,Craft & Tailored,craft_and_tailored,dealer,https://craftandtailored.com/products/1991-rolex-air-king-ref-14000-blue-dial-w-box-papers-rsc-card-accessories,7434899357805,2026-08-10T20:59:24+00:00
Rolex,,5513,1984.0,13850.0,USD,asking,2024-06-05,,,,,,,,Craft & Tailored,craft_and_tailored,dealer,https://craftandtailored.com/products/1984-rolex-submariner-ref-5513-mk-v-maxi-dial,7434705797229,2026-08-10T20:59:24+00:00
Rolex,,16610LV,,36000.0,USD,asking,2024-06-05,,,,,,,,Craft & Tailored,craft_and_tailored,dealer,https://craftandtailored.com/products/new-old-stock-2003-rolex-green-submariner-kermit-ref-16610lv-mk-i-dial-flat-4-w-full-set-factory-stickers,7434756685933,2026-08-10T20:59:24+00:00
Rolex,,1603,1977.0,3850.0,USD,asking,2024-06-03,,,,,,,,Craft & Tailored,craft_and_tailored,dealer,https://craftandtailored.com/products/1977-rolex-datejust-ref-1603-silver-sigma-dial,7430140690541,2026-08-10T20:59:24+00:00
Rolex,,1016,1975.0,18500.0,USD,asking,2024-06-03,,,,,,,,Craft & Tailored,craft_and_tailored,dealer,https://craftandtailored.com/products/1975-rolex-explorer-i-ref-1016-mk-iii-dial-pumpkin,7430097502317,2026-08-10T20:59:24+00:00
Rolex,,14270,1990.0,17950.0,USD,asking,2024-06-03,,,,,,,,Craft & Tailored,craft_and_tailored,dealer,https://craftandtailored.com/products/1990-rolex-explorer-i-ref-14270-blackout,7430101729389,2026-08-10T20:59:24+00:00
Rolex,,18038,,14500.0,USD,asking,2024-06-03,,,,,,,,Craft & Tailored,craft_and_tailored,dealer,https://craftandtailored.com/products/unpolished-1981-rolex-day-date-18k-yg-ref-18038-burlwood-dial,7430103859309,2026-08-10T20:59:24+00:00
Omega,,3570.50,1996.0,4650.0,USD,asking,2024-06-03,,,,,,,,Craft & Tailored,craft_and_tailored,dealer,https://craftandtailored.com/products/1996-omega-speedmaster-professional-ref-3570-51,7430101008493,2026-08-10T20:59:24+00:00
Omega,,168.009,,6500.0,USD,asking,2024-05-29,,,,,,,,Craft & Tailored,craft_and_tailored,dealer,https://craftandtailored.com/products/unpolished-1968-omega-seamaster-18k-yg-ref-168-009-green-vignette-dial-w-box,7422771921005,2026-08-10T20:59:24+00:00
Rolex,,1505,1971.0,3750.0,USD,asking,2024-05-29,,,,,,,,Craft & Tailored,craft_and_tailored,dealer,https://craftandtailored.com/products/1971-rolex-two-tone-oyster-perpetual-date-ref-1505-blue-mosaic-phoenix-country-club-dial,7422725718125,2026-08-10T20:59:24+00:00
Rolex,,6085,1952.0,4850.0,USD,asking,2024-05-29,,,,,,,,Craft & Tailored,craft_and_tailored,dealer,https://craftandtailored.com/products/1952-rolex-oyster-perpetual-14k-yg-ref-6085-honeycomb-occ-dial,7422678532205,2026-08-10T20:59:24+00:00
Rolex,,116519,2023.0,41250.0,USD,asking,2024-05-29,,,,,,,,Craft & Tailored,craft_and_tailored,dealer,https://craftandtailored.com/products/2023-rolex-daytona-18k-wg-ref-116519-w-full-set,7422629052525,2026-08-10T20:59:24+00:00
Cartier,,78099,,4750.0,USD,asking,2024-05-29,,,,,,,,Craft & Tailored,craft_and_tailored,dealer,https://craftandtailored.com/products/1970s-cartier-ceinture-18k-yg-ref-78099,7422549262445,2026-08-10T20:59:24+00:00
Rolex,,16700,1996.0,9650.0,USD,asking,2024-05-28,,,,,,,,Craft & Tailored,craft_and_tailored,dealer,https://craftandtailored.com/products/1996-rolex-gmt-master-ref-16700-pepsi-w-box-booklets,7421642113133,2026-08-10T20:59:24+00:00
Rolex,,16760,1984.0,14750.0,USD,asking,2024-05-28,,,,,,,,Craft & Tailored,craft_and_tailored,dealer,https://craftandtailored.com/products/1985-rolex-gmt-master-ii-ref-16760-fat-lady-w-rolex-guarantee-paper,7421571465325,2026-08-10T20:59:24+00:00
Cartier,,252,,4800.0,USD,asking,2024-05-28,,,,,,,,Craft & Tailored,craft_and_tailored,dealer,https://craftandtailored.com/products/1960s-cartier-dress-watch-18k-yg-ref-252-cal-2520,7421581295725,2026-08-10T20:59:24+00:00
Rolex,,1601,1973.0,4950.0,USD,asking,2024-05-28,,,,,,,,Craft & Tailored,craft_and_tailored,dealer,https://craftandtailored.com/products/1973-rolex-datejust-ref-1601-grey-dial-w-rolex-guarantee-paper,7421574512749,2026-08-10T20:59:24+00:00
Jaeger-LeCoultre,,Q2028440,2014.0,14000.0,USD,asking,2024-05-23,,,,,,,,Craft & Tailored,craft_and_tailored,dealer,https://craftandtailored.com/products/2014-jaeger-lecoultre-memovox-tribute-to-deep-sea-ref-q2028440-usa-dial-w-box-papers,7401162113133,2026-08-10T20:59:24+00:00
Audemars Piguet,,25636BA,1992.0,275000.0,USD,asking,2024-05-23,,,,,,,,Craft & Tailored,craft_and_tailored,dealer,https://craftandtailored.com/products/1992-audemars-piguet-royal-oak-quantieme-perpetual-calendar-18k-yg-ref-25636ba-small-font-w-box-winder-ap-coa-ap-extract-ap-service-papers-accessories,7404479185005,2026-08-10T20:59:24+00:00
Rolex,,6262,,295000.0,USD,asking,2024-05-22,,,,,,,,Craft & Tailored,craft_and_tailored,dealer,https://craftandtailored.com/products/tropical-1970-rolex-daytona-ref-6262-white-paul-newman-dial,7400776204397,2026-08-10T20:59:24+00:00
Rolex,,1601,1969.0,8750.0,USD,asking,2024-05-21,,,,,,,,Craft & Tailored,craft_and_tailored,dealer,https://craftandtailored.com/products/1969-rolex-datejust-18k-yg-ref-1601-champagne-wide-boy-sigma-dial,7399819837549,2026-08-10T20:59:24+00:00
F.P. Journe,,,2012.0,245000.0,USD,asking,2024-05-21,,,,,,,,Craft & Tailored,craft_and_tailored,dealer,https://craftandtailored.com/products/2012-f-p-journe-resonance-parking-meter-18k-rg-ref-rt-grey-dial-w-box-papers,7399760429165,2026-08-10T20:59:24+00:00
Jaeger-LeCoultre,,273.8.84,,9250.0,USD,asking,2024-05-20,,,,,,,,Craft & Tailored,craft_and_tailored,dealer,https://craftandtailored.com/products/2010s-jaeger-lecoultre-grande-reverso-calendar-ref-273-8-84-w-box,7394542813293,2026-08-10T20:59:24+00:00
Audemars Piguet,,,,6500.0,USD,asking,2024-05-20,,,,,,,,Craft & Tailored,craft_and_tailored,dealer,https://craftandtailored.com/products/1980s-audemars-piguet-octogon-18k-yg-cal-21c,7398711099501,2026-08-10T20:59:24+00:00
Audemars Piguet,,25661BA,,22000.0,USD,asking,2024-05-20,,,,,,,,Craft & Tailored,craft_and_tailored,dealer,https://craftandtailored.com/products/1990s-audemars-piguet-quantieme-perpetual-calendar-18k-yg-ref-25661ba,7398738329709,2026-08-10T20:59:24+00:00
Piaget,,9523,,8950.0,USD,asking,2024-05-16,,,,,,,,Craft & Tailored,craft_and_tailored,dealer,https://craftandtailored.com/products/1970s-piaget-hexagon-dress-watch-18k-wg-ref-9523-d2-lapis-dial-w-onyx-sodalite-bezel,7391552405613,2026-08-10T20:59:24+00:00
Rolex,,1016,1975.0,17650.0,USD,asking,2024-05-16,,,,,,,,Craft & Tailored,craft_and_tailored,dealer,https://craftandtailored.com/products/1975-rolex-explorer-i-ref-1016-mk-iii-dial-1,7391532580973,2026-08-10T20:59:24+00:00
Gallet,,,,2950.0,USD,asking,2024-05-15,,,,,,,,Craft & Tailored,craft_and_tailored,dealer,https://craftandtailored.com/products/1960s-gallet-multichron-45-gold-plated-chronograph-valjoux-cal-7730,7390426529901,2026-08-10T20:59:24+00:00
Audemars Piguet,,5402BA,,65000.0,USD,asking,2024-05-15,,,,,,,,Craft & Tailored,craft_and_tailored,dealer,https://craftandtailored.com/products/1970s-audemars-piguet-royal-oak-18k-yg-ref-5402ba-champagne-dial-w-box,7390420303981,2026-08-10T20:59:24+00:00
Omega,,14902,1962.0,2150.0,USD,asking,2024-05-14,,,,,,,,Craft & Tailored,craft_and_tailored,dealer,https://craftandtailored.com/products/1962-omega-constellation-ref-14902-62-sc-silver-pie-pan-dial,7388481912941,2026-08-10T20:59:24+00:00
Longines,,,1949.0,4450.0,USD,asking,2024-05-14,,,,,,,,Craft & Tailored,craft_and_tailored,dealer,https://craftandtailored.com/products/1949-longines-mono-pusher-stop-second-chronograph-cal-12-68z-10k-gold-filled-american-airlines,7388370501741,2026-08-10T20:59:24+00:00
Rolex,,1601,1970.0,3950.0,USD,asking,2024-05-14,,,,,,,,Craft & Tailored,craft_and_tailored,dealer,https://craftandtailored.com/products/1970-rolex-datejust-ref-1601-silver-non-luminous-dial,7388338094189,2026-08-10T20:59:24+00:00
Rolex,,5513,,18500.0,USD,asking,2024-05-13,,,,,,,,Craft & Tailored,craft_and_tailored,dealer,https://craftandtailored.com/products/1984-rolex-submariner-ref-5513-mk-iv-maxi-dial,3854585004141,2026-08-10T20:59:24+00:00
Rolex,,68279B,1986.0,12650.0,USD,asking,2024-05-10,,,,,,,,Craft & Tailored,craft_and_tailored,dealer,https://craftandtailored.com/products/1986-rolex-midsize-datejust-tridor-ref-68279b-salmon-diamond-dial,7384854331501,2026-08-10T20:59:24+00:00
Other,,,,1450.0,USD,asking,2024-05-10,,,,,,,,Craft & Tailored,craft_and_tailored,dealer,https://craftandtailored.com/products/1970s-marcel-et,7379960365165,2026-08-10T20:59:24+00:00
Rolex,,16523,1991.0,31500.0,USD,asking,2024-05-09,,,,,,,preowned,Craft & Tailored,craft_and_tailored,dealer,https://craftandtailored.com/products/1991-rolex-two-tone-zenith-daytona-ref-16523-black-mk-iii-inverted-6-dial-w-box-papers,7379954729069,2026-08-10T20:59:24+00:00
Audemars Piguet,,5402BA,,123500.0,USD,asking,2024-05-09,,,,,,,,Craft & Tailored,craft_and_tailored,dealer,https://craftandtailored.com/products/1970s-audemars-piguet-royal-oak-18k-yg-ref-5402ba-champagne-logo-down-dial-w-extract-from-the-archives,7384290852973,2026-08-10T20:59:24+00:00
Rolex,,6917,1981.0,8950.0,USD,asking,2024-05-09,,,,,,,,Craft & Tailored,craft_and_tailored,dealer,https://craftandtailored.com/products/1981-rolex-ladies-datejust-18k-yg-ref-6917-tiger-eye-stone-dial-1,7384278040685,2026-08-10T20:59:24+00:00
Cartier,,lex,,2250.0,USD,asking,2024-05-09,,,,,,,,Craft & Tailored,craft_and_tailored,dealer,https://craftandtailored.com/products/2000s-cartier-two-tone-tank-francaise-chrono-reflex-ref-2303-w51004q4-quartz,7384234524781,2026-08-10T20:59:24+00:00
Rolex,,16200,2003.0,5750.0,USD,asking,2024-05-09,,,,,,,,Craft & Tailored,craft_and_tailored,dealer,https://craftandtailored.com/products/2003-rolex-datejust-ref-16200-black-dial-w-box-papers,7384219484269,2026-08-10T20:59:24+00:00
Other,,,,1013.0,USD,asking,2024-05-07,,,,,,,,Craft & Tailored,craft_and_tailored,dealer,https://craftandtailored.com/products/1970s-venuza-chronograph-valjoux-cal-7734,7379950469229,2026-08-10T20:59:24+00:00
Patek Philippe,,3445G,,10500.0,USD,asking,2024-05-07,,,,,,,,Craft & Tailored,craft_and_tailored,dealer,https://craftandtailored.com/products/1960s-patek-philippe-calatrava-ref-3445g-18k-wg-2,7379577340013,2026-08-10T20:59:24+00:00
Rolex,,1601,1969.0,3750.0,USD,asking,2024-05-07,,,,,,,,Craft & Tailored,craft_and_tailored,dealer,https://craftandtailored.com/products/1969-rolex-datejust-ref-1601-silver-non-luminous-dial,7368730738797,2026-08-10T20:59:24+00:00
Cartier,,4323,2022.0,4250.0,USD,asking,2024-05-07,,,,,,,,Craft & Tailored,craft_and_tailored,dealer,https://craftandtailored.com/products/2021-cartier-tank-must-ref-4323-wsta0056-green-dial-w-full-set,7379582681197,2026-08-10T20:59:24+00:00
Rolex,,16760,1987.0,12850.0,USD,asking,2024-05-07,,,,,,,,Craft & Tailored,craft_and_tailored,dealer,https://craftandtailored.com/products/1987-rolex-gmt-master-ii-ref-16760-fat-lady-3,7379925008493,2026-08-10T20:59:24+00:00
Hamilton,,,,3750.0,USD,asking,2024-05-03,,,,,,,,Craft & Tailored,craft_and_tailored,dealer,https://craftandtailored.com/products/1970s-hamilton-royal-navy-pilots-chronograph-valjoux-cal-7733,7375963521133,2026-08-10T20:59:24+00:00
Rolex,,1601,1970.0,4350.0,USD,asking,2024-05-03,,,,,,,,Craft & Tailored,craft_and_tailored,dealer,https://craftandtailored.com/products/1970-rolex-datejust-ref-1601-non-luminous-silver-linen-dial-1,7375884845165,2026-08-10T20:59:24+00:00
Gallet,,,,5850.0,USD,asking,2024-05-01,,,,,,,,Craft & Tailored,craft_and_tailored,dealer,https://craftandtailored.com/products/1960s-gallet-flying-officer-world-time-chronograph-clamshell,7368994455661,2026-08-10T20:59:24+00:00
Rolex,,16550,,13500.0,USD,asking,2024-05-01,,,,,,,,Craft & Tailored,craft_and_tailored,dealer,https://craftandtailored.com/products/1987-rolex-explorer-ii-ref-16550-polar-dial,7368975384685,2026-08-10T20:59:24+00:00
Cartier,,0907,,2500.0,USD,asking,2024-05-01,,,,,,,,Craft & Tailored,craft_and_tailored,dealer,https://craftandtailored.com/products/1990s-cartier-ladies-santos-octagon-two-tone-ref-0907-grey-ghost-dial,7367556137069,2026-08-10T20:59:24+00:00
Rolex,,1601,1964.0,3850.0,USD,asking,2024-04-30,,,,,,,,Craft & Tailored,craft_and_tailored,dealer,https://craftandtailored.com/products/1964-rolex-datejust-ref-1601-silver-dial,7368753414253,2026-08-10T20:59:24+00:00
Rolex,,5513,1968.0,9900.0,USD,asking,2024-04-30,,,,,,,,Craft & Tailored,craft_and_tailored,dealer,https://craftandtailored.com/products/1968-rolex-submariner-ref-5513-meters-first-6,7368700330093,2026-08-10T20:59:24+00:00
Girard Perregaux,,9034,,2350.0,USD,asking,2024-04-30,,,,,,,,Craft & Tailored,craft_and_tailored,dealer,https://craftandtailored.com/products/1960s-girard-perregaux-playboy-ref-9034-bb,7368709406829,2026-08-10T20:59:24+00:00
Other,,0775/3,,1540.0,USD,asking,2024-04-30,,,,,,,,Craft & Tailored,craft_and_tailored,dealer,https://craftandtailored.com/products/1970s-olma-caravelle-200-super-compressor-ref-8611,7368670052461,2026-08-10T20:59:24+00:00
Rolex,,16610,1990.0,9250.0,USD,asking,2024-04-29,,,,,,,,Craft & Tailored,craft_and_tailored,dealer,https://craftandtailored.com/products/1990-rolex-submariner-ref-16610-w-box-papers,7367558889581,2026-08-10T20:59:24+00:00
Rolex,,16800,,7950.0,USD,asking,2024-04-26,,,,,,,,Craft & Tailored,craft_and_tailored,dealer,https://craftandtailored.com/products/unpolished-1985-rolex-submariner-ref-16801,7356833890413,2026-08-10T20:59:24+00:00
Patek Philippe,Gondolo White Gold / Blue,5200G-001,,39270.0,USD,asking,2025-12-12,,,White Gold,32.4,Manual,Blue,PREOWNED,Bezel,bezel,marketplace,https://dev.shop.prod.bezel.cloud/watches/patek-philippe/gondolo-white-gold-blue/ref-5200g-001/id-11622,228616,2026-08-10T22:43:53+00:00
Omega,Speedmaster Racing Master Co-Axial Stainless Steel / Gray / Bracelet,329.30.44.51.06.001,,6965.0,USD,asking,2025-11-24,,,Steel,44.25,Automatic,Gray,PREOWNED,Bezel,bezel,marketplace,https://dev.shop.prod.bezel.cloud/watches/omega/speedmaster-racing-master-co-axial-stainless-steel-gray-bracelet/ref-329.30.44.51.06.001/id-13985,222237,2026-08-10T22:43:53+00:00
Breitling,Superocean Heritage II Chronograph 44 Steel / Black / Milanese,A13313121B1A1,,4840.0,USD,asking,2026-07-24,,,Steel,44.0,Automatic,Black,UNWORN,Bezel,bezel,marketplace,https://dev.shop.prod.bezel.cloud/watches/breitling/superocean-heritage-ii-chronograph-44-steel-black-milanese/ref-a13313121b1a1/id-19360,322689,2026-08-10T22:43:53+00:00
Rolex,Lady-Datejust 26 Steel / Smooth / Silvered / Oyster,179160-0023,,7313.0,USD,asking,2025-01-31,,,Steel,26.0,Automatic,Silver,PREOWNED,Bezel,bezel,marketplace,https://dev.shop.prod.bezel.cloud/watches/rolex/lady-datejust-26-steel-smooth-silvered-oyster/ref-179160-0023/id-21796,144607,2026-08-10T22:43:53+00:00
Rolex,Lady-Datejust 26 Steel / Smooth / Silvered / Oyster,179160-0023,,6500.0,USD,asking,2026-06-11,,,Steel,26.0,Automatic,Silver,PREOWNED,Bezel,bezel,marketplace,https://dev.shop.prod.bezel.cloud/watches/rolex/lady-datejust-26-steel-smooth-silvered-oyster/ref-179160-0023/id-21796,300906,2026-08-10T22:43:53+00:00
Rolex,Lady-Datejust 26 Steel / Smooth / Silvered / Oyster,179160-0023,,6460.0,USD,asking,2026-07-19,,,Steel,26.0,Automatic,Silver,PREOWNED,Bezel,bezel,marketplace,https://dev.shop.prod.bezel.cloud/watches/rolex/lady-datejust-26-steel-smooth-silvered-oyster/ref-179160-0023/id-21796,318814,2026-08-10T22:43:53+00:00
Rolex,Lady-Datejust 26 Steel / Smooth / Silvered / Oyster,179160-0023,,7280.0,USD,asking,2026-08-05,,,Steel,26.0,Automatic,Silver,PREOWNED,Bezel,bezel,marketplace,https://dev.shop.prod.bezel.cloud/watches/rolex/lady-datejust-26-steel-smooth-silvered-oyster/ref-179160-0023/id-21796,328193,2026-08-10T22:43:53+00:00
Patek Philippe,,3940P,,952500.0,HKD,realised,2026-04-01,500000.0,1000000.0,,,,,,Christie's,christies,auction,https://www.christies.com/en/sso?ObjectID=24475.1&LotNumber=1&ldp_breadcrumb=back,24475-1,2026-08-10T22:45:48+00:00
Patek Philippe,,5131G-010,,698500.0,HKD,realised,2026-04-01,550000.0,1100000.0,,,,,,Christie's,christies,auction,https://www.christies.com/en/sso?ObjectID=24475.2&LotNumber=2&ldp_breadcrumb=back,24475-2,2026-08-10T22:45:48+00:00
Patek Philippe,,5726/1A-001,,889000.0,HKD,realised,2026-04-01,500000.0,1000000.0,,,,,,Christie's,christies,auction,https://www.christies.com/en/sso?ObjectID=24475.3&LotNumber=3&ldp_breadcrumb=back,24475-3,2026-08-10T22:45:48+00:00
Patek Philippe,,7010/1R-010,,508000.0,HKD,realised,2026-04-01,300000.0,600000.0,,,,,,Christie's,christies,auction,https://www.christies.com/en/sso?ObjectID=24475.4&LotNumber=4&ldp_breadcrumb=back,24475-4,2026-08-10T22:45:48+00:00
Patek Philippe,,5524G-001,,279400.0,HKD,realised,2026-04-01,180000.0,350000.0,,,,,,Christie's,christies,auction,https://www.christies.com/en/sso?ObjectID=24475.5&LotNumber=5&ldp_breadcrumb=back,24475-5,2026-08-10T22:45:48+00:00
Patek Philippe,,5135P-001,,215900.0,HKD,realised,2026-04-01,160000.0,320000.0,,,,,,Christie's,christies,auction,https://www.christies.com/en/sso?ObjectID=24475.6&LotNumber=6&ldp_breadcrumb=back,24475-6,2026-08-10T22:45:48+00:00
Patek Philippe,,5034J-001,,107950.0,HKD,realised,2026-04-01,80000.0,160000.0,,,,,,Christie's,christies,auction,https://www.christies.com/en/sso?ObjectID=24475.7&LotNumber=7&ldp_breadcrumb=back,24475-7,2026-08-10T22:45:48+00:00
Patek Philippe,,5015,,152400.0,HKD,realised,2026-04-01,80000.0,160000.0,,,,,,Christie's,christies,auction,https://www.christies.com/en/sso?ObjectID=24475.8&LotNumber=8&ldp_breadcrumb=back,24475-8,2026-08-10T22:45:48+00:00
Patek Philippe,,5030G,,120650.0,HKD,realised,2026-04-01,40000.0,80000.0,,,,,,Christie's,christies,auction,https://www.christies.com/en/sso?ObjectID=24475.9&LotNumber=9&ldp_breadcrumb=back,24475-9,2026-08-10T22:45:48+00:00
Patek Philippe,,5022,,82550.0,HKD,realised,2026-04-01,40000.0,80000.0,,,,,,Christie's,christies,auction,https://www.christies.com/en/sso?ObjectID=24475.10&LotNumber=10&ldp_breadcrumb=back,24475-10,2026-08-10T22:45:48+00:00
Patek Philippe,,5014G,,82550.0,HKD,realised,2026-04-01,35000.0,70000.0,,,,,,Christie's,christies,auction,https://www.christies.com/en/sso?ObjectID=24475.11&LotNumber=11&ldp_breadcrumb=back,24475-11,2026-08-10T22:45:48+00:00
Patek Philippe,,3919R,,82550.0,HKD,realised,2026-04-01,42000.0,85000.0,,,,,,Christie's,christies,auction,https://www.christies.com/en/sso?ObjectID=24475.12&LotNumber=12&ldp_breadcrumb=back,24475-12,2026-08-10T22:45:48+00:00
Patek Philipppe,,3445,,69850.0,HKD,realised,2026-04-01,50000.0,100000.0,,,,,,Christie's,christies,auction,https://www.christies.com/en/sso?ObjectID=24475.13&LotNumber=13&ldp_breadcrumb=back,24475-13,2026-08-10T22:45:48+00:00
Patek Philippe,,3445,,76200.0,HKD,realised,2026-04-01,60000.0,120000.0,,,,,,Christie's,christies,auction,https://www.christies.com/en/sso?ObjectID=24475.14&LotNumber=14&ldp_breadcrumb=back,24475-14,2026-08-10T22:45:48+00:00
Patek Philippe,,3578,,95250.0,HKD,realised,2026-04-01,45000.0,90000.0,,,,,,Christie's,christies,auction,https://www.christies.com/en/sso?ObjectID=24475.15&LotNumber=15&ldp_breadcrumb=back,24475-15,2026-08-10T22:45:48+00:00
Patek Philippe,,3472,,57150.0,HKD,realised,2026-04-01,30000.0,60000.0,,,,,,Christie's,christies,auction,https://www.christies.com/en/sso?ObjectID=24475.16&LotNumber=16&ldp_breadcrumb=back,24475-16,2026-08-10T22:45:48+00:00
Patek Philippe,,2533,,90000.0,HKD,realised,2026-04-01,80000.0,160000.0,,,,,,Christie's,christies,auction,https://www.christies.com/en/sso?ObjectID=24475.17&LotNumber=17&ldp_breadcrumb=back,24475-17,2026-08-10T22:45:48+00:00
Patek Philippe,,4936G-001,,254000.0,HKD,realised,2026-04-01,120000.0,240000.0,,,,,,Christie's,christies,auction,https://www.christies.com/en/sso?ObjectID=24475.18&LotNumber=18&ldp_breadcrumb=back,24475-18,2026-08-10T22:45:48+00:00
Patek Philippe,,4991G-001,,127000.0,HKD,realised,2026-04-01,100000.0,200000.0,,,,,,Christie's,christies,auction,https://www.christies.com/en/sso?ObjectID=24475.19&LotNumber=19&ldp_breadcrumb=back,24475-19,2026-08-10T22:45:48+00:00
Patek Philippe,,4958G-001,,152400.0,HKD,realised,2026-04-01,80000.0,160000.0,,,,,,Christie's,christies,auction,https://www.christies.com/en/sso?ObjectID=24475.20&LotNumber=20&ldp_breadcrumb=back,24475-20,2026-08-10T22:45:48+00:00
Patek Philippe,,4919G-001,,63500.0,HKD,realised,2026-04-01,70000.0,140000.0,,,,,,Christie's,christies,auction,https://www.christies.com/en/sso?ObjectID=24475.21&LotNumber=21&ldp_breadcrumb=back,24475-21,2026-08-10T22:45:48+00:00
Patek Philippe,,4908/31G-010,,152400.0,HKD,realised,2026-04-01,70000.0,140000.0,,,,,,Christie's,christies,auction,https://www.christies.com/en/sso?ObjectID=24475.22&LotNumber=22&ldp_breadcrumb=back,24475-22,2026-08-10T22:45:48+00:00
Patek Philippe,,4958J-001,,165100.0,HKD,realised,2026-04-01,60000.0,120000.0,,,,,,Christie's,christies,auction,https://www.christies.com/en/sso?ObjectID=24475.23&LotNumber=23&ldp_breadcrumb=back,24475-23,2026-08-10T22:45:48+00:00
Patek Philippe,,4972G-001,,114300.0,HKD,realised,2026-04-01,40000.0,80000.0,,,,,,Christie's,christies,auction,https://www.christies.com/en/sso?ObjectID=24475.24&LotNumber=24&ldp_breadcrumb=back,24475-24,2026-08-10T22:45:48+00:00
Patek Philippe,,4861G-001,,69850.0,HKD,realised,2026-04-01,30000.0,60000.0,,,,,,Christie's,christies,auction,https://www.christies.com/en/sso?ObjectID=24475.25&LotNumber=25&ldp_breadcrumb=back,24475-25,2026-08-10T22:45:48+00:00
Patek Philippe,,,,69850.0,HKD,realised,2026-04-01,40000.0,80000.0,,,,,,Christie's,christies,auction,https://www.christies.com/en/sso?ObjectID=24475.26&LotNumber=26&ldp_breadcrumb=back,24475-26,2026-08-10T22:45:48+00:00
Patek Philippe,,1491,,127000.0,HKD,realised,2026-04-01,50000.0,100000.0,,,,,,Christie's,christies,auction,https://www.christies.com/en/sso?ObjectID=24475.27&LotNumber=27&ldp_breadcrumb=back,24475-27,2026-08-10T22:45:48+00:00
Patek Philippe,,,,95250.0,HKD,realised,2026-04-01,60000.0,120000.0,,,,,,Christie's,christies,auction,https://www.christies.com/en/sso?ObjectID=24475.28&LotNumber=28&ldp_breadcrumb=back,24475-28,2026-08-10T22:45:48+00:00
Patek Philippe,,4266,,88900.0,HKD,realised,2026-04-01,30000.0,60000.0,,,,,,Christie's,christies,auction,https://www.christies.com/en/sso?ObjectID=24475.29&LotNumber=29&ldp_breadcrumb=back,24475-29,2026-08-10T22:45:48+00:00
Patek Philippe,,4186,,69850.0,HKD,realised,2026-04-01,30000.0,60000.0,,,,,,Christie's,christies,auction,https://www.christies.com/en/sso?ObjectID=24475.30&LotNumber=30&ldp_breadcrumb=back,24475-30,2026-08-10T22:45:48+00:00
Patek Philippe,,,,35560.0,HKD,realised,2026-04-01,30000.0,50000.0,,,,,,Christie's,christies,auction,https://www.christies.com/en/sso?ObjectID=24475.31&LotNumber=31&ldp_breadcrumb=back,24475-31,2026-08-10T22:45:48+00:00
Patek Philippe,,,,22860.0,HKD,realised,2026-04-01,10000.0,20000.0,,,,,,Christie's,christies,auction,https://www.christies.com/en/sso?ObjectID=24475.32&LotNumber=32&ldp_breadcrumb=back,24475-32,2026-08-10T22:45:48+00:00
F.P. Journe X Bait Kokies,,,,53340.0,HKD,realised,2026-04-01,30000.0,60000.0,,,,,,Christie's,christies,auction,https://www.christies.com/en/sso?ObjectID=24475.33&LotNumber=33&ldp_breadcrumb=back,24475-33,2026-08-10T22:45:48+00:00
F.P. Journe,,,,6096.0,HKD,realised,2026-04-01,4000.0,8000.0,,,,,,Christie's,christies,auction,https://www.christies.com/en/sso?ObjectID=24475.34&LotNumber=34&ldp_breadcrumb=back,24475-34,2026-08-10T22:45:48+00:00
A. Lange & Söhne,,192.029,,304800.0,HKD,realised,2026-04-01,180000.0,360000.0,,,,,,Christie's,christies,auction,https://www.christies.com/en/sso?ObjectID=24475.35&LotNumber=35&ldp_breadcrumb=back,24475-35,2026-08-10T22:45:48+00:00
A. Lange & Söhne,,808.040,,114300.0,HKD,realised,2026-04-01,80000.0,160000.0,,,,,,Christie's,christies,auction,https://www.christies.com/en/sso?ObjectID=24475.36&LotNumber=36&ldp_breadcrumb=back,24475-36,2026-08-10T22:45:48+00:00
Anon,,,,5715.0,HKD,realised,2026-04-01,8000.0,16000.0,,,,,,Christie's,christies,auction,https://www.christies.com/en/sso?ObjectID=24475.37&LotNumber=37&ldp_breadcrumb=back,24475-37,2026-08-10T22:45:48+00:00
Anon,,,,44450.0,HKD,realised,2026-04-01,38000.0,75000.0,,,,,,Christie's,christies,auction,https://www.christies.com/en/sso?ObjectID=24475.38&LotNumber=38&ldp_breadcrumb=back,24475-38,2026-08-10T22:45:48+00:00
Armin Strom,,,,53340.0,HKD,realised,2026-04-01,40000.0,80000.0,,,,,,Christie's,christies,auction,https://www.christies.com/en/sso?ObjectID=24475.39&LotNumber=39&ldp_breadcrumb=back,24475-39,2026-08-10T22:45:48+00:00
Arnold & Son,,1ARASS01AC121S,,60960.0,HKD,realised,2026-04-01,24000.0,48000.0,,,,,,Christie's,christies,auction,https://www.christies.com/en/sso?ObjectID=24475.40&LotNumber=40&ldp_breadcrumb=back,24475-40,2026-08-10T22:45:48+00:00
Arnold & Son,,,,69850.0,HKD,realised,2026-04-01,60000.0,120000.0,,,,,,Christie's,christies,auction,https://www.christies.com/en/sso?ObjectID=24475.41&LotNumber=41&ldp_breadcrumb=back,24475-41,2026-08-10T22:45:48+00:00
Audemars Piguet,,15451OR.ZZ.1256O,,533400.0,HKD,realised,2026-04-01,240000.0,480000.0,,,,,,Christie's,christies,auction,https://www.christies.com/en/sso?ObjectID=24475.42&LotNumber=42&ldp_breadcrumb=back,24475-42,2026-08-10T22:45:48+00:00
Audemars Piguet,,15510ST,,355600.0,HKD,realised,2026-04-01,240000.0,480000.0,,,,,,Christie's,christies,auction,https://www.christies.com/en/sso?ObjectID=24475.43&LotNumber=43&ldp_breadcrumb=back,24475-43,2026-08-10T22:45:48+00:00
Audemars Piguet,,26393BC,,203200.0,HKD,realised,2026-04-01,130000.0,260000.0,,,,,,Christie's,christies,auction,https://www.christies.com/en/sso?ObjectID=24475.44&LotNumber=44&ldp_breadcrumb=back,24475-44,2026-08-10T22:45:48+00:00
Audemars Piguet,,14988BC,,101600.0,HKD,realised,2026-04-01,80000.0,160000.0,,,,,,Christie's,christies,auction,https://www.christies.com/en/sso?ObjectID=24475.45&LotNumber=45&ldp_breadcrumb=back,24475-45,2026-08-10T22:45:48+00:00
Audemars Piguet,,14761BA,,190500.0,HKD,realised,2026-04-01,50000.0,100000.0,,,,,,Christie's,christies,auction,https://www.christies.com/en/sso?ObjectID=24475.46&LotNumber=46&ldp_breadcrumb=back,24475-46,2026-08-10T22:45:48+00:00
Audemars Piguet,,25822ST,,57150.0,HKD,realised,2026-04-01,40000.0,80000.0,,,,,,Christie's,christies,auction,https://www.christies.com/en/sso?ObjectID=24475.47&LotNumber=47&ldp_breadcrumb=back,24475-47,2026-08-10T22:45:48+00:00
Audemars Piguet,,5896BA,,38100.0,HKD,realised,2026-04-01,30000.0,60000.0,,,,,,Christie's,christies,auction,https://www.christies.com/en/sso?ObjectID=24475.48&LotNumber=48&ldp_breadcrumb=back,24475-48,2026-08-10T22:45:48+00:00
Audemars Piguet,,4040BA,,50800.0,HKD,realised,2026-04-01,30000.0,60000.0,,,,,,Christie's,christies,auction,https://www.christies.com/en/sso?ObjectID=24475.49&LotNumber=49&ldp_breadcrumb=back,24475-49,2026-08-10T22:45:48+00:00
Audemars Piguet,,5379BC,,95250.0,HKD,realised,2026-04-01,28000.0,55000.0,,,,,,Christie's,christies,auction,https://www.christies.com/en/sso?ObjectID=24475.50&LotNumber=50&ldp_breadcrumb=back,24475-50,2026-08-10T22:45:48+00:00
Audemars Piguet,,,,30480.0,HKD,realised,2026-04-01,10000.0,20000.0,,,,,,Christie's,christies,auction,https://www.christies.com/en/sso?ObjectID=24475.51&LotNumber=51&ldp_breadcrumb=back,24475-51,2026-08-10T22:45:48+00:00
Ball,,NM9028C-S29C-BK,,16510.0,HKD,realised,2026-04-01,8000.0,16000.0,,,,,,Christie's,christies,auction,https://www.christies.com/en/sso?ObjectID=24475.52&LotNumber=52&ldp_breadcrumb=back,24475-52,2026-08-10T22:45:48+00:00
Ball,,GM3010C-RICFJ-BK,,9525.0,HKD,realised,2026-04-01,16000.0,32000.0,,,,,,Christie's,christies,auction,https://www.christies.com/en/sso?ObjectID=24475.53&LotNumber=53&ldp_breadcrumb=back,24475-53,2026-08-10T22:45:48+00:00
Blancpain,,5100,,50800.0,HKD,realised,2026-04-01,24000.0,50000.0,,,,,,Christie's,christies,auction,https://www.christies.com/en/sso?ObjectID=24475.54&LotNumber=54&ldp_breadcrumb=back,24475-54,2026-08-10T22:45:48+00:00
Blancpain,,5901,,152400.0,HKD,realised,2026-04-01,60000.0,120000.0,,,,,,Christie's,christies,auction,https://www.christies.com/en/sso?ObjectID=24475.55&LotNumber=55&ldp_breadcrumb=back,24475-55,2026-08-10T22:45:48+00:00
Blancpain,,2185F-1130-63B,,40640.0,HKD,realised,2026-04-01,30000.0,60000.0,,,,,,Christie's,christies,auction,https://www.christies.com/en/sso?ObjectID=24475.56&LotNumber=56&ldp_breadcrumb=back,24475-56,2026-08-10T22:45:48+00:00
Blancpain,,0071.1418-55,,24130.0,HKD,realised,2026-04-01,12000.0,24000.0,,,,,,Christie's,christies,auction,https://www.christies.com/en/sso?ObjectID=24475.57&LotNumber=57&ldp_breadcrumb=back,24475-57,2026-08-10T22:45:48+00:00
Blancpain,,,,35560.0,HKD,realised,2026-04-01,20000.0,40000.0,,,,,,Christie's,christies,auction,https://www.christies.com/en/sso?ObjectID=24475.58&LotNumber=58&ldp_breadcrumb=back,24475-58,2026-08-10T22:45:48+00:00
Bovet,,BB/D810.0.00/E01,,101600.0,HKD,realised,2026-04-01,100000.0,200000.0,,,,,,Christie's,christies,auction,https://www.christies.com/en/sso?ObjectID=24475.59&LotNumber=59&ldp_breadcrumb=back,24475-59,2026-08-10T22:45:48+00:00
Breguet,,5497BR129V6,,254000.0,HKD,realised,2026-04-01,200000.0,400000.0,,,,,,Christie's,christies,auction,https://www.christies.com/en/sso?ObjectID=24475.60&LotNumber=60&ldp_breadcrumb=back,24475-60,2026-08-10T22:45:48+00:00
Breguet,,5277,,76200.0,HKD,realised,2026-04-01,55000.0,110000.0,,,,,,Christie's,christies,auction,https://www.christies.com/en/sso?ObjectID=24475.61&LotNumber=61&ldp_breadcrumb=back,24475-61,2026-08-10T22:45:48+00:00
Breguet,,8908BB52864D00D,,114300.0,HKD,realised,2026-04-01,40000.0,80000.0,,,,,,Christie's,christies,auction,https://www.christies.com/en/sso?ObjectID=24475.62&LotNumber=62&ldp_breadcrumb=back,24475-62,2026-08-10T22:45:48+00:00
Buccellati,,0210000467875,,190500.0,HKD,realised,2026-04-01,80000.0,160000.0,,,,,,Christie's,christies,auction,https://www.christies.com/en/sso?ObjectID=24475.63&LotNumber=63&ldp_breadcrumb=back,24475-63,2026-08-10T22:45:48+00:00
Bulgari,,100332,,101600.0,HKD,realised,2026-04-01,20000.0,30000.0,,,,,,Christie's,christies,auction,https://www.christies.com/en/sso?ObjectID=24475.64&LotNumber=64&ldp_breadcrumb=back,24475-64,2026-08-10T22:45:48+00:00
Carlo Ferrara,,,,44450.0,HKD,realised,2026-04-01,16000.0,32000.0,,,,,,Christie's,christies,auction,https://www.christies.com/en/sso?ObjectID=24475.65&LotNumber=65&ldp_breadcrumb=back,24475-65,2026-08-10T22:45:48+00:00
Cartier,,2495,,215900.0,HKD,realised,2026-04-01,100000.0,200000.0,,,,,,Christie's,christies,auction,https://www.christies.com/en/sso?ObjectID=24475.66&LotNumber=66&ldp_breadcrumb=back,24475-66,2026-08-10T22:45:48+00:00
Cartier,,2358,,101600.0,HKD,realised,2026-04-01,80000.0,160000.0,,,,,,Christie's,christies,auction,https://www.christies.com/en/sso?ObjectID=24475.67&LotNumber=67&ldp_breadcrumb=back,24475-67,2026-08-10T22:45:48+00:00
Cartier,,2398,,57150.0,HKD,realised,2026-04-01,50000.0,100000.0,,,,,,Christie's,christies,auction,https://www.christies.com/en/sso?ObjectID=24475.68&LotNumber=68&ldp_breadcrumb=back,24475-68,2026-08-10T22:45:48+00:00
Cartier,,2878,,30480.0,HKD,realised,2026-04-01,20000.0,30000.0,,,,,,Christie's,christies,auction,https://www.christies.com/en/sso?ObjectID=24475.69&LotNumber=69&ldp_breadcrumb=back,24475-69,2026-08-10T22:45:48+00:00
Cartier,,2895,,57150.0,HKD,realised,2026-04-01,30000.0,60000.0,,,,,,Christie's,christies,auction,https://www.christies.com/en/sso?ObjectID=24475.70&LotNumber=70&ldp_breadcrumb=back,24475-70,2026-08-10T22:45:48+00:00
Cartier,,2359,,82550.0,HKD,realised,2026-04-01,50000.0,100000.0,,,,,,Christie's,christies,auction,https://www.christies.com/en/sso?ObjectID=24475.71&LotNumber=71&ldp_breadcrumb=back,24475-71,2026-08-10T22:45:48+00:00
Cartier,,1713,,107950.0,HKD,realised,2026-04-01,70000.0,140000.0,,,,,,Christie's,christies,auction,https://www.christies.com/en/sso?ObjectID=24475.72&LotNumber=72&ldp_breadcrumb=back,24475-72,2026-08-10T22:45:48+00:00
Cartier,,2975,,215900.0,HKD,realised,2026-04-01,60000.0,120000.0,,,,,,Christie's,christies,auction,https://www.christies.com/en/sso?ObjectID=24475.73&LotNumber=73&ldp_breadcrumb=back,24475-73,2026-08-10T22:45:48+00:00
Cartier,,1954,,63500.0,HKD,realised,2026-04-01,20000.0,40000.0,,,,,,Christie's,christies,auction,https://www.christies.com/en/sso?ObjectID=24475.74&LotNumber=74&ldp_breadcrumb=back,24475-74,2026-08-10T22:45:48+00:00
Cartier,,1450,,63500.0,HKD,realised,2026-04-01,20000.0,40000.0,,,,,,Christie's,christies,auction,https://www.christies.com/en/sso?ObjectID=24475.75&LotNumber=75&ldp_breadcrumb=back,24475-75,2026-08-10T22:45:48+00:00
Cartier,,1955,,82550.0,HKD,realised,2026-04-01,40000.0,80000.0,,,,,,Christie's,christies,auction,https://www.christies.com/en/sso?ObjectID=24475.76&LotNumber=76&ldp_breadcrumb=back,24475-76,2026-08-10T22:45:48+00:00
Cartier,,2889,,60960.0,HKD,realised,2026-04-01,38000.0,75000.0,,,,,,Christie's,christies,auction,https://www.christies.com/en/sso?ObjectID=24475.77&LotNumber=77&ldp_breadcrumb=back,24475-77,2026-08-10T22:45:48+00:00
Cartier,,2890,,50800.0,HKD,realised,2026-04-01,38000.0,75000.0,,,,,,Christie's,christies,auction,https://www.christies.com/en/sso?ObjectID=24475.78&LotNumber=78&ldp_breadcrumb=back,24475-78,2026-08-10T22:45:48+00:00
Cartier,,2357,,69850.0,HKD,realised,2026-04-01,20000.0,30000.0,,,,,,Christie's,christies,auction,https://www.christies.com/en/sso?ObjectID=24475.79&LotNumber=79&ldp_breadcrumb=back,24475-79,2026-08-10T22:45:48+00:00
,,7509,,8255.0,HKD,realised,2026-04-01,30000.0,60000.0,,,,,,Christie's,christies,auction,https://www.christies.com/en/sso?ObjectID=24475.80&LotNumber=80&ldp_breadcrumb=back,24475-80,2026-08-10T22:45:48+00:00
Chaumet,,W1118A-28A,,53340.0,HKD,realised,2026-04-01,40000.0,80000.0,,,,,,Christie's,christies,auction,https://www.christies.com/en/sso?ObjectID=24475.81&LotNumber=81&ldp_breadcrumb=back,24475-81,2026-08-10T22:45:48+00:00
Chopard,,288,,17780.0,HKD,realised,2026-04-01,20000.0,50000.0,,,,,,Christie's,christies,auction,https://www.christies.com/en/sso?ObjectID=24475.82&LotNumber=82&ldp_breadcrumb=back,24475-82,2026-08-10T22:45:48+00:00
Chopard,,171278-0001,,44450.0,HKD,realised,2026-04-01,48000.0,80000.0,,,,,,Christie's,christies,auction,https://www.christies.com/en/sso?ObjectID=24475.83&LotNumber=83&ldp_breadcrumb=back,24475-83,2026-08-10T22:45:48+00:00
Christiaan Van Der Klaauw,,CKHN3326,,69850.0,HKD,realised,2026-04-01,40000.0,80000.0,,,,,,Christie's,christies,auction,https://www.christies.com/en/sso?ObjectID=24475.84&LotNumber=84&ldp_breadcrumb=back,24475-84,2026-08-10T22:45:48+00:00
Chronoswiss,,CH1423,,33020.0,HKD,realised,2026-04-01,8000.0,16000.0,,,,,,Christie's,christies,auction,https://www.christies.com/en/sso?ObjectID=24475.85&LotNumber=85&ldp_breadcrumb=back,24475-85,2026-08-10T22:45:48+00:00
Chronoswiss,,CH7522,,38100.0,HKD,realised,2026-04-01,16000.0,32000.0,,,,,,Christie's,christies,auction,https://www.christies.com/en/sso?ObjectID=24475.86&LotNumber=86&ldp_breadcrumb=back,24475-86,2026-08-10T22:45:48+00:00
Cleto Munari,,,,25400.0,HKD,realised,2026-04-01,10000.0,20000.0,,,,,,Christie's,christies,auction,https://www.christies.com/en/sso?ObjectID=24475.87&LotNumber=87&ldp_breadcrumb=back,24475-87,2026-08-10T22:45:48+00:00
Corum,,,,40640.0,HKD,realised,2026-04-01,15000.0,30000.0,,,,,,Christie's,christies,auction,https://www.christies.com/en/sso?ObjectID=24475.88&LotNumber=88&ldp_breadcrumb=back,24475-88,2026-08-10T22:45:48+00:00
Corum,,38.936.65,,,,realised,2026-04-01,80000.0,160000.0,,,,,,Christie's,christies,auction,https://www.christies.com/en/sso?ObjectID=24475.89&LotNumber=89&ldp_breadcrumb=back,24475-89,2026-08-10T22:45:48+00:00
Cyrus,,598.201.A,,44450.0,HKD,realised,2026-04-01,24000.0,48000.0,,,,,,Christie's,christies,auction,https://www.christies.com/en/sso?ObjectID=24475.90&LotNumber=90&ldp_breadcrumb=back,24475-90,2026-08-10T22:45:48+00:00
Czapek,,,,,,realised,2026-04-01,100000.0,200000.0,,,,,,Christie's,christies,auction,https://www.christies.com/en/sso?ObjectID=24475.91&LotNumber=91&ldp_breadcrumb=back,24475-91,2026-08-10T22:45:48+00:00
Dewitt,,,,165100.0,HKD,realised,2026-04-01,120000.0,240000.0,,,,,,Christie's,christies,auction,https://www.christies.com/en/sso?ObjectID=24475.92&LotNumber=92&ldp_breadcrumb=back,24475-92,2026-08-10T22:45:48+00:00
Franc Vila,,FVA35,,107950.0,HKD,realised,2026-04-01,80000.0,160000.0,,,,,,Christie's,christies,auction,https://www.christies.com/en/sso?ObjectID=24475.93&LotNumber=93&ldp_breadcrumb=back,24475-93,2026-08-10T22:45:48+00:00
Franck Muller,,V41SCDTGFGRNRFR2,,69850.0,HKD,realised,2026-04-01,24000.0,48000.0,,,,,,Christie's,christies,auction,https://www.christies.com/en/sso?ObjectID=24475.94&LotNumber=94&ldp_breadcrumb=back,24475-94,2026-08-10T22:45:48+00:00
Franck Muller,,2800S6MMD,,50800.0,HKD,realised,2026-04-01,30000.0,60000.0,,,,,,Christie's,christies,auction,https://www.christies.com/en/sso?ObjectID=24475.95&LotNumber=95&ldp_breadcrumb=back,24475-95,2026-08-10T22:45:48+00:00
Franck Muller,,7501,,82550.0,HKD,realised,2026-04-01,35000.0,70000.0,,,,,,Christie's,christies,auction,https://www.christies.com/en/sso?ObjectID=24475.96&LotNumber=96&ldp_breadcrumb=back,24475-96,2026-08-10T22:45:48+00:00
Franck Muller,,1350,,165100.0,HKD,realised,2026-04-01,100000.0,200000.0,,,,,,Christie's,christies,auction,https://www.christies.com/en/sso?ObjectID=24475.97&LotNumber=97&ldp_breadcrumb=back,24475-97,2026-08-10T22:45:48+00:00
Franck Muller,,7851,,53340.0,HKD,realised,2026-04-01,20000.0,50000.0,,,,,,Christie's,christies,auction,https://www.christies.com/en/sso?ObjectID=24475.98&LotNumber=98&ldp_breadcrumb=back,24475-98,2026-08-10T22:45:48+00:00
Gerald Genta,,G.3622,,48260.0,HKD,realised,2026-04-01,20000.0,40000.0,,,,,,Christie's,christies,auction,https://www.christies.com/en/sso?ObjectID=24475.99&LotNumber=99&ldp_breadcrumb=back,24475-99,2026-08-10T22:45:48+00:00
Gerald Genta,,G.2899.7,,17780.0,HKD,realised,2026-04-01,20000.0,40000.0,,,,,,Christie's,christies,auction,https://www.christies.com/en/sso?ObjectID=24475.100&LotNumber=100&ldp_breadcrumb=back,24475-100,2026-08-10T22:45:48+00:00
Gerald Genta,,G2052.7,,76200.0,HKD,realised,2026-04-01,60000.0,120000.0,,,,,,Christie's,christies,auction,https://www.christies.com/en/sso?ObjectID=24475.101&LotNumber=101&ldp_breadcrumb=back,24475-101,2026-08-10T22:45:48+00:00
Girard-Perregaux,,9196,,30480.0,HKD,realised,2026-04-01,20000.0,40000.0,,,,,,Christie's,christies,auction,https://www.christies.com/en/sso?ObjectID=24475.102&LotNumber=102&ldp_breadcrumb=back,24475-102,2026-08-10T22:45:48+00:00
Girard-Perregaux,,49545D11A131-BB6,,40640.0,HKD,realised,2026-04-01,24000.0,48000.0,,,,,,Christie's,christies,auction,https://www.christies.com/en/sso?ObjectID=24475.103&LotNumber=103&ldp_breadcrumb=back,24475-103,2026-08-10T22:45:48+00:00
Grand Seiko,,,,16510.0,HKD,realised,2026-04-01,16000.0,32000.0,,,,,,Christie's,christies,auction,https://www.christies.com/en/sso?ObjectID=24475.104&LotNumber=104&ldp_breadcrumb=back,24475-104,2026-08-10T22:45:48+00:00
Grand Seiko,,SBGJ249,,35560.0,HKD,realised,2026-04-01,20000.0,40000.0,,,,,,Christie's,christies,auction,https://www.christies.com/en/sso?ObjectID=24475.105&LotNumber=105&ldp_breadcrumb=back,24475-105,2026-08-10T22:45:48+00:00
Grand Seiko,,SBGA415G,,35560.0,HKD,realised,2026-04-01,20000.0,40000.0,,,,,,Christie's,christies,auction,https://www.christies.com/en/sso?ObjectID=24475.106&LotNumber=106&ldp_breadcrumb=back,24475-106,2026-08-10T22:45:48+00:00
H. Moser & Cie.,,,,95250.0,HKD,realised,2026-04-01,50000.0,100000.0,,,,,,Christie's,christies,auction,https://www.christies.com/en/sso?ObjectID=24475.107&LotNumber=107&ldp_breadcrumb=back,24475-107,2026-08-10T22:45:48+00:00
Harry Winston,,,,88900.0,HKD,realised,2026-04-01,40000.0,60000.0,,,,,,Christie's,christies,auction,https://www.christies.com/en/sso?ObjectID=24475.108&LotNumber=108&ldp_breadcrumb=back,24475-108,2026-08-10T22:45:48+00:00
Hermès,,AR8.571,,139700.0,HKD,realised,2026-04-01,100000.0,200000.0,,,,,,Christie's,christies,auction,https://www.christies.com/en/sso?ObjectID=24475.109&LotNumber=109&ldp_breadcrumb=back,24475-109,2026-08-10T22:45:48+00:00
Hermès,,DR2.765,,107950.0,HKD,realised,2026-04-01,30000.0,60000.0,,,,,,Christie's,christies,auction,https://www.christies.com/en/sso?ObjectID=24475.110&LotNumber=110&ldp_breadcrumb=back,24475-110,2026-08-10T22:45:48+00:00
Hermès,,AR10.530,,95250.0,HKD,realised,2026-04-01,80000.0,160000.0,,,,,,Christie's,christies,auction,https://www.christies.com/en/sso?ObjectID=24475.111&LotNumber=111&ldp_breadcrumb=back,24475-111,2026-08-10T22:45:48+00:00
Hermès,,ME2.171,,101600.0,HKD,realised,2026-04-01,50000.0,100000.0,,,,,,Christie's,christies,auction,https://www.christies.com/en/sso?ObjectID=24475.112&LotNumber=112&ldp_breadcrumb=back,24475-112,2026-08-10T22:45:48+00:00
Hermès,,FG1.191,,,,realised,2026-04-01,24000.0,48000.0,,,,,,Christie's,christies,auction,https://www.christies.com/en/sso?ObjectID=24475.113&LotNumber=113&ldp_breadcrumb=back,24475-113,2026-08-10T22:45:48+00:00
Hermès,,CC1.210,,9525.0,HKD,realised,2026-04-01,3000.0,6000.0,,,,,,Christie's,christies,auction,https://www.christies.com/en/sso?ObjectID=24475.114&LotNumber=114&ldp_breadcrumb=back,24475-114,2026-08-10T22:45:48+00:00
Hermès,,HH1.201,,9525.0,HKD,realised,2026-04-01,3000.0,6000.0,,,,,,Christie's,christies,auction,https://www.christies.com/en/sso?ObjectID=24475.115&LotNumber=115&ldp_breadcrumb=back,24475-115,2026-08-10T22:45:48+00:00
Hermès,,HH1.110,,6096.0,HKD,realised,2026-04-01,3000.0,6000.0,,,,,,Christie's,christies,auction,https://www.christies.com/en/sso?ObjectID=24475.116&LotNumber=116&ldp_breadcrumb=back,24475-116,2026-08-10T22:45:48+00:00
Hermès,,HH1.271,,40640.0,HKD,realised,2026-04-01,20000.0,30000.0,,,,,,Christie's,christies,auction,https://www.christies.com/en/sso?ObjectID=24475.117&LotNumber=117&ldp_breadcrumb=back,24475-117,2026-08-10T22:45:48+00:00
Hublot,,710.CI.1112.GR.B,,50800.0,HKD,realised,2026-04-01,45000.0,90000.0,,,,,,Christie's,christies,auction,https://www.christies.com/en/sso?ObjectID=24475.118&LotNumber=118&ldp_breadcrumb=back,24475-118,2026-08-10T22:45:48+00:00
Hublot,,526.QB.0124.VR,,76200.0,HKD,realised,2026-04-01,60000.0,120000.0,,,,,,Christie's,christies,auction,https://www.christies.com/en/sso?ObjectID=24475.119&LotNumber=119&ldp_breadcrumb=back,24475-119,2026-08-10T22:45:48+00:00
Hublot,,411.JX.1170.RX,,190500.0,HKD,realised,2026-04-01,150000.0,300000.0,,,,,,Christie's,christies,auction,https://www.christies.com/en/sso?ObjectID=24475.120&LotNumber=120&ldp_breadcrumb=back,24475-120,2026-08-10T22:45:48+00:00
Iwc,,IW379503,,30480.0,HKD,realised,2026-04-01,10000.0,20000.0,,,,,,Christie's,christies,auction,https://www.christies.com/en/sso?ObjectID=24475.121&LotNumber=121&ldp_breadcrumb=back,24475-121,2026-08-10T22:45:48+00:00
Iwc,,,,22860.0,HKD,realised,2026-04-01,16000.0,32000.0,,,,,,Christie's,christies,auction,https://www.christies.com/en/sso?ObjectID=24475.122&LotNumber=122&ldp_breadcrumb=back,24475-122,2026-08-10T22:45:48+00:00
Iwc,,3706-031,,82550.0,HKD,realised,2026-04-01,20000.0,40000.0,,,,,,Christie's,christies,auction,https://www.christies.com/en/sso?ObjectID=24475.123&LotNumber=123&ldp_breadcrumb=back,24475-123,2026-08-10T22:45:48+00:00
Iwc,,IW500908,,48260.0,HKD,realised,2026-04-01,30000.0,60000.0,,,,,,Christie's,christies,auction,https://www.christies.com/en/sso?ObjectID=24475.124&LotNumber=124&ldp_breadcrumb=back,24475-124,2026-08-10T22:45:48+00:00
Iwc,,IW502303,,127000.0,HKD,realised,2026-04-01,80000.0,160000.0,,,,,,Christie's,christies,auction,https://www.christies.com/en/sso?ObjectID=24475.125&LotNumber=125&ldp_breadcrumb=back,24475-125,2026-08-10T22:45:48+00:00
International Watch Co,,,,190500.0,HKD,realised,2026-04-01,100000.0,200000.0,,,,,,Christie's,christies,auction,https://www.christies.com/en/sso?ObjectID=24475.126&LotNumber=126&ldp_breadcrumb=back,24475-126,2026-08-10T22:45:48+00:00
Jaeger-Lecoultre,,,,38100.0,HKD,realised,2026-04-01,16000.0,32000.0,,,,,,Christie's,christies,auction,https://www.christies.com/en/sso?ObjectID=24475.127&LotNumber=127&ldp_breadcrumb=back,24475-127,2026-08-10T22:45:48+00:00
Jaeger-Lecoultre,,270.5.62,,38100.0,HKD,realised,2026-04-01,35000.0,70000.0,,,,,,Christie's,christies,auction,https://www.christies.com/en/sso?ObjectID=24475.128&LotNumber=128&ldp_breadcrumb=back,24475-128,2026-08-10T22:45:48+00:00
Behrens X Konstantin Chaykin,,BHR033TI01,,53340.0,HKD,realised,2026-04-01,30000.0,60000.0,,,,,,Christie's,christies,auction,https://www.christies.com/en/sso?ObjectID=24475.129&LotNumber=129&ldp_breadcrumb=back,24475-129,2026-08-10T22:45:48+00:00
Longines,,,,,,realised,2026-04-01,30000.0,60000.0,,,,,,Christie's,christies,auction,https://www.christies.com/en/sso?ObjectID=24475.130&LotNumber=130&ldp_breadcrumb=back,24475-130,2026-08-10T22:45:48+00:00
,,,,16510.0,HKD,realised,2026-04-01,10000.0,20000.0,,,,,,Christie's,christies,auction,https://www.christies.com/en/sso?ObjectID=24475.131&LotNumber=131&ldp_breadcrumb=back,24475-131,2026-08-10T22:45:48+00:00
Mappin & Webb,,,,50800.0,HKD,realised,2026-04-01,20000.0,40000.0,,,,,,Christie's,christies,auction,https://www.christies.com/en/sso?ObjectID=24475.132&LotNumber=132&ldp_breadcrumb=back,24475-132,2026-08-10T22:45:48+00:00
Michel Jordi,,,,120650.0,HKD,realised,2026-04-01,40000.0,80000.0,,,,,,Christie's,christies,auction,https://www.christies.com/en/sso?ObjectID=24475.133&LotNumber=133&ldp_breadcrumb=back,24475-133,2026-08-10T22:45:48+00:00
Montblanc,,,,10160.0,HKD,realised,2026-04-01,12000.0,24000.0,,,,,,Christie's,christies,auction,https://www.christies.com/en/sso?ObjectID=24475.134&LotNumber=134&ldp_breadcrumb=back,24475-134,2026-08-10T22:45:48+00:00
Nivrel,,950.001,,30480.0,HKD,realised,2026-04-01,30000.0,50000.0,,,,,,Christie's,christies,auction,https://www.christies.com/en/sso?ObjectID=24475.135&LotNumber=135&ldp_breadcrumb=back,24475-135,2026-08-10T22:45:48+00:00
Omega,,311.92.44.30.01,,50800.0,HKD,realised,2026-04-01,35000.0,70000.0,,,,,,Christie's,christies,auction,https://www.christies.com/en/sso?ObjectID=24475.136&LotNumber=136&ldp_breadcrumb=back,24475-136,2026-08-10T22:45:48+00:00
Omega,,311.63.44.51.99,,69850.0,HKD,realised,2026-04-01,55000.0,110000.0,,,,,,Christie's,christies,auction,https://www.christies.com/en/sso?ObjectID=24475.137&LotNumber=137&ldp_breadcrumb=back,24475-137,2026-08-10T22:45:48+00:00
Omega,,310.32.42.50.02,,114300.0,HKD,realised,2026-04-01,65000.0,130000.0,,,,,,Christie's,christies,auction,https://www.christies.com/en/sso?ObjectID=24475.138&LotNumber=138&ldp_breadcrumb=back,24475-138,2026-08-10T22:45:48+00:00
Omega,,310.63.42.50.02,,152400.0,HKD,realised,2026-04-01,100000.0,200000.0,,,,,,Christie's,christies,auction,https://www.christies.com/en/sso?ObjectID=24475.139&LotNumber=139&ldp_breadcrumb=back,24475-139,2026-08-10T22:45:48+00:00
Omega,,210.90.42.20.01,,60960.0,HKD,realised,2026-04-01,40000.0,80000.0,,,,,,Christie's,christies,auction,https://www.christies.com/en/sso?ObjectID=24475.140&LotNumber=140&ldp_breadcrumb=back,24475-140,2026-08-10T22:45:48+00:00
Omega,,210.30.42.20.03,,40640.0,HKD,realised,2026-04-01,40000.0,80000.0,,,,,,Christie's,christies,auction,https://www.christies.com/en/sso?ObjectID=24475.141&LotNumber=141&ldp_breadcrumb=back,24475-141,2026-08-10T22:45:48+00:00
Omega,,224.32.55.21.04,,38100.0,HKD,realised,2026-04-01,24000.0,48000.0,,,,,,Christie's,christies,auction,https://www.christies.com/en/sso?ObjectID=24475.142&LotNumber=142&ldp_breadcrumb=back,24475-142,2026-08-10T22:45:48+00:00
Omega,,516.53.38.50.01,,76200.0,HKD,realised,2026-04-01,35000.0,70000.0,,,,,,Christie's,christies,auction,https://www.christies.com/en/sso?ObjectID=24475.143&LotNumber=143&ldp_breadcrumb=back,24475-143,2026-08-10T22:45:48+00:00
Omega,,ST398.0836,,25400.0,HKD,realised,2026-04-01,20000.0,40000.0,,,,,,Christie's,christies,auction,https://www.christies.com/en/sso?ObjectID=24475.144&LotNumber=144&ldp_breadcrumb=back,24475-144,2026-08-10T22:45:48+00:00
Panerai,,FER00005,,30480.0,HKD,realised,2026-04-01,24000.0,48000.0,,,,,,Christie's,christies,auction,https://www.christies.com/en/sso?ObjectID=24475.145&LotNumber=145&ldp_breadcrumb=back,24475-145,2026-08-10T22:45:48+00:00
Panerai,,PAM00232,,30480.0,HKD,realised,2026-04-01,24000.0,48000.0,,,,,,Christie's,christies,auction,https://www.christies.com/en/sso?ObjectID=24475.146&LotNumber=146&ldp_breadcrumb=back,24475-146,2026-08-10T22:45:48+00:00
Panerai,,PAM00391,,38100.0,HKD,realised,2026-04-01,30000.0,60000.0,,,,,,Christie's,christies,auction,https://www.christies.com/en/sso?ObjectID=24475.147&LotNumber=147&ldp_breadcrumb=back,24475-147,2026-08-10T22:45:48+00:00
Panerai,,PAM00550,,50800.0,HKD,realised,2026-04-01,40000.0,80000.0,,,,,,Christie's,christies,auction,https://www.christies.com/en/sso?ObjectID=24475.148&LotNumber=148&ldp_breadcrumb=back,24475-148,2026-08-10T22:45:48+00:00
Panerai,,PAM00062,,57150.0,HKD,realised,2026-04-01,40000.0,80000.0,,,,,,Christie's,christies,auction,https://www.christies.com/en/sso?ObjectID=24475.149&LotNumber=149&ldp_breadcrumb=back,24475-149,2026-08-10T22:45:48+00:00
Panerai,,PAM1074,,82550.0,HKD,realised,2026-04-01,48000.0,95000.0,,,,,,Christie's,christies,auction,https://www.christies.com/en/sso?ObjectID=24475.150&LotNumber=150&ldp_breadcrumb=back,24475-150,2026-08-10T22:45:48+00:00
Panerai,,PAM00235,,88900.0,HKD,realised,2026-04-01,50000.0,100000.0,,,,,,Christie's,christies,auction,https://www.christies.com/en/sso?ObjectID=24475.151&LotNumber=151&ldp_breadcrumb=back,24475-151,2026-08-10T22:45:48+00:00
Panerai,,PAM00579,,69850.0,HKD,realised,2026-04-01,60000.0,120000.0,,,,,,Christie's,christies,auction,https://www.christies.com/en/sso?ObjectID=24475.152&LotNumber=152&ldp_breadcrumb=back,24475-152,2026-08-10T22:45:48+00:00
Panerai,,PAM00522,,107950.0,HKD,realised,2026-04-01,80000.0,160000.0,,,,,,Christie's,christies,auction,https://www.christies.com/en/sso?ObjectID=24475.153&LotNumber=153&ldp_breadcrumb=back,24475-153,2026-08-10T22:45:48+00:00
Piaget,,G0A28083,,33020.0,HKD,realised,2026-04-01,16000.0,32000.0,,,,,,Christie's,christies,auction,https://www.christies.com/en/sso?ObjectID=24475.154&LotNumber=154&ldp_breadcrumb=back,24475-154,2026-08-10T22:45:48+00:00
Piaget,,69212D3,,82550.0,HKD,realised,2026-04-01,40000.0,80000.0,,,,,,Christie's,christies,auction,https://www.christies.com/en/sso?ObjectID=24475.155&LotNumber=155&ldp_breadcrumb=back,24475-155,2026-08-10T22:45:48+00:00
Piaget,,GOA33060,,165100.0,HKD,realised,2026-04-01,120000.0,240000.0,,,,,,Christie's,christies,auction,https://www.christies.com/en/sso?ObjectID=24475.156&LotNumber=156&ldp_breadcrumb=back,24475-156,2026-08-10T22:45:48+00:00
Piaget,,90300,,,,realised,2026-04-01,28000.0,55000.0,,,,,,Christie's,christies,auction,https://www.christies.com/en/sso?ObjectID=24475.157&LotNumber=157&ldp_breadcrumb=back,24475-157,2026-08-10T22:45:48+00:00
Piaget,,,,27940.0,HKD,realised,2026-04-01,16000.0,32000.0,,,,,,Christie's,christies,auction,https://www.christies.com/en/sso?ObjectID=24475.158&LotNumber=158&ldp_breadcrumb=back,24475-158,2026-08-10T22:45:48+00:00
Piaget,,90408,,25400.0,HKD,realised,2026-04-01,24000.0,48000.0,,,,,,Christie's,christies,auction,https://www.christies.com/en/sso?ObjectID=24475.159&LotNumber=159&ldp_breadcrumb=back,24475-159,2026-08-10T22:45:48+00:00
Piaget,,G0A20106,,44450.0,HKD,realised,2026-04-01,30000.0,60000.0,,,,,,Christie's,christies,auction,https://www.christies.com/en/sso?ObjectID=24475.160&LotNumber=160&ldp_breadcrumb=back,24475-160,2026-08-10T22:45:48+00:00
Piaget,,,,63500.0,HKD,realised,2026-04-01,50000.0,100000.0,,,,,,Christie's,christies,auction,https://www.christies.com/en/sso?ObjectID=24475.161&LotNumber=161&ldp_breadcrumb=back,24475-161,2026-08-10T22:45:48+00:00
Piaget,,G0A04517,,139700.0,HKD,realised,2026-04-01,60000.0,120000.0,,,,,,Christie's,christies,auction,https://www.christies.com/en/sso?ObjectID=24475.162&LotNumber=162&ldp_breadcrumb=back,24475-162,2026-08-10T22:45:48+00:00
Revue Thommen,,,,30480.0,HKD,realised,2026-04-01,10000.0,20000.0,,,,,,Christie's,christies,auction,https://www.christies.com/en/sso?ObjectID=24475.163&LotNumber=163&ldp_breadcrumb=back,24475-163,2026-08-10T22:45:48+00:00
Roger Dubuis,,,,127000.0,HKD,realised,2026-04-01,40000.0,80000.0,,,,,,Christie's,christies,auction,https://www.christies.com/en/sso?ObjectID=24475.164&LotNumber=164&ldp_breadcrumb=back,24475-164,2026-08-10T22:45:48+00:00
Tag Heuer,,CBL2113,,25400.0,HKD,realised,2026-04-01,18000.0,35000.0,,,,,,Christie's,christies,auction,https://www.christies.com/en/sso?ObjectID=24475.165&LotNumber=165&ldp_breadcrumb=back,24475-165,2026-08-10T22:45:48+00:00
Timethis Watch & Co.,,2401MS7,,15240.0,HKD,realised,2026-04-01,20000.0,40000.0,,,,,,Christie's,christies,auction,https://www.christies.com/en/sso?ObjectID=24475.166&LotNumber=166&ldp_breadcrumb=back,24475-166,2026-08-10T22:45:48+00:00
Tudor,,79250B,,21590.0,HKD,realised,2026-04-01,10000.0,20000.0,,,,,,Christie's,christies,auction,https://www.christies.com/en/sso?ObjectID=24475.167&LotNumber=167&ldp_breadcrumb=back,24475-167,2026-08-10T22:45:48+00:00
Tudor,,79250BM,,20320.0,HKD,realised,2026-04-01,20000.0,40000.0,,,,,,Christie's,christies,auction,https://www.christies.com/en/sso?ObjectID=24475.168&LotNumber=168&ldp_breadcrumb=back,24475-168,2026-08-10T22:45:48+00:00
Greubel Forsey,,,,1260000.0,HKD,realised,2025-04-14,950000.0,1700000.0,,,,,,Christie's,christies,auction,https://www.christies.com/en/sso?ObjectID=23827.1&LotNumber=1&ldp_breadcrumb=back,23827-1,2026-08-10T22:45:48+00:00
Mb&F,,,,529200.0,HKD,realised,2025-04-14,480000.0,960000.0,,,,,,Christie's,christies,auction,https://www.christies.com/en/sso?ObjectID=23827.2&LotNumber=2&ldp_breadcrumb=back,23827-2,2026-08-10T22:45:48+00:00
Christian Van Der Klaauw,,,,176400.0,HKD,realised,2025-04-14,95000.0,140000.0,,,,,,Christie's,christies,auction,https://www.christies.com/en/sso?ObjectID=23827.3&LotNumber=3&ldp_breadcrumb=back,23827-3,2026-08-10T22:45:48+00:00
Christiaan Van Der Klauuw,,,,226800.0,HKD,realised,2025-04-14,95000.0,140000.0,,,,,,Christie's,christies,auction,https://www.christies.com/en/sso?ObjectID=23827.4&LotNumber=4&ldp_breadcrumb=back,23827-4,2026-08-10T22:45:48+00:00
Louis Moinet,,,,107100.0,HKD,realised,2025-04-14,80000.0,160000.0,,,,,,Christie's,christies,auction,https://www.christies.com/en/sso?ObjectID=23827.5&LotNumber=5&ldp_breadcrumb=back,23827-5,2026-08-10T22:45:48+00:00
Louis Moinet,,,,151200.0,HKD,realised,2025-04-14,65000.0,130000.0,,,,,,Christie's,christies,auction,https://www.christies.com/en/sso?ObjectID=23827.6&LotNumber=6&ldp_breadcrumb=back,23827-6,2026-08-10T22:45:48+00:00
Jaquet Droz,,,,69300.0,HKD,realised,2025-04-14,48000.0,95000.0,,,,,,Christie's,christies,auction,https://www.christies.com/en/sso?ObjectID=23827.7&LotNumber=7&ldp_breadcrumb=back,23827-7,2026-08-10T22:45:48+00:00
Jaquet Droz,,,,50400.0,HKD,realised,2025-04-14,40000.0,80000.0,,,,,,Christie's,christies,auction,https://www.christies.com/en/sso?ObjectID=23827.8&LotNumber=8&ldp_breadcrumb=back,23827-8,2026-08-10T22:45:48+00:00
Hautlence,,,,69300.0,HKD,realised,2025-04-14,55000.0,110000.0,,,,,,Christie's,christies,auction,https://www.christies.com/en/sso?ObjectID=23827.9&LotNumber=9&ldp_breadcrumb=back,23827-9,2026-08-10T22:45:48+00:00
Dewitt,,,,75600.0,HKD,realised,2025-04-14,40000.0,80000.0,,,,,,Christie's,christies,auction,https://www.christies.com/en/sso?ObjectID=23827.10&LotNumber=10&ldp_breadcrumb=back,23827-10,2026-08-10T22:45:48+00:00
Franc Vila,,,,40320.0,HKD,realised,2025-04-14,24000.0,48000.0,,,,,,Christie's,christies,auction,https://www.christies.com/en/sso?ObjectID=23827.11&LotNumber=11&ldp_breadcrumb=back,23827-11,2026-08-10T22:45:48+00:00
Corum,,,,,,realised,2025-04-14,80000.0,160000.0,,,,,,Christie's,christies,auction,https://www.christies.com/en/sso?ObjectID=23827.12&LotNumber=12&ldp_breadcrumb=back,23827-12,2026-08-10T22:45:48+00:00
Gerald Genta,,,,47880.0,HKD,realised,2025-04-14,24000.0,40000.0,,,,,,Christie's,christies,auction,https://www.christies.com/en/sso?ObjectID=23827.13&LotNumber=13&ldp_breadcrumb=back,23827-13,2026-08-10T22:45:48+00:00
Gerald Genta,,,,113400.0,HKD,realised,2025-04-14,40000.0,80000.0,,,,,,Christie's,christies,auction,https://www.christies.com/en/sso?ObjectID=23827.14&LotNumber=14&ldp_breadcrumb=back,23827-14,2026-08-10T22:45:48+00:00
Girard-Perregaux,,,,69300.0,HKD,realised,2025-04-14,40000.0,80000.0,,,,,,Christie's,christies,auction,https://www.christies.com/en/sso?ObjectID=23827.15&LotNumber=15&ldp_breadcrumb=back,23827-15,2026-08-10T22:45:48+00:00
Michel Jordi,,,,88200.0,HKD,realised,2025-04-14,40000.0,80000.0,,,,,,Christie's,christies,auction,https://www.christies.com/en/sso?ObjectID=23827.16&LotNumber=16&ldp_breadcrumb=back,23827-16,2026-08-10T22:45:48+00:00
Ressence,,,,176400.0,HKD,realised,2025-04-14,80000.0,120000.0,,,,,,Christie's,christies,auction,https://www.christies.com/en/sso?ObjectID=23827.17&LotNumber=17&ldp_breadcrumb=back,23827-17,2026-08-10T22:45:48+00:00
Speake-Marin,,,,50400.0,HKD,realised,2025-04-14,40000.0,80000.0,,,,,,Christie's,christies,auction,https://www.christies.com/en/sso?ObjectID=23827.18&LotNumber=18&ldp_breadcrumb=back,23827-18,2026-08-10T22:45:48+00:00
Ulysse Nardin,,1713-139,,94500.0,HKD,realised,2025-04-14,80000.0,160000.0,,,,,,Christie's,christies,auction,https://www.christies.com/en/sso?ObjectID=23827.19&LotNumber=19&ldp_breadcrumb=back,23827-19,2026-08-10T22:45:48+00:00
Glashütte Original,,,,176400.0,HKD,realised,2025-04-14,80000.0,160000.0,,,,,,Christie's,christies,auction,https://www.christies.com/en/sso?ObjectID=23827.20&LotNumber=20&ldp_breadcrumb=back,23827-20,2026-08-10T22:45:48+00:00
Glashütte Original,,,,88200.0,HKD,realised,2025-04-14,80000.0,120000.0,,,,,,Christie's,christies,auction,https://www.christies.com/en/sso?ObjectID=23827.21&LotNumber=21&ldp_breadcrumb=back,23827-21,2026-08-10T22:45:48+00:00
Glashütte Original,,,,119700.0,HKD,realised,2025-04-14,80000.0,160000.0,,,,,,Christie's,christies,auction,https://www.christies.com/en/sso?ObjectID=23827.22&LotNumber=22&ldp_breadcrumb=back,23827-22,2026-08-10T22:45:48+00:00
Glashütte Original,,,,138600.0,HKD,realised,2025-04-14,80000.0,160000.0,,,,,,Christie's,christies,auction,https://www.christies.com/en/sso?ObjectID=23827.23&LotNumber=23&ldp_breadcrumb=back,23827-23,2026-08-10T22:45:48+00:00
Glashütte Original,,,,126000.0,HKD,realised,2025-04-14,32000.0,65000.0,,,,,,Christie's,christies,auction,https://www.christies.com/en/sso?ObjectID=23827.24&LotNumber=24&ldp_breadcrumb=back,23827-24,2026-08-10T22:45:48+00:00
Jaeger-Lecoultre,,191.T.97,,47880.0,HKD,realised,2025-04-14,32000.0,64000.0,,,,,,Christie's,christies,auction,https://www.christies.com/en/sso?ObjectID=23827.25&LotNumber=25&ldp_breadcrumb=back,23827-25,2026-08-10T22:45:48+00:00
Jaeger-Lecoultre,,,,75600.0,HKD,realised,2025-04-14,65000.0,130000.0,,,,,,Christie's,christies,auction,https://www.christies.com/en/sso?ObjectID=23827.26&LotNumber=26&ldp_breadcrumb=back,23827-26,2026-08-10T22:45:48+00:00
Patek Philippe,,5131G-010,,882000.0,HKD,realised,2025-04-14,700000.0,1400000.0,,,,,,Christie's,christies,auction,https://www.christies.com/en/sso?ObjectID=23827.27&LotNumber=27&ldp_breadcrumb=back,23827-27,2026-08-10T22:45:48+00:00
Patek Philippe,,5038G,,277200.0,HKD,realised,2025-04-14,200000.0,400000.0,,,,,,Christie's,christies,auction,https://www.christies.com/en/sso?ObjectID=23827.28&LotNumber=28&ldp_breadcrumb=back,23827-28,2026-08-10T22:45:48+00:00
Patek Philippe,,5056P-001,,226800.0,HKD,realised,2025-04-14,120000.0,240000.0,,,,,,Christie's,christies,auction,https://www.christies.com/en/sso?ObjectID=23827.29&LotNumber=29&ldp_breadcrumb=back,23827-29,2026-08-10T22:45:48+00:00
Patek Philippe,,4936G-001,,189000.0,HKD,realised,2025-04-14,140000.0,280000.0,,,,,,Christie's,christies,auction,https://www.christies.com/en/sso?ObjectID=23827.30&LotNumber=30&ldp_breadcrumb=back,23827-30,2026-08-10T22:45:48+00:00
Patek Philippe,,4936R-001,,189000.0,HKD,realised,2025-04-14,100000.0,200000.0,,,,,,Christie's,christies,auction,https://www.christies.com/en/sso?ObjectID=23827.31&LotNumber=31&ldp_breadcrumb=back,23827-31,2026-08-10T22:45:48+00:00
Patek Philippe,,5960P-001,,352800.0,HKD,realised,2025-04-14,200000.0,400000.0,,,,,,Christie's,christies,auction,https://www.christies.com/en/sso?ObjectID=23827.32&LotNumber=32&ldp_breadcrumb=back,23827-32,2026-08-10T22:45:48+00:00
Patek Philippe,,5575G-001,,756000.0,HKD,realised,2025-04-14,350000.0,750000.0,,,,,,Christie's,christies,auction,https://www.christies.com/en/sso?ObjectID=23827.33&LotNumber=33&ldp_breadcrumb=back,23827-33,2026-08-10T22:45:48+00:00
Patek Philippe,,6007A-001,,441000.0,HKD,realised,2025-04-14,80000.0,160000.0,,,,,,Christie's,christies,auction,https://www.christies.com/en/sso?ObjectID=23827.34&LotNumber=34&ldp_breadcrumb=back,23827-34,2026-08-10T22:45:48+00:00
Patek Philippe,,5014G-010,,63000.0,HKD,realised,2025-04-14,50000.0,100000.0,,,,,,Christie's,christies,auction,https://www.christies.com/en/sso?ObjectID=23827.35&LotNumber=35&ldp_breadcrumb=back,23827-35,2026-08-10T22:45:48+00:00
Patek Philippe,,3919,,176400.0,HKD,realised,2025-04-14,30000.0,60000.0,,,,,,Christie's,christies,auction,https://www.christies.com/en/sso?ObjectID=23827.36&LotNumber=36&ldp_breadcrumb=back,23827-36,2026-08-10T22:45:48+00:00
Patek Philippe,,3796,,75600.0,HKD,realised,2025-04-14,45000.0,90000.0,,,,,,Christie's,christies,auction,https://www.christies.com/en/sso?ObjectID=23827.37&LotNumber=37&ldp_breadcrumb=back,23827-37,2026-08-10T22:45:48+00:00
Patek Philippe,,5167A-001,,378000.0,HKD,realised,2025-04-14,200000.0,400000.0,,,,,,Christie's,christies,auction,https://www.christies.com/en/sso?ObjectID=23827.38&LotNumber=38&ldp_breadcrumb=back,23827-38,2026-08-10T22:45:48+00:00
Patek Philippe,,5066/1A,,226800.0,HKD,realised,2025-04-14,160000.0,320000.0,,,,,,Christie's,christies,auction,https://www.christies.com/en/sso?ObjectID=23827.39&LotNumber=39&ldp_breadcrumb=back,23827-39,2026-08-10T22:45:48+00:00
Patek Philippe,,4856J,,126000.0,HKD,realised,2025-04-14,35000.0,70000.0,,,,,,Christie's,christies,auction,https://www.christies.com/en/sso?ObjectID=23827.40&LotNumber=40&ldp_breadcrumb=back,23827-40,2026-08-10T22:45:48+00:00
Patek Philippe,,4949G-001,,75600.0,HKD,realised,2025-04-14,40000.0,80000.0,,,,,,Christie's,christies,auction,https://www.christies.com/en/sso?ObjectID=23827.41&LotNumber=41&ldp_breadcrumb=back,23827-41,2026-08-10T22:45:48+00:00
Patek Philippe,,,,63000.0,HKD,realised,2025-04-14,42000.0,84000.0,,,,,,Christie's,christies,auction,https://www.christies.com/en/sso?ObjectID=23827.42&LotNumber=42&ldp_breadcrumb=back,23827-42,2026-08-10T22:45:48+00:00
Patek Philippe,,4518,,100800.0,HKD,realised,2025-04-14,40000.0,80000.0,,,,,,Christie's,christies,auction,https://www.christies.com/en/sso?ObjectID=23827.43&LotNumber=43&ldp_breadcrumb=back,23827-43,2026-08-10T22:45:48+00:00
Patek Philippe,,4910,,138600.0,HKD,realised,2025-04-14,80000.0,160000.0,,,,,,Christie's,christies,auction,https://www.christies.com/en/sso?ObjectID=23827.44&LotNumber=44&ldp_breadcrumb=back,23827-44,2026-08-10T22:45:48+00:00
Patek Philippe,,4734/1G,,151200.0,HKD,realised,2025-04-14,32000.0,65000.0,,,,,,Christie's,christies,auction,https://www.christies.com/en/sso?ObjectID=23827.45&LotNumber=45&ldp_breadcrumb=back,23827-45,2026-08-10T22:45:48+00:00
Patek Philippe,,4824/1G-001,,56700.0,HKD,realised,2025-04-14,45000.0,90000.0,,,,,,Christie's,christies,auction,https://www.christies.com/en/sso?ObjectID=23827.46&LotNumber=46&ldp_breadcrumb=back,23827-46,2026-08-10T22:45:48+00:00
Patek Philippe,,3306,,50400.0,HKD,realised,2025-04-14,20000.0,40000.0,,,,,,Christie's,christies,auction,https://www.christies.com/en/sso?ObjectID=23827.47&LotNumber=47&ldp_breadcrumb=back,23827-47,2026-08-10T22:45:48+00:00
Patek Philippe,,4382,,63000.0,HKD,realised,2025-04-14,40000.0,80000.0,,,,,,Christie's,christies,auction,https://www.christies.com/en/sso?ObjectID=23827.48&LotNumber=48&ldp_breadcrumb=back,23827-48,2026-08-10T22:45:48+00:00
Patek Philippe,,3445,,81900.0,HKD,realised,2025-04-14,45000.0,90000.0,,,,,,Christie's,christies,auction,https://www.christies.com/en/sso?ObjectID=23827.49&LotNumber=49&ldp_breadcrumb=back,23827-49,2026-08-10T22:45:48+00:00
Patek Philippe,,,,75600.0,HKD,realised,2025-04-14,30000.0,60000.0,,,,,,Christie's,christies,auction,https://www.christies.com/en/sso?ObjectID=23827.50&LotNumber=50&ldp_breadcrumb=back,23827-50,2026-08-10T22:45:48+00:00
Patek Philippe,,,,52920.0,HKD,realised,2025-04-14,20000.0,40000.0,,,,,,Christie's,christies,auction,https://www.christies.com/en/sso?ObjectID=23827.51&LotNumber=51&ldp_breadcrumb=back,23827-51,2026-08-10T22:45:48+00:00
Patek Philippe,,,,63000.0,HKD,realised,2025-04-14,50000.0,100000.0,,,,,,Christie's,christies,auction,https://www.christies.com/en/sso?ObjectID=23827.52&LotNumber=52&ldp_breadcrumb=back,23827-52,2026-08-10T22:45:48+00:00
Patek Philippe,,,,17640.0,HKD,realised,2025-04-14,5000.0,10000.0,,,,,,Christie's,christies,auction,https://www.christies.com/en/sso?ObjectID=23827.53&LotNumber=53&ldp_breadcrumb=back,23827-53,2026-08-10T22:45:48+00:00
Patek Philippe,,,,18900.0,HKD,realised,2025-04-14,5000.0,10000.0,,,,,,Christie's,christies,auction,https://www.christies.com/en/sso?ObjectID=23827.54&LotNumber=54&ldp_breadcrumb=back,23827-54,2026-08-10T22:45:48+00:00
Patek Philippe,,,,17640.0,HKD,realised,2025-04-14,5000.0,10000.0,,,,,,Christie's,christies,auction,https://www.christies.com/en/sso?ObjectID=23827.55&LotNumber=55&ldp_breadcrumb=back,23827-55,2026-08-10T22:45:48+00:00
Patek Philippe,,,,5292.0,HKD,realised,2025-04-14,4000.0,8000.0,,,,,,Christie's,christies,auction,https://www.christies.com/en/sso?ObjectID=23827.56&LotNumber=56&ldp_breadcrumb=back,23827-56,2026-08-10T22:45:48+00:00
Patek Philippe,,,,2520.0,HKD,realised,2025-04-14,4000.0,8000.0,,,,,,Christie's,christies,auction,https://www.christies.com/en/sso?ObjectID=23827.57&LotNumber=57&ldp_breadcrumb=back,23827-57,2026-08-10T22:45:48+00:00
Patek Philippe,,,,5292.0,HKD,realised,2025-04-14,4000.0,8000.0,,,,,,Christie's,christies,auction,https://www.christies.com/en/sso?ObjectID=23827.58&LotNumber=58&ldp_breadcrumb=back,23827-58,2026-08-10T22:45:48+00:00
Patek Philippe,,,,5670.0,HKD,realised,2025-04-14,4000.0,8000.0,,,,,,Christie's,christies,auction,https://www.christies.com/en/sso?ObjectID=23827.59&LotNumber=59&ldp_breadcrumb=back,23827-59,2026-08-10T22:45:48+00:00
Patek Philippe,,,,4788.0,HKD,realised,2025-04-14,4000.0,8000.0,,,,,,Christie's,christies,auction,https://www.christies.com/en/sso?ObjectID=23827.60&LotNumber=60&ldp_breadcrumb=back,23827-60,2026-08-10T22:45:48+00:00
Patek Philippe,,,,10080.0,HKD,realised,2025-04-14,4000.0,8000.0,,,,,,Christie's,christies,auction,https://www.christies.com/en/sso?ObjectID=23827.61&LotNumber=61&ldp_breadcrumb=back,23827-61,2026-08-10T22:45:48+00:00
Patek Philippe,,,,4032.0,HKD,realised,2025-04-14,4000.0,8000.0,,,,,,Christie's,christies,auction,https://www.christies.com/en/sso?ObjectID=23827.62&LotNumber=62&ldp_breadcrumb=back,23827-62,2026-08-10T22:45:48+00:00
Patek Philippe,,,,7560.0,HKD,realised,2025-04-14,4000.0,8000.0,,,,,,Christie's,christies,auction,https://www.christies.com/en/sso?ObjectID=23827.63&LotNumber=63&ldp_breadcrumb=back,23827-63,2026-08-10T22:45:48+00:00
Antoine Preziuso,,,,100800.0,HKD,realised,2025-04-14,80000.0,160000.0,,,,,,Christie's,christies,auction,https://www.christies.com/en/sso?ObjectID=23827.64&LotNumber=64&ldp_breadcrumb=back,23827-64,2026-08-10T22:45:48+00:00
Audemars Piguet,,26331ST,,302400.0,HKD,realised,2025-04-14,240000.0,480000.0,,,,,,Christie's,christies,auction,https://www.christies.com/en/sso?ObjectID=23827.65&LotNumber=65&ldp_breadcrumb=back,23827-65,2026-08-10T22:45:48+00:00
Audemars Piguet,,25594BA/O/0789,,441000.0,HKD,realised,2025-04-14,120000.0,240000.0,,,,,,Christie's,christies,auction,https://www.christies.com/en/sso?ObjectID=23827.66&LotNumber=66&ldp_breadcrumb=back,23827-66,2026-08-10T22:45:48+00:00
Audemars Piguet,,25554ST,,756000.0,HKD,realised,2025-04-14,600000.0,1200000.0,,,,,,Christie's,christies,auction,https://www.christies.com/en/sso?ObjectID=23827.67&LotNumber=67&ldp_breadcrumb=back,23827-67,2026-08-10T22:45:48+00:00
Audemars Piguet,,25685BC,,138600.0,HKD,realised,2025-04-14,100000.0,180000.0,,,,,,Christie's,christies,auction,https://www.christies.com/en/sso?ObjectID=23827.68&LotNumber=68&ldp_breadcrumb=back,23827-68,2026-08-10T22:45:48+00:00
Audemars Piguet,,25657BA,,151200.0,HKD,realised,2025-04-14,100000.0,180000.0,,,,,,Christie's,christies,auction,https://www.christies.com/en/sso?ObjectID=23827.69&LotNumber=69&ldp_breadcrumb=back,23827-69,2026-08-10T22:45:48+00:00
Audemars Piguet,,15171BC,,69300.0,HKD,realised,2025-04-14,50000.0,100000.0,,,,,,Christie's,christies,auction,https://www.christies.com/en/sso?ObjectID=23827.70&LotNumber=70&ldp_breadcrumb=back,23827-70,2026-08-10T22:45:48+00:00
Audemars Piguet,,77247OR,,107100.0,HKD,realised,2025-04-14,50000.0,100000.0,,,,,,Christie's,christies,auction,https://www.christies.com/en/sso?ObjectID=23827.71&LotNumber=71&ldp_breadcrumb=back,23827-71,2026-08-10T22:45:48+00:00
Audemars Piguet,,25589BA,,,,realised,2025-04-14,40000.0,80000.0,,,,,,Christie's,christies,auction,https://www.christies.com/en/sso?ObjectID=23827.72&LotNumber=72&ldp_breadcrumb=back,23827-72,2026-08-10T22:45:48+00:00
Audemars Piguet,,,,138600.0,HKD,realised,2025-04-14,80000.0,160000.0,,,,,,Christie's,christies,auction,https://www.christies.com/en/sso?ObjectID=23827.73&LotNumber=73&ldp_breadcrumb=back,23827-73,2026-08-10T22:45:48+00:00
Audemars Piguet,,,,30240.0,HKD,realised,2025-04-14,20000.0,40000.0,,,,,,Christie's,christies,auction,https://www.christies.com/en/sso?ObjectID=23827.74&LotNumber=74&ldp_breadcrumb=back,23827-74,2026-08-10T22:45:48+00:00
Audemars Piguet,,,,10710.0,HKD,realised,2025-04-14,10000.0,20000.0,,,,,,Christie's,christies,auction,https://www.christies.com/en/sso?ObjectID=23827.75&LotNumber=75&ldp_breadcrumb=back,23827-75,2026-08-10T22:45:48+00:00
Bovet,,,,151200.0,HKD,realised,2025-04-14,120000.0,240000.0,,,,,,Christie's,christies,auction,https://www.christies.com/en/sso?ObjectID=23827.76&LotNumber=76&ldp_breadcrumb=back,23827-76,2026-08-10T22:45:48+00:00
Bovet,,,,113400.0,HKD,realised,2025-04-14,40000.0,80000.0,,,,,,Christie's,christies,auction,https://www.christies.com/en/sso?ObjectID=23827.77&LotNumber=77&ldp_breadcrumb=back,23827-77,2026-08-10T22:45:48+00:00
Breguet,,,,119700.0,HKD,realised,2025-04-14,60000.0,120000.0,,,,,,Christie's,christies,auction,https://www.christies.com/en/sso?ObjectID=23827.78&LotNumber=78&ldp_breadcrumb=back,23827-78,2026-08-10T22:45:48+00:00
Breguet,,,,32760.0,HKD,realised,2025-04-14,20000.0,40000.0,,,,,,Christie's,christies,auction,https://www.christies.com/en/sso?ObjectID=23827.79&LotNumber=79&ldp_breadcrumb=back,23827-79,2026-08-10T22:45:48+00:00
Breguet,,8400SA/12/X40,,37800.0,HKD,realised,2025-04-14,30000.0,40000.0,,,,,,Christie's,christies,auction,https://www.christies.com/en/sso?ObjectID=23827.80&LotNumber=80&ldp_breadcrumb=back,23827-80,2026-08-10T22:45:48+00:00
Breguet,,SA4400,,,,realised,2025-04-14,40000.0,80000.0,,,,,,Christie's,christies,auction,https://www.christies.com/en/sso?ObjectID=23827.81&LotNumber=81&ldp_breadcrumb=back,23827-81,2026-08-10T22:45:48+00:00
Breguet,,8351,,60480.0,HKD,realised,2025-04-14,16000.0,32000.0,,,,,,Christie's,christies,auction,https://www.christies.com/en/sso?ObjectID=23827.82&LotNumber=82&ldp_breadcrumb=back,23827-82,2026-08-10T22:45:48+00:00
Breguet,,8611,,44100.0,HKD,realised,2025-04-14,20000.0,40000.0,,,,,,Christie's,christies,auction,https://www.christies.com/en/sso?ObjectID=23827.83&LotNumber=83&ldp_breadcrumb=back,23827-83,2026-08-10T22:45:48+00:00
Anon,,,,13860.0,HKD,realised,2025-04-14,8000.0,16000.0,,,,,,Christie's,christies,auction,https://www.christies.com/en/sso?ObjectID=23827.84&LotNumber=84&ldp_breadcrumb=back,23827-84,2026-08-10T22:45:48+00:00
Buccellati,,,,81900.0,HKD,realised,2025-04-14,24000.0,48000.0,,,,,,Christie's,christies,auction,https://www.christies.com/en/sso?ObjectID=23827.85&LotNumber=85&ldp_breadcrumb=back,23827-85,2026-08-10T22:45:48+00:00
Bulgari,,,,15120.0,HKD,realised,2025-04-14,16000.0,32000.0,,,,,,Christie's,christies,auction,https://www.christies.com/en/sso?ObjectID=23827.86&LotNumber=86&ldp_breadcrumb=back,23827-86,2026-08-10T22:45:48+00:00
Bulgari,,,,11340.0,HKD,realised,2025-04-14,8000.0,16000.0,,,,,,Christie's,christies,auction,https://www.christies.com/en/sso?ObjectID=23827.87&LotNumber=87&ldp_breadcrumb=back,23827-87,2026-08-10T22:45:48+00:00
Bulgari,,,,50400.0,HKD,realised,2025-04-14,20000.0,40000.0,,,,,,Christie's,christies,auction,https://www.christies.com/en/sso?ObjectID=23827.88&LotNumber=88&ldp_breadcrumb=back,23827-88,2026-08-10T22:45:48+00:00
Cartier,,,,107100.0,HKD,realised,2025-04-14,80000.0,160000.0,,,,,,Christie's,christies,auction,https://www.christies.com/en/sso?ObjectID=23827.89&LotNumber=89&ldp_breadcrumb=back,23827-89,2026-08-10T22:45:48+00:00
Cartier,,2999,,151200.0,HKD,realised,2025-04-14,120000.0,240000.0,,,,,,Christie's,christies,auction,https://www.christies.com/en/sso?ObjectID=23827.90&LotNumber=90&ldp_breadcrumb=back,23827-90,2026-08-10T22:45:48+00:00
Cartier,,,,25200.0,HKD,realised,2025-04-14,20000.0,40000.0,,,,,,Christie's,christies,auction,https://www.christies.com/en/sso?ObjectID=23827.91&LotNumber=91&ldp_breadcrumb=back,23827-91,2026-08-10T22:45:48+00:00
Cartier,,,,151200.0,HKD,realised,2025-04-14,60000.0,120000.0,,,,,,Christie's,christies,auction,https://www.christies.com/en/sso?ObjectID=23827.92&LotNumber=92&ldp_breadcrumb=back,23827-92,2026-08-10T22:45:48+00:00
Cartier,,,,37800.0,HKD,realised,2025-04-14,30000.0,60000.0,,,,,,Christie's,christies,auction,https://www.christies.com/en/sso?ObjectID=23827.93&LotNumber=93&ldp_breadcrumb=back,23827-93,2026-08-10T22:45:48+00:00
Cartier,,,,20160.0,HKD,realised,2025-04-14,10000.0,20000.0,,,,,,Christie's,christies,auction,https://www.christies.com/en/sso?ObjectID=23827.94&LotNumber=94&ldp_breadcrumb=back,23827-94,2026-08-10T22:45:48+00:00
Cartier,,,,13860.0,HKD,realised,2025-04-14,10000.0,20000.0,,,,,,Christie's,christies,auction,https://www.christies.com/en/sso?ObjectID=23827.95&LotNumber=95&ldp_breadcrumb=back,23827-95,2026-08-10T22:45:48+00:00
Cartier,,,,5670.0,HKD,realised,2025-04-14,10000.0,20000.0,,,,,,Christie's,christies,auction,https://www.christies.com/en/sso?ObjectID=23827.96&LotNumber=96&ldp_breadcrumb=back,23827-96,2026-08-10T22:45:48+00:00
Cartier,,,,252000.0,HKD,realised,2025-04-14,200000.0,400000.0,,,,,,Christie's,christies,auction,https://www.christies.com/en/sso?ObjectID=23827.97&LotNumber=97&ldp_breadcrumb=back,23827-97,2026-08-10T22:45:48+00:00
Cartier,,,,119700.0,HKD,realised,2025-04-14,90000.0,180000.0,,,,,,Christie's,christies,auction,https://www.christies.com/en/sso?ObjectID=23827.98&LotNumber=98&ldp_breadcrumb=back,23827-98,2026-08-10T22:45:48+00:00
Cartier,,,,32760.0,HKD,realised,2025-04-14,24000.0,48000.0,,,,,,Christie's,christies,auction,https://www.christies.com/en/sso?ObjectID=23827.99&LotNumber=99&ldp_breadcrumb=back,23827-99,2026-08-10T22:45:48+00:00
Cartier,,,,107100.0,HKD,realised,2025-04-14,30000.0,60000.0,,,,,,Christie's,christies,auction,https://www.christies.com/en/sso?ObjectID=23827.100&LotNumber=100&ldp_breadcrumb=back,23827-100,2026-08-10T22:45:48+00:00
Cartier,,,,94500.0,HKD,realised,2025-04-14,60000.0,120000.0,,,,,,Christie's,christies,auction,https://www.christies.com/en/sso?ObjectID=23827.101&LotNumber=101&ldp_breadcrumb=back,23827-101,2026-08-10T22:45:48+00:00
Cartier,,,,63000.0,HKD,realised,2025-04-14,8000.0,16000.0,,,,,,Christie's,christies,auction,https://www.christies.com/en/sso?ObjectID=23827.102&LotNumber=102&ldp_breadcrumb=back,23827-102,2026-08-10T22:45:48+00:00
Chanel,,,,56700.0,HKD,realised,2025-04-14,30000.0,60000.0,,,,,,Christie's,christies,auction,https://www.christies.com/en/sso?ObjectID=23827.103&LotNumber=103&ldp_breadcrumb=back,23827-103,2026-08-10T22:45:48+00:00
Concord,,60.55.621,,22680.0,HKD,realised,2025-04-14,24000.0,48000.0,,,,,,Christie's,christies,auction,https://www.christies.com/en/sso?ObjectID=23827.104&LotNumber=104&ldp_breadcrumb=back,23827-104,2026-08-10T22:45:48+00:00
Corum,,,,32760.0,HKD,realised,2025-04-14,20000.0,40000.0,,,,,,Christie's,christies,auction,https://www.christies.com/en/sso?ObjectID=23827.105&LotNumber=105&ldp_breadcrumb=back,23827-105,2026-08-10T22:45:48+00:00
Daniel Roth,,318.Y.60,,138600.0,HKD,realised,2025-04-14,60000.0,120000.0,,,,,,Christie's,christies,auction,https://www.christies.com/en/sso?ObjectID=23827.106&LotNumber=106&ldp_breadcrumb=back,23827-106,2026-08-10T22:45:48+00:00
Daniel Roth,,,,100800.0,HKD,realised,2025-04-14,70000.0,100000.0,,,,,,Christie's,christies,auction,https://www.christies.com/en/sso?ObjectID=23827.107&LotNumber=107&ldp_breadcrumb=back,23827-107,2026-08-10T22:45:48+00:00
Daniel Roth,,857.ST,,75600.0,HKD,realised,2025-04-14,40000.0,80000.0,,,,,,Christie's,christies,auction,https://www.christies.com/en/sso?ObjectID=23827.108&LotNumber=108&ldp_breadcrumb=back,23827-108,2026-08-10T22:45:48+00:00
Daniel Roth,,S247,,63000.0,HKD,realised,2025-04-14,40000.0,80000.0,,,,,,Christie's,christies,auction,https://www.christies.com/en/sso?ObjectID=23827.109&LotNumber=109&ldp_breadcrumb=back,23827-109,2026-08-10T22:45:48+00:00
De Beers,,,,63000.0,HKD,realised,2025-04-14,50000.0,100000.0,,,,,,Christie's,christies,auction,https://www.christies.com/en/sso?ObjectID=23827.110&LotNumber=110&ldp_breadcrumb=back,23827-110,2026-08-10T22:45:48+00:00
F.P. Journe,,,,504000.0,HKD,realised,2025-04-14,100000.0,200000.0,,,,,,Christie's,christies,auction,https://www.christies.com/en/sso?ObjectID=23827.111&LotNumber=111&ldp_breadcrumb=back,23827-111,2026-08-10T22:45:48+00:00
Franck Muller,,1752,,,,realised,2025-04-14,16000.0,32000.0,,,,,,Christie's,christies,auction,https://www.christies.com/en/sso?ObjectID=23827.112&LotNumber=112&ldp_breadcrumb=back,23827-112,2026-08-10T22:45:48+00:00
Franck Muller,,,,40320.0,HKD,realised,2025-04-14,8000.0,16000.0,,,,,,Christie's,christies,auction,https://www.christies.com/en/sso?ObjectID=23827.113&LotNumber=113&ldp_breadcrumb=back,23827-113,2026-08-10T22:45:48+00:00
Gerald Genta,,,,126000.0,HKD,realised,2025-04-14,50000.0,100000.0,,,,,,Christie's,christies,auction,https://www.christies.com/en/sso?ObjectID=23827.114&LotNumber=114&ldp_breadcrumb=back,23827-114,2026-08-10T22:45:48+00:00
Gerald Genta,,,,88200.0,HKD,realised,2025-04-14,50000.0,100000.0,,,,,,Christie's,christies,auction,https://www.christies.com/en/sso?ObjectID=23827.115&LotNumber=115&ldp_breadcrumb=back,23827-115,2026-08-10T22:45:48+00:00
Gerald Genta,,,,69300.0,HKD,realised,2025-04-14,50000.0,80000.0,,,,,,Christie's,christies,auction,https://www.christies.com/en/sso?ObjectID=23827.116&LotNumber=116&ldp_breadcrumb=back,23827-116,2026-08-10T22:45:48+00:00
Gerald Genta,,,,,,realised,2025-04-14,40000.0,80000.0,,,,,,Christie's,christies,auction,https://www.christies.com/en/sso?ObjectID=23827.117&LotNumber=117&ldp_breadcrumb=back,23827-117,2026-08-10T22:45:48+00:00
Girard-Perregaux,,8090,,12600.0,HKD,realised,2025-04-14,15000.0,30000.0,,,,,,Christie's,christies,auction,https://www.christies.com/en/sso?ObjectID=23827.118&LotNumber=118&ldp_breadcrumb=back,23827-118,2026-08-10T22:45:48+00:00
Girard-Perregaux,,,,6930.0,HKD,realised,2025-04-14,8000.0,16000.0,,,,,,Christie's,christies,auction,https://www.christies.com/en/sso?ObjectID=23827.119&LotNumber=119&ldp_breadcrumb=back,23827-119,2026-08-10T22:45:48+00:00
Glashütte,,13702130263,,94500.0,HKD,realised,2025-04-14,60000.0,120000.0,,,,,,Christie's,christies,auction,https://www.christies.com/en/sso?ObjectID=23827.120&LotNumber=120&ldp_breadcrumb=back,23827-120,2026-08-10T22:45:48+00:00
H. Moser & Cie,,321.503,,63000.0,HKD,realised,2025-04-14,20000.0,40000.0,,,,,,Christie's,christies,auction,https://www.christies.com/en/sso?ObjectID=23827.121&LotNumber=121&ldp_breadcrumb=back,23827-121,2026-08-10T22:45:48+00:00
Hautlence,,BA80-ST00,,252000.0,HKD,realised,2025-04-14,65000.0,130000.0,,,,,,Christie's,christies,auction,https://www.christies.com/en/sso?ObjectID=23827.122&LotNumber=122&ldp_breadcrumb=back,23827-122,2026-08-10T22:45:48+00:00
Hyt,,151-DL-43-NF-AS,,126000.0,HKD,realised,2025-04-14,100000.0,200000.0,,,,,,Christie's,christies,auction,https://www.christies.com/en/sso?ObjectID=23827.123&LotNumber=123&ldp_breadcrumb=back,23827-123,2026-08-10T22:45:48+00:00
Ikepod X Jeff Koons,,,,47880.0,HKD,realised,2025-04-14,50000.0,100000.0,,,,,,Christie's,christies,auction,https://www.christies.com/en/sso?ObjectID=23827.124&LotNumber=124&ldp_breadcrumb=back,23827-124,2026-08-10T22:45:48+00:00
Iwc,,IW924001,,100800.0,HKD,realised,2025-04-14,55000.0,110000.0,,,,,,Christie's,christies,auction,https://www.christies.com/en/sso?ObjectID=23827.125&LotNumber=125&ldp_breadcrumb=back,23827-125,2026-08-10T22:45:48+00:00
Iwc,,IW332801,,37800.0,HKD,realised,2025-04-14,20000.0,40000.0,,,,,,Christie's,christies,auction,https://www.christies.com/en/sso?ObjectID=23827.126&LotNumber=126&ldp_breadcrumb=back,23827-126,2026-08-10T22:45:48+00:00
Jacob & Co.,,,,35280.0,HKD,realised,2025-04-14,50000.0,100000.0,,,,,,Christie's,christies,auction,https://www.christies.com/en/sso?ObjectID=23827.127&LotNumber=127&ldp_breadcrumb=back,23827-127,2026-08-10T22:45:48+00:00
Jaeger-Lecoultre,,142.2.92.S,,63000.0,HKD,realised,2025-04-14,40000.0,80000.0,,,,,,Christie's,christies,auction,https://www.christies.com/en/sso?ObjectID=23827.128&LotNumber=128&ldp_breadcrumb=back,23827-128,2026-08-10T22:45:48+00:00
Jaeger-Lecoultre,,,,25200.0,HKD,realised,2025-04-14,12000.0,24000.0,,,,,,Christie's,christies,auction,https://www.christies.com/en/sso?ObjectID=23827.129&LotNumber=129&ldp_breadcrumb=back,23827-129,2026-08-10T22:45:48+00:00
Jaeger-Lecoultre,,,,16380.0,HKD,realised,2025-04-14,16000.0,32000.0,,,,,,Christie's,christies,auction,https://www.christies.com/en/sso?ObjectID=23827.130&LotNumber=130&ldp_breadcrumb=back,23827-130,2026-08-10T22:45:48+00:00
Lecoultre,,,,10080.0,HKD,realised,2025-04-14,8000.0,16000.0,,,,,,Christie's,christies,auction,https://www.christies.com/en/sso?ObjectID=23827.131&LotNumber=131&ldp_breadcrumb=back,23827-131,2026-08-10T22:45:48+00:00
,,,,40320.0,HKD,realised,2025-04-14,40000.0,65000.0,,,,,,Christie's,christies,auction,https://www.christies.com/en/sso?ObjectID=23827.132&LotNumber=132&ldp_breadcrumb=back,23827-132,2026-08-10T22:45:48+00:00
,,,,50400.0,HKD,realised,2025-04-14,65000.0,95000.0,,,,,,Christie's,christies,auction,https://www.christies.com/en/sso?ObjectID=23827.133&LotNumber=133&ldp_breadcrumb=back,23827-133,2026-08-10T22:45:48+00:00
Louis Vuitton,,,,94500.0,HKD,realised,2025-04-14,80000.0,160000.0,,,,,,Christie's,christies,auction,https://www.christies.com/en/sso?ObjectID=23827.134&LotNumber=134&ldp_breadcrumb=back,23827-134,2026-08-10T22:45:48+00:00
Montblanc,,,,15120.0,HKD,realised,2025-04-14,20000.0,40000.0,,,,,,Christie's,christies,auction,https://www.christies.com/en/sso?ObjectID=23827.135&LotNumber=135&ldp_breadcrumb=back,23827-135,2026-08-10T22:45:48+00:00
Montblanc,,107303,,11340.0,HKD,realised,2025-04-14,20000.0,30000.0,,,,,,Christie's,christies,auction,https://www.christies.com/en/sso?ObjectID=23827.136&LotNumber=136&ldp_breadcrumb=back,23827-136,2026-08-10T22:45:48+00:00
Montblanc,,,,9450.0,HKD,realised,2025-04-14,12000.0,24000.0,,,,,,Christie's,christies,auction,https://www.christies.com/en/sso?ObjectID=23827.137&LotNumber=137&ldp_breadcrumb=back,23827-137,2026-08-10T22:45:48+00:00
Montblanc,,,,6930.0,HKD,realised,2025-04-14,10000.0,20000.0,,,,,,Christie's,christies,auction,https://www.christies.com/en/sso?ObjectID=23827.138&LotNumber=138&ldp_breadcrumb=back,23827-138,2026-08-10T22:45:48+00:00
Movado,,,,,,realised,2025-04-14,40000.0,80000.0,,,,,,Christie's,christies,auction,https://www.christies.com/en/sso?ObjectID=23827.139&LotNumber=139&ldp_breadcrumb=back,23827-139,2026-08-10T22:45:48+00:00
Omega,,311.32.42.30.04,,138600.0,HKD,realised,2025-04-14,30000.0,60000.0,,,,,,Christie's,christies,auction,https://www.christies.com/en/sso?ObjectID=23827.140&LotNumber=140&ldp_breadcrumb=back,23827-140,2026-08-10T22:45:48+00:00
Omega,,,,35280.0,HKD,realised,2025-04-14,20000.0,40000.0,,,,,,Christie's,christies,auction,https://www.christies.com/en/sso?ObjectID=23827.141&LotNumber=141&ldp_breadcrumb=back,23827-141,2026-08-10T22:45:48+00:00
Omega,,2583.80.00,,5670.0,HKD,realised,2025-04-14,10000.0,20000.0,,,,,,Christie's,christies,auction,https://www.christies.com/en/sso?ObjectID=23827.142&LotNumber=142&ldp_breadcrumb=back,23827-142,2026-08-10T22:45:48+00:00
Omega,,,,25200.0,HKD,realised,2025-04-14,10000.0,20000.0,,,,,,Christie's,christies,auction,https://www.christies.com/en/sso?ObjectID=23827.143&LotNumber=143&ldp_breadcrumb=back,23827-143,2026-08-10T22:45:48+00:00
Omega,,,,16380.0,HKD,realised,2025-04-14,8000.0,16000.0,,,,,,Christie's,christies,auction,https://www.christies.com/en/sso?ObjectID=23827.144&LotNumber=144&ldp_breadcrumb=back,23827-144,2026-08-10T22:45:48+00:00
Omega,,5703.30.01,,35280.0,HKD,realised,2025-04-14,24000.0,48000.0,,,,,,Christie's,christies,auction,https://www.christies.com/en/sso?ObjectID=23827.145&LotNumber=145&ldp_breadcrumb=back,23827-145,2026-08-10T22:45:48+00:00
Omega,,791.7470,,23940.0,HKD,realised,2025-04-14,20000.0,40000.0,,,,,,Christie's,christies,auction,https://www.christies.com/en/sso?ObjectID=23827.146&LotNumber=146&ldp_breadcrumb=back,23827-146,2026-08-10T22:45:48+00:00
Panerai,,PAM00616,,60480.0,HKD,realised,2025-04-14,25000.0,50000.0,,,,,,Christie's,christies,auction,https://www.christies.com/en/sso?ObjectID=23827.147&LotNumber=147&ldp_breadcrumb=back,23827-147,2026-08-10T22:45:48+00:00
Panerai,,PAM00569,,44100.0,HKD,realised,2025-04-14,30000.0,60000.0,,,,,,Christie's,christies,auction,https://www.christies.com/en/sso?ObjectID=23827.148&LotNumber=148&ldp_breadcrumb=back,23827-148,2026-08-10T22:45:48+00:00
Panerai,,PAM00368,,40320.0,HKD,realised,2025-04-14,30000.0,60000.0,,,,,,Christie's,christies,auction,https://www.christies.com/en/sso?ObjectID=23827.149&LotNumber=149&ldp_breadcrumb=back,23827-149,2026-08-10T22:45:48+00:00
Panerai,,PAM00634,,27720.0,HKD,realised,2025-04-14,20000.0,40000.0,,,,,,Christie's,christies,auction,https://www.christies.com/en/sso?ObjectID=23827.150&LotNumber=150&ldp_breadcrumb=back,23827-150,2026-08-10T22:45:48+00:00
Panerai,,PAM00968,,81900.0,HKD,realised,2025-04-14,80000.0,120000.0,,,,,,Christie's,christies,auction,https://www.christies.com/en/sso?ObjectID=23827.151&LotNumber=151&ldp_breadcrumb=back,23827-151,2026-08-10T22:45:48+00:00
Panerai,,PAM00028,,63000.0,HKD,realised,2025-04-14,24000.0,48000.0,,,,,,Christie's,christies,auction,https://www.christies.com/en/sso?ObjectID=23827.152&LotNumber=152&ldp_breadcrumb=back,23827-152,2026-08-10T22:45:48+00:00
Panerai,,PAM00594,,63000.0,HKD,realised,2025-04-14,40000.0,80000.0,,,,,,Christie's,christies,auction,https://www.christies.com/en/sso?ObjectID=23827.153&LotNumber=153&ldp_breadcrumb=back,23827-153,2026-08-10T22:45:48+00:00
Piaget,,,,13860.0,HKD,realised,2025-04-14,16000.0,32000.0,,,,,,Christie's,christies,auction,https://www.christies.com/en/sso?ObjectID=23827.154&LotNumber=154&ldp_breadcrumb=back,23827-154,2026-08-10T22:45:48+00:00
Piaget,,9812,,37800.0,HKD,realised,2025-04-14,24000.0,48000.0,,,,,,Christie's,christies,auction,https://www.christies.com/en/sso?ObjectID=23827.155&LotNumber=155&ldp_breadcrumb=back,23827-155,2026-08-10T22:45:48+00:00
Ressence,,,,138600.0,HKD,realised,2025-04-14,40000.0,80000.0,,,,,,Christie's,christies,auction,https://www.christies.com/en/sso?ObjectID=23827.156&LotNumber=156&ldp_breadcrumb=back,23827-156,2026-08-10T22:45:48+00:00
Roger Dubuis,,,,,,realised,2025-04-14,80000.0,160000.0,,,,,,Christie's,christies,auction,https://www.christies.com/en/sso?ObjectID=23827.157&LotNumber=157&ldp_breadcrumb=back,23827-157,2026-08-10T22:45:48+00:00
Romain Jerome,,,,30240.0,HKD,realised,2025-04-14,20000.0,40000.0,,,,,,Christie's,christies,auction,https://www.christies.com/en/sso?ObjectID=23827.158&LotNumber=158&ldp_breadcrumb=back,23827-158,2026-08-10T22:45:48+00:00
Speake-Marin,,,,107100.0,HKD,realised,2025-04-14,80000.0,160000.0,,,,,,Christie's,christies,auction,https://www.christies.com/en/sso?ObjectID=23827.159&LotNumber=159&ldp_breadcrumb=back,23827-159,2026-08-10T22:45:48+00:00
Tag Heuer,,,,16380.0,HKD,realised,2025-04-14,24000.0,48000.0,,,,,,Christie's,christies,auction,https://www.christies.com/en/sso?ObjectID=23827.160&LotNumber=160&ldp_breadcrumb=back,23827-160,2026-08-10T22:45:48+00:00
Heuer,,1163,,40320.0,HKD,realised,2025-04-14,24000.0,48000.0,,,,,,Christie's,christies,auction,https://www.christies.com/en/sso?ObjectID=23827.161&LotNumber=161&ldp_breadcrumb=back,23827-161,2026-08-10T22:45:48+00:00
Tiffany & Co.,,,,63000.0,HKD,realised,2025-04-14,48000.0,100000.0,,,,,,Christie's,christies,auction,https://www.christies.com/en/sso?ObjectID=23827.162&LotNumber=162&ldp_breadcrumb=back,23827-162,2026-08-10T22:45:48+00:00
Tudor,,79360N,,81900.0,HKD,realised,2025-04-14,24000.0,28000.0,,,,,,Christie's,christies,auction,https://www.christies.com/en/sso?ObjectID=23827.163&LotNumber=163&ldp_breadcrumb=back,23827-163,2026-08-10T22:45:48+00:00
Ulysse Nardin,,2303-270,,126000.0,HKD,realised,2025-04-14,80000.0,120000.0,,,,,,Christie's,christies,auction,https://www.christies.com/en/sso?ObjectID=23827.164&LotNumber=164&ldp_breadcrumb=back,23827-164,2026-08-10T22:45:48+00:00
Ulysse Nardin,,,,20160.0,HKD,realised,2025-04-14,15000.0,30000.0,,,,,,Christie's,christies,auction,https://www.christies.com/en/sso?ObjectID=23827.165&LotNumber=165&ldp_breadcrumb=back,23827-165,2026-08-10T22:45:48+00:00
Vacheron Constantin,,6000E/000R-B488,,378000.0,HKD,realised,2025-04-14,220000.0,400000.0,,,,,,Christie's,christies,auction,https://www.christies.com/en/sso?ObjectID=23827.166&LotNumber=166&ldp_breadcrumb=back,23827-166,2026-08-10T22:45:48+00:00
Vacheron Constantin,,42042,,69300.0,HKD,realised,2025-04-14,45000.0,90000.0,,,,,,Christie's,christies,auction,https://www.christies.com/en/sso?ObjectID=23827.167&LotNumber=167&ldp_breadcrumb=back,23827-167,2026-08-10T22:45:48+00:00
Vacheron Constantin,,86020/000R-9239,,126000.0,HKD,realised,2025-04-14,95000.0,160000.0,,,,,,Christie's,christies,auction,https://www.christies.com/en/sso?ObjectID=23827.168&LotNumber=168&ldp_breadcrumb=back,23827-168,2026-08-10T22:45:48+00:00
F.P. Journe,,,,88200.0,CHF,realised,2025-05-13,40000.0,80000.0,,,,,,Christie's,christies,auction,https://www.christies.com/en/sso?ObjectID=23917.301&LotNumber=301&ldp_breadcrumb=back,23917-301,2026-08-10T22:45:48+00:00
Patek Philippe,,5070P,,107100.0,CHF,realised,2025-05-13,100000.0,200000.0,,,,,,Christie's,christies,auction,https://www.christies.com/en/sso?ObjectID=23917.302&LotNumber=302&ldp_breadcrumb=back,23917-302,2026-08-10T22:45:48+00:00
Patek Phillipe,,5935A-001,,47880.0,CHF,realised,2025-05-13,35000.0,55000.0,,,,,,Christie's,christies,auction,https://www.christies.com/en/sso?ObjectID=23917.303&LotNumber=303&ldp_breadcrumb=back,23917-303,2026-08-10T22:45:48+00:00
Patek Philippe,,5326G-001,,50400.0,CHF,realised,2025-05-13,40000.0,60000.0,,,,,,Christie's,christies,auction,https://www.christies.com/en/sso?ObjectID=23917.304&LotNumber=304&ldp_breadcrumb=back,23917-304,2026-08-10T22:45:48+00:00
Patek Philippe,,6119G-001,,22680.0,CHF,realised,2025-05-13,12000.0,22000.0,,,,,,Christie's,christies,auction,https://www.christies.com/en/sso?ObjectID=23917.305&LotNumber=305&ldp_breadcrumb=back,23917-305,2026-08-10T22:45:48+00:00
Audemars Piguet,,15510OR,,69300.0,CHF,realised,2025-05-13,55000.0,100000.0,,,,,,Christie's,christies,auction,https://www.christies.com/en/sso?ObjectID=23917.306&LotNumber=306&ldp_breadcrumb=back,23917-306,2026-08-10T22:45:48+00:00
Audemars Piguet,,26120OR,,25200.0,CHF,realised,2025-05-13,15000.0,25000.0,,,,,,Christie's,christies,auction,https://www.christies.com/en/sso?ObjectID=23917.307&LotNumber=307&ldp_breadcrumb=back,23917-307,2026-08-10T22:45:48+00:00
Audemars Piguet,,26320ST,,25200.0,CHF,realised,2025-05-13,20000.0,40000.0,,,,,,Christie's,christies,auction,https://www.christies.com/en/sso?ObjectID=23917.308&LotNumber=308&ldp_breadcrumb=back,23917-308,2026-08-10T22:45:48+00:00
Rolex,,126500LN,,25200.0,CHF,realised,2025-05-13,15000.0,25000.0,,,,,,Christie's,christies,auction,https://www.christies.com/en/sso?ObjectID=23917.309&LotNumber=309&ldp_breadcrumb=back,23917-309,2026-08-10T22:45:48+00:00
Rolex,,116710LN,,8820.0,CHF,realised,2025-05-13,5000.0,10000.0,,,,,,Christie's,christies,auction,https://www.christies.com/en/sso?ObjectID=23917.310&LotNumber=310&ldp_breadcrumb=back,23917-310,2026-08-10T22:45:48+00:00
Rolex,,126603,,13860.0,CHF,realised,2025-05-13,6000.0,10000.0,,,,,,Christie's,christies,auction,https://www.christies.com/en/sso?ObjectID=23917.311&LotNumber=311&ldp_breadcrumb=back,23917-311,2026-08-10T22:45:48+00:00
Rolex,,116622,,9450.0,CHF,realised,2025-05-13,6000.0,10000.0,,,,,,Christie's,christies,auction,https://www.christies.com/en/sso?ObjectID=23917.312&LotNumber=312&ldp_breadcrumb=back,23917-312,2026-08-10T22:45:48+00:00
A. Lange & Söhne,,101.021,,18900.0,CHF,realised,2025-05-13,15000.0,25000.0,,,,,,Christie's,christies,auction,https://www.christies.com/en/sso?ObjectID=23917.313&LotNumber=313&ldp_breadcrumb=back,23917-313,2026-08-10T22:45:48+00:00
Pascal Coyon,,,,18900.0,CHF,realised,2025-05-13,10000.0,20000.0,,,,,,Christie's,christies,auction,https://www.christies.com/en/sso?ObjectID=23917.314&LotNumber=314&ldp_breadcrumb=back,23917-314,2026-08-10T22:45:48+00:00
Girard-Perregaux,,81015,,30240.0,CHF,realised,2025-05-13,15000.0,30000.0,,,,,,Christie's,christies,auction,https://www.christies.com/en/sso?ObjectID=23917.315&LotNumber=315&ldp_breadcrumb=back,23917-315,2026-08-10T22:45:48+00:00
Breguet,,7067,,20160.0,CHF,realised,2025-05-13,18000.0,36000.0,,,,,,Christie's,christies,auction,https://www.christies.com/en/sso?ObjectID=23917.316&LotNumber=316&ldp_breadcrumb=back,23917-316,2026-08-10T22:45:48+00:00
Bovet,,DTR12,,21420.0,CHF,realised,2025-05-13,12000.0,18000.0,,,,,,Christie's,christies,auction,https://www.christies.com/en/sso?ObjectID=23917.317&LotNumber=317&ldp_breadcrumb=back,23917-317,2026-08-10T22:45:48+00:00
Iwc,,3770,,63000.0,CHF,realised,2025-05-13,40000.0,60000.0,,,,,,Christie's,christies,auction,https://www.christies.com/en/sso?ObjectID=23917.318&LotNumber=318&ldp_breadcrumb=back,23917-318,2026-08-10T22:45:48+00:00
Breguet,,3050,,37800.0,CHF,realised,2025-05-13,20000.0,40000.0,,,,,,Christie's,christies,auction,https://www.christies.com/en/sso?ObjectID=23917.319&LotNumber=319&ldp_breadcrumb=back,23917-319,2026-08-10T22:45:48+00:00
Breguet,,5327BA,,52920.0,CHF,realised,2025-05-13,12000.0,18000.0,,,,,,Christie's,christies,auction,https://www.christies.com/en/sso?ObjectID=23917.320&LotNumber=320&ldp_breadcrumb=back,23917-320,2026-08-10T22:45:48+00:00
Christiaan Van Der Klaauw,,CVDK7759,,6048.0,CHF,realised,2025-05-13,5000.0,10000.0,,,,,,Christie's,christies,auction,https://www.christies.com/en/sso?ObjectID=23917.321&LotNumber=321&ldp_breadcrumb=back,23917-321,2026-08-10T22:45:48+00:00
Christiaan Van Der Klaauw,,CVDK7759,,,,realised,2025-05-13,12000.0,18000.0,,,,,,Christie's,christies,auction,https://www.christies.com/en/sso?ObjectID=23917.322&LotNumber=322&ldp_breadcrumb=back,23917-322,2026-08-10T22:45:48+00:00
Ulysse Nardin,,871-99,,21420.0,CHF,realised,2025-05-13,12000.0,18000.0,,,,,,Christie's,christies,auction,https://www.christies.com/en/sso?ObjectID=23917.323&LotNumber=323&ldp_breadcrumb=back,23917-323,2026-08-10T22:45:48+00:00
Ulysse Nardin,,801-22,,,,realised,2025-05-13,15000.0,25000.0,,,,,,Christie's,christies,auction,https://www.christies.com/en/sso?ObjectID=23917.324&LotNumber=324&ldp_breadcrumb=back,23917-324,2026-08-10T22:45:48+00:00
Ulysse Nardin,,931-22,,15120.0,CHF,realised,2025-05-13,6000.0,12000.0,,,,,,Christie's,christies,auction,https://www.christies.com/en/sso?ObjectID=23917.325&LotNumber=325&ldp_breadcrumb=back,23917-325,2026-08-10T22:45:48+00:00
Rolex,,8171,,44100.0,CHF,realised,2025-05-13,30000.0,50000.0,,,,,,Christie's,christies,auction,https://www.christies.com/en/sso?ObjectID=23917.326&LotNumber=326&ldp_breadcrumb=back,23917-326,2026-08-10T22:45:48+00:00
Rolex,,16523,,15120.0,CHF,realised,2025-05-13,12000.0,18000.0,,,,,,Christie's,christies,auction,https://www.christies.com/en/sso?ObjectID=23917.327&LotNumber=327&ldp_breadcrumb=back,23917-327,2026-08-10T22:45:48+00:00
Rolex,,18038,,15120.0,CHF,realised,2025-05-13,10000.0,20000.0,,,,,,Christie's,christies,auction,https://www.christies.com/en/sso?ObjectID=23917.328&LotNumber=328&ldp_breadcrumb=back,23917-328,2026-08-10T22:45:48+00:00
Rolex,,1803,,,,realised,2025-05-13,15000.0,30000.0,,,,,,Christie's,christies,auction,https://www.christies.com/en/sso?ObjectID=23917.329&LotNumber=329&ldp_breadcrumb=back,23917-329,2026-08-10T22:45:48+00:00
Rolex,,1803,,37800.0,CHF,realised,2025-05-13,22000.0,40000.0,,,,,,Christie's,christies,auction,https://www.christies.com/en/sso?ObjectID=23917.330&LotNumber=330&ldp_breadcrumb=back,23917-330,2026-08-10T22:45:48+00:00
Rolex,,18038,,25200.0,CHF,realised,2025-05-13,20000.0,40000.0,,,,,,Christie's,christies,auction,https://www.christies.com/en/sso?ObjectID=23917.331&LotNumber=331&ldp_breadcrumb=back,23917-331,2026-08-10T22:45:48+00:00
Rolex,,1601,,,,realised,2025-05-13,15000.0,25000.0,,,,,,Christie's,christies,auction,https://www.christies.com/en/sso?ObjectID=23917.332&LotNumber=332&ldp_breadcrumb=back,23917-332,2026-08-10T22:45:48+00:00
Rolex,,118139,,27720.0,CHF,realised,2025-05-13,12000.0,18000.0,,,,,,Christie's,christies,auction,https://www.christies.com/en/sso?ObjectID=23917.333&LotNumber=333&ldp_breadcrumb=back,23917-333,2026-08-10T22:45:48+00:00
Rolex,,1803,,13860.0,CHF,realised,2025-05-13,8000.0,12000.0,,,,,,Christie's,christies,auction,https://www.christies.com/en/sso?ObjectID=23917.334&LotNumber=334&ldp_breadcrumb=back,23917-334,2026-08-10T22:45:48+00:00
Jaeger-Lecoultre,,,,4410.0,CHF,realised,2025-05-13,4000.0,6000.0,,,,,,Christie's,christies,auction,https://www.christies.com/en/sso?ObjectID=23917.335&LotNumber=335&ldp_breadcrumb=back,23917-335,2026-08-10T22:45:48+00:00
Jaeger-Lecoultre,,270.8.54,,4410.0,CHF,realised,2025-05-13,2000.0,4000.0,,,,,,Christie's,christies,auction,https://www.christies.com/en/sso?ObjectID=23917.336&LotNumber=336&ldp_breadcrumb=back,23917-336,2026-08-10T22:45:48+00:00
Jaeger-Lecoultre,,270.2.63,,9450.0,CHF,realised,2025-05-13,4000.0,8000.0,,,,,,Christie's,christies,auction,https://www.christies.com/en/sso?ObjectID=23917.337&LotNumber=337&ldp_breadcrumb=back,23917-337,2026-08-10T22:45:48+00:00
Jaeger-Lecoultre,,140.250.1,,3780.0,CHF,realised,2025-05-13,3000.0,5000.0,,,,,,Christie's,christies,auction,https://www.christies.com/en/sso?ObjectID=23917.338&LotNumber=338&ldp_breadcrumb=back,23917-338,2026-08-10T22:45:48+00:00
Jaeger-Lecoultre,,1480.8.87,,3528.0,CHF,realised,2025-05-13,3000.0,5000.0,,,,,,Christie's,christies,auction,https://www.christies.com/en/sso?ObjectID=23917.339&LotNumber=339&ldp_breadcrumb=back,23917-339,2026-08-10T22:45:48+00:00
Jaeger-Lecoultre,,140.8.93.S,,3024.0,CHF,realised,2025-05-13,3000.0,5000.0,,,,,,Christie's,christies,auction,https://www.christies.com/en/sso?ObjectID=23917.340&LotNumber=340&ldp_breadcrumb=back,23917-340,2026-08-10T22:45:48+00:00
Gerald Charles,,GC19-00A,,6048.0,CHF,realised,2025-05-13,3000.0,5000.0,,,,,,Christie's,christies,auction,https://www.christies.com/en/sso?ObjectID=23917.341&LotNumber=341&ldp_breadcrumb=back,23917-341,2026-08-10T22:45:48+00:00
Patek Philippe,,5026G,,11340.0,CHF,realised,2025-05-13,5000.0,10000.0,,,,,,Christie's,christies,auction,https://www.christies.com/en/sso?ObjectID=23917.342&LotNumber=342&ldp_breadcrumb=back,23917-342,2026-08-10T22:45:48+00:00
Patek Philippe,,5146G-001,,,,realised,2025-05-13,15000.0,30000.0,,,,,,Christie's,christies,auction,https://www.christies.com/en/sso?ObjectID=23917.343&LotNumber=343&ldp_breadcrumb=back,23917-343,2026-08-10T22:45:48+00:00
Patek Philippe,,5100J-001,,18900.0,CHF,realised,2025-05-13,12000.0,18000.0,,,,,,Christie's,christies,auction,https://www.christies.com/en/sso?ObjectID=23917.344&LotNumber=344&ldp_breadcrumb=back,23917-344,2026-08-10T22:45:48+00:00
Patek Philippe,,5500R,,12600.0,CHF,realised,2025-05-13,12000.0,18000.0,,,,,,Christie's,christies,auction,https://www.christies.com/en/sso?ObjectID=23917.345&LotNumber=345&ldp_breadcrumb=back,23917-345,2026-08-10T22:45:48+00:00
Patek Philippe,,4900R,,10710.0,CHF,realised,2025-05-13,6000.0,12000.0,,,,,,Christie's,christies,auction,https://www.christies.com/en/sso?ObjectID=23917.346&LotNumber=346&ldp_breadcrumb=back,23917-346,2026-08-10T22:45:48+00:00
Patek Philippe,,5054J,,17640.0,CHF,realised,2025-05-13,10000.0,20000.0,,,,,,Christie's,christies,auction,https://www.christies.com/en/sso?ObjectID=23917.347&LotNumber=347&ldp_breadcrumb=back,23917-347,2026-08-10T22:45:48+00:00
Patek Philippe,,5034J-001,,9450.0,CHF,realised,2025-05-13,6000.0,10000.0,,,,,,Christie's,christies,auction,https://www.christies.com/en/sso?ObjectID=23917.348&LotNumber=348&ldp_breadcrumb=back,23917-348,2026-08-10T22:45:48+00:00
Patek Philippe,,3520,,,,realised,2025-05-13,6000.0,10000.0,,,,,,Christie's,christies,auction,https://www.christies.com/en/sso?ObjectID=23917.349&LotNumber=349&ldp_breadcrumb=back,23917-349,2026-08-10T22:45:48+00:00
Audemars Piguet,,14593ST,,4788.0,CHF,realised,2025-05-13,3000.0,5000.0,,,,,,Christie's,christies,auction,https://www.christies.com/en/sso?ObjectID=23917.350&LotNumber=350&ldp_breadcrumb=back,23917-350,2026-08-10T22:45:48+00:00
Audemars Piguet,,15210BC,,15120.0,CHF,realised,2025-05-13,8000.0,16000.0,,,,,,Christie's,christies,auction,https://www.christies.com/en/sso?ObjectID=23917.351&LotNumber=351&ldp_breadcrumb=back,23917-351,2026-08-10T22:45:48+00:00
Audemars Piguet,,15710ST,,,,realised,2025-05-13,12000.0,18000.0,,,,,,Christie's,christies,auction,https://www.christies.com/en/sso?ObjectID=23917.352&LotNumber=352&ldp_breadcrumb=back,23917-352,2026-08-10T22:45:48+00:00
Audemars Piguet,,26030IO,,18900.0,CHF,realised,2025-05-13,15000.0,25000.0,,,,,,Christie's,christies,auction,https://www.christies.com/en/sso?ObjectID=23917.353&LotNumber=353&ldp_breadcrumb=back,23917-353,2026-08-10T22:45:48+00:00
Audemars Piguet,,5402ST,,44100.0,CHF,realised,2025-05-13,20000.0,40000.0,,,,,,Christie's,christies,auction,https://www.christies.com/en/sso?ObjectID=23917.354&LotNumber=354&ldp_breadcrumb=back,23917-354,2026-08-10T22:45:48+00:00
Vacheron Constantin,,44018/411A,,40320.0,CHF,realised,2025-05-13,26000.0,45000.0,,,,,,Christie's,christies,auction,https://www.christies.com/en/sso?ObjectID=23917.355&LotNumber=355&ldp_breadcrumb=back,23917-355,2026-08-10T22:45:48+00:00
Audemars Piguet,,14790ST,,,,realised,2025-05-13,15000.0,30000.0,,,,,,Christie's,christies,auction,https://www.christies.com/en/sso?ObjectID=23917.356&LotNumber=356&ldp_breadcrumb=back,23917-356,2026-08-10T22:45:48+00:00
Audemars Piguet,,4100ST,,,,realised,2025-05-13,20000.0,40000.0,,,,,,Christie's,christies,auction,https://www.christies.com/en/sso?ObjectID=23917.357&LotNumber=357&ldp_breadcrumb=back,23917-357,2026-08-10T22:45:48+00:00
Rolex,,1675,,15120.0,CHF,realised,2025-05-13,12000.0,24000.0,,,,,,Christie's,christies,auction,https://www.christies.com/en/sso?ObjectID=23917.358&LotNumber=358&ldp_breadcrumb=back,23917-358,2026-08-10T22:45:48+00:00
Rolex,,6265,,44100.0,CHF,realised,2025-05-13,30000.0,60000.0,,,,,,Christie's,christies,auction,https://www.christies.com/en/sso?ObjectID=23917.359&LotNumber=359&ldp_breadcrumb=back,23917-359,2026-08-10T22:45:48+00:00
Rolex,,6234,,,,realised,2025-05-13,20000.0,40000.0,,,,,,Christie's,christies,auction,https://www.christies.com/en/sso?ObjectID=23917.360&LotNumber=360&ldp_breadcrumb=back,23917-360,2026-08-10T22:45:48+00:00
Rolex,,6034,,,,realised,2025-05-13,20000.0,40000.0,,,,,,Christie's,christies,auction,https://www.christies.com/en/sso?ObjectID=23917.361&LotNumber=361&ldp_breadcrumb=back,23917-361,2026-08-10T22:45:48+00:00
Rolex,,6239,,37800.0,CHF,realised,2025-05-13,25000.0,45000.0,,,,,,Christie's,christies,auction,https://www.christies.com/en/sso?ObjectID=23917.362&LotNumber=362&ldp_breadcrumb=back,23917-362,2026-08-10T22:45:48+00:00
Patek Philippe,,4010,,23940.0,CHF,realised,2025-05-13,8000.0,12000.0,,,,,,Christie's,christies,auction,https://www.christies.com/en/sso?ObjectID=23917.363&LotNumber=363&ldp_breadcrumb=back,23917-363,2026-08-10T22:45:48+00:00
Piaget,,918,,,,realised,2025-05-13,8000.0,16000.0,,,,,,Christie's,christies,auction,https://www.christies.com/en/sso?ObjectID=23917.364&LotNumber=364&ldp_breadcrumb=back,23917-364,2026-08-10T22:45:48+00:00
Gübelin,,,,11340.0,CHF,realised,2025-05-13,8000.0,16000.0,,,,,,Christie's,christies,auction,https://www.christies.com/en/sso?ObjectID=23917.365&LotNumber=365&ldp_breadcrumb=back,23917-365,2026-08-10T22:45:48+00:00
Corum,,982.202.69,,8820.0,CHF,realised,2025-05-13,6000.0,12000.0,,,,,,Christie's,christies,auction,https://www.christies.com/en/sso?ObjectID=23917.366&LotNumber=366&ldp_breadcrumb=back,23917-366,2026-08-10T22:45:48+00:00
Fabergé,,,,,,realised,2025-05-13,40000.0,80000.0,,,,,,Christie's,christies,auction,https://www.christies.com/en/sso?ObjectID=23917.367&LotNumber=367&ldp_breadcrumb=back,23917-367,2026-08-10T22:45:48+00:00
Cartier,,WE9009Z3,,12600.0,CHF,realised,2025-05-13,8000.0,12000.0,,,,,,Christie's,christies,auction,https://www.christies.com/en/sso?ObjectID=23917.368&LotNumber=368&ldp_breadcrumb=back,23917-368,2026-08-10T22:45:48+00:00
Cartier,,WSBB0027,,3528.0,CHF,realised,2025-05-13,3000.0,6000.0,,,,,,Christie's,christies,auction,https://www.christies.com/en/sso?ObjectID=23917.369&LotNumber=369&ldp_breadcrumb=back,23917-369,2026-08-10T22:45:48+00:00
Cartier,,WGTA0109,,,,realised,2025-05-13,30000.0,50000.0,,,,,,Christie's,christies,auction,https://www.christies.com/en/sso?ObjectID=23917.370&LotNumber=370&ldp_breadcrumb=back,23917-370,2026-08-10T22:45:48+00:00
Cartier,,2485,,,,realised,2025-05-13,8000.0,14000.0,,,,,,Christie's,christies,auction,https://www.christies.com/en/sso?ObjectID=23917.371&LotNumber=371&ldp_breadcrumb=back,23917-371,2026-08-10T22:45:48+00:00
Cartier,,2366,,3780.0,CHF,realised,2025-05-13,3000.0,5000.0,,,,,,Christie's,christies,auction,https://www.christies.com/en/sso?ObjectID=23917.372&LotNumber=372&ldp_breadcrumb=back,23917-372,2026-08-10T22:45:48+00:00
Cartier,,WGSA0011,,10710.0,CHF,realised,2025-05-13,5000.0,8000.0,,,,,,Christie's,christies,auction,https://www.christies.com/en/sso?ObjectID=23917.373&LotNumber=373&ldp_breadcrumb=back,23917-373,2026-08-10T22:45:48+00:00
Cartier,,,,,,realised,2025-05-13,8000.0,16000.0,,,,,,Christie's,christies,auction,https://www.christies.com/en/sso?ObjectID=23917.374&LotNumber=374&ldp_breadcrumb=back,23917-374,2026-08-10T22:45:48+00:00
Cartier,,78096,,23940.0,CHF,realised,2025-05-13,6000.0,10000.0,,,,,,Christie's,christies,auction,https://www.christies.com/en/sso?ObjectID=23917.375&LotNumber=375&ldp_breadcrumb=back,23917-375,2026-08-10T22:45:48+00:00
Cartier,,,,3780.0,CHF,realised,2025-05-13,3000.0,6000.0,,,,,,Christie's,christies,auction,https://www.christies.com/en/sso?ObjectID=23917.376&LotNumber=376&ldp_breadcrumb=back,23917-376,2026-08-10T22:45:48+00:00
Cartier,,78100,,,,realised,2025-05-13,6000.0,12000.0,,,,,,Christie's,christies,auction,https://www.christies.com/en/sso?ObjectID=23917.377&LotNumber=377&ldp_breadcrumb=back,23917-377,2026-08-10T22:45:48+00:00
Omega,,311.10.39.30.01,,5040.0,CHF,realised,2025-05-13,5000.0,8000.0,,,,,,Christie's,christies,auction,https://www.christies.com/en/sso?ObjectID=23917.378&LotNumber=378&ldp_breadcrumb=back,23917-378,2026-08-10T22:45:48+00:00
Omega,,310.20.42.50.01,,10080.0,CHF,realised,2025-05-13,5000.0,10000.0,,,,,,Christie's,christies,auction,https://www.christies.com/en/sso?ObjectID=23917.379&LotNumber=379&ldp_breadcrumb=back,23917-379,2026-08-10T22:45:48+00:00
Omega,,311.30.42.30.01,,8820.0,CHF,realised,2025-05-13,5000.0,10000.0,,,,,,Christie's,christies,auction,https://www.christies.com/en/sso?ObjectID=23917.380&LotNumber=380&ldp_breadcrumb=back,23917-380,2026-08-10T22:45:48+00:00
Omega,,311.30.42.30.03,,5292.0,CHF,realised,2025-05-13,4000.0,8000.0,,,,,,Christie's,christies,auction,https://www.christies.com/en/sso?ObjectID=23917.381&LotNumber=381&ldp_breadcrumb=back,23917-381,2026-08-10T22:45:48+00:00
Omega,,311.92.44.30.01,,7560.0,CHF,realised,2025-05-13,4000.0,8000.0,,,,,,Christie's,christies,auction,https://www.christies.com/en/sso?ObjectID=23917.382&LotNumber=382&ldp_breadcrumb=back,23917-382,2026-08-10T22:45:48+00:00
Omega,,3810.80.08,,,,realised,2025-05-13,3000.0,5000.0,,,,,,Christie's,christies,auction,https://www.christies.com/en/sso?ObjectID=23917.383&LotNumber=383&ldp_breadcrumb=back,23917-383,2026-08-10T22:45:48+00:00
Tudor,,79030B,,16380.0,CHF,realised,2025-05-13,3000.0,5000.0,,,,,,Christie's,christies,auction,https://www.christies.com/en/sso?ObjectID=23917.384&LotNumber=384&ldp_breadcrumb=back,23917-384,2026-08-10T22:45:48+00:00
Breitling,,AB2010,,4410.0,CHF,realised,2025-05-13,3000.0,5000.0,,,,,,Christie's,christies,auction,https://www.christies.com/en/sso?ObjectID=23917.385&LotNumber=385&ldp_breadcrumb=back,23917-385,2026-08-10T22:45:48+00:00
Vacheron Constantin,,4000E,,15120.0,CHF,realised,2025-05-13,8000.0,12000.0,,,,,,Christie's,christies,auction,https://www.christies.com/en/sso?ObjectID=23917.386&LotNumber=386&ldp_breadcrumb=back,23917-386,2026-08-10T22:45:48+00:00
Louis Moinet,,,,6930.0,CHF,realised,2025-05-13,5000.0,10000.0,,,,,,Christie's,christies,auction,https://www.christies.com/en/sso?ObjectID=23917.387&LotNumber=387&ldp_breadcrumb=back,23917-387,2026-08-10T22:45:48+00:00
Audemars Piguet,,25898OR,,,,realised,2025-05-13,20000.0,40000.0,,,,,,Christie's,christies,auction,https://www.christies.com/en/sso?ObjectID=23917.388&LotNumber=388&ldp_breadcrumb=back,23917-388,2026-08-10T22:45:48+00:00
Audemars Piguet,,25898ST,,37800.0,CHF,realised,2025-05-13,20000.0,40000.0,,,,,,Christie's,christies,auction,https://www.christies.com/en/sso?ObjectID=23917.389&LotNumber=389&ldp_breadcrumb=back,23917-389,2026-08-10T22:45:48+00:00
Speake-Marin,,413809250,,9450.0,CHF,realised,2025-05-13,10000.0,20000.0,,,,,,Christie's,christies,auction,https://www.christies.com/en/sso?ObjectID=23917.390&LotNumber=390&ldp_breadcrumb=back,23917-390,2026-08-10T22:45:48+00:00
Harry Winston,,OCEACH44ZZ004,,10710.0,CHF,realised,2025-05-13,6000.0,12000.0,,,,,,Christie's,christies,auction,https://www.christies.com/en/sso?ObjectID=23917.391&LotNumber=391&ldp_breadcrumb=back,23917-391,2026-08-10T22:45:48+00:00
Girard-Perregaux,,81060,,7560.0,CHF,realised,2025-05-13,6000.0,10000.0,,,,,,Christie's,christies,auction,https://www.christies.com/en/sso?ObjectID=23917.392&LotNumber=392&ldp_breadcrumb=back,23917-392,2026-08-10T22:45:48+00:00
Harry Winston,,200-MCRA39W,,,,realised,2025-05-13,12000.0,18000.0,,,,,,Christie's,christies,auction,https://www.christies.com/en/sso?ObjectID=23917.393&LotNumber=393&ldp_breadcrumb=back,23917-393,2026-08-10T22:45:48+00:00
Ulysse Nardin,,1602-100,,4410.0,CHF,realised,2025-05-13,5000.0,10000.0,,,,,,Christie's,christies,auction,https://www.christies.com/en/sso?ObjectID=23917.394&LotNumber=394&ldp_breadcrumb=back,23917-394,2026-08-10T22:45:48+00:00
Audemars Piguet,,14908OR,,6930.0,CHF,realised,2025-05-13,4000.0,8000.0,,,,,,Christie's,christies,auction,https://www.christies.com/en/sso?ObjectID=23917.395&LotNumber=395&ldp_breadcrumb=back,23917-395,2026-08-10T22:45:48+00:00
Rolex,,5443,,6930.0,CHF,realised,2025-05-13,3000.0,5000.0,,,,,,Christie's,christies,auction,https://www.christies.com/en/sso?ObjectID=23917.396&LotNumber=396&ldp_breadcrumb=back,23917-396,2026-08-10T22:45:48+00:00
Omega,,5701.80.03,,,,realised,2025-05-13,8000.0,14000.0,,,,,,Christie's,christies,auction,https://www.christies.com/en/sso?ObjectID=23917.397&LotNumber=397&ldp_breadcrumb=back,23917-397,2026-08-10T22:45:48+00:00
Omega,,175.0084,,5670.0,CHF,realised,2025-05-13,4000.0,6000.0,,,,,,Christie's,christies,auction,https://www.christies.com/en/sso?ObjectID=23917.398&LotNumber=398&ldp_breadcrumb=back,23917-398,2026-08-10T22:45:48+00:00
Zenith,,18.2160.4047,,,,realised,2025-05-13,10000.0,20000.0,,,,,,Christie's,christies,auction,https://www.christies.com/en/sso?ObjectID=23917.399&LotNumber=399&ldp_breadcrumb=back,23917-399,2026-08-10T22:45:48+00:00
Zenith,,18.2180.4003,,10710.0,CHF,realised,2025-05-13,8000.0,16000.0,,,,,,Christie's,christies,auction,https://www.christies.com/en/sso?ObjectID=23917.400&LotNumber=400&ldp_breadcrumb=back,23917-400,2026-08-10T22:45:48+00:00
Gerald Genta,,AQG.Y.87,,12600.0,CHF,realised,2025-05-13,5000.0,10000.0,,,,,,Christie's,christies,auction,https://www.christies.com/en/sso?ObjectID=23917.401&LotNumber=401&ldp_breadcrumb=back,23917-401,2026-08-10T22:45:48+00:00
Gerald Genta,,OBR.Y.60,,7560.0,CHF,realised,2025-05-13,5000.0,10000.0,,,,,,Christie's,christies,auction,https://www.christies.com/en/sso?ObjectID=23917.402&LotNumber=402&ldp_breadcrumb=back,23917-402,2026-08-10T22:45:48+00:00
Montblanc,,MB129624,,,,realised,2025-05-13,4000.0,8000.0,,,,,,Christie's,christies,auction,https://www.christies.com/en/sso?ObjectID=23917.403&LotNumber=403&ldp_breadcrumb=back,23917-403,2026-08-10T22:45:48+00:00
Jaquet Droz,,J007634,,6048.0,CHF,realised,2025-05-13,5000.0,10000.0,,,,,,Christie's,christies,auction,https://www.christies.com/en/sso?ObjectID=23917.404&LotNumber=404&ldp_breadcrumb=back,23917-404,2026-08-10T22:45:48+00:00
Eberhard & Co,,31123.1,,,,realised,2025-05-13,3000.0,5000.0,,,,,,Christie's,christies,auction,https://www.christies.com/en/sso?ObjectID=23917.405&LotNumber=405&ldp_breadcrumb=back,23917-405,2026-08-10T22:45:48+00:00
Chopard,,,,4788.0,CHF,realised,2025-05-13,3000.0,6000.0,,,,,,Christie's,christies,auction,https://www.christies.com/en/sso?ObjectID=23917.406&LotNumber=406&ldp_breadcrumb=back,23917-406,2026-08-10T22:45:48+00:00
Ebel,,9134901,,2520.0,CHF,realised,2025-05-13,2000.0,4000.0,,,,,,Christie's,christies,auction,https://www.christies.com/en/sso?ObjectID=23917.407&LotNumber=407&ldp_breadcrumb=back,23917-407,2026-08-10T22:45:48+00:00
Rolex,,118238,,18900.0,CHF,realised,2025-05-13,8000.0,12000.0,,,,,,Christie's,christies,auction,https://www.christies.com/en/sso?ObjectID=23917.408&LotNumber=408&ldp_breadcrumb=back,23917-408,2026-08-10T22:45:48+00:00
Rolex,,124300,,6048.0,CHF,realised,2025-05-13,3000.0,5000.0,,,,,,Christie's,christies,auction,https://www.christies.com/en/sso?ObjectID=23917.409&LotNumber=409&ldp_breadcrumb=back,23917-409,2026-08-10T22:45:48+00:00
Rolex,,69178,,6300.0,CHF,realised,2025-05-13,3000.0,5000.0,,,,,,Christie's,christies,auction,https://www.christies.com/en/sso?ObjectID=23917.410&LotNumber=410&ldp_breadcrumb=back,23917-410,2026-08-10T22:45:48+00:00
Piaget,,8131,,18900.0,CHF,realised,2025-05-13,8000.0,12000.0,,,,,,Christie's,christies,auction,https://www.christies.com/en/sso?ObjectID=23917.411&LotNumber=411&ldp_breadcrumb=back,23917-411,2026-08-10T22:45:48+00:00
Patek Philippe,,4151,,12600.0,CHF,realised,2025-05-13,8000.0,12000.0,,,,,,Christie's,christies,auction,https://www.christies.com/en/sso?ObjectID=23917.412&LotNumber=412&ldp_breadcrumb=back,23917-412,2026-08-10T22:45:48+00:00
Omega,,5702.50.02,,,,realised,2025-05-13,3000.0,5000.0,,,,,,Christie's,christies,auction,https://www.christies.com/en/sso?ObjectID=23917.413&LotNumber=413&ldp_breadcrumb=back,23917-413,2026-08-10T22:45:48+00:00
Omega,,5290.50.07,,2772.0,CHF,realised,2025-05-13,1000.0,2000.0,,,,,,Christie's,christies,auction,https://www.christies.com/en/sso?ObjectID=23917.414&LotNumber=414&ldp_breadcrumb=back,23917-414,2026-08-10T22:45:48+00:00
Breguet,,3810,,,,realised,2025-05-13,8000.0,12000.0,,,,,,Christie's,christies,auction,https://www.christies.com/en/sso?ObjectID=23917.415&LotNumber=415&ldp_breadcrumb=back,23917-415,2026-08-10T22:45:48+00:00
Panerai,,PAM00439,,,,realised,2025-05-13,7000.0,12000.0,,,,,,Christie's,christies,auction,https://www.christies.com/en/sso?ObjectID=23917.416&LotNumber=416&ldp_breadcrumb=back,23917-416,2026-08-10T22:45:48+00:00
Panerai,,PAM00414,,,,realised,2025-05-13,3000.0,5000.0,,,,,,Christie's,christies,auction,https://www.christies.com/en/sso?ObjectID=23917.417&LotNumber=417&ldp_breadcrumb=back,23917-417,2026-08-10T22:45:48+00:00
Panerai,,PAM00335,,6300.0,CHF,realised,2025-05-13,5000.0,8000.0,,,,,,Christie's,christies,auction,https://www.christies.com/en/sso?ObjectID=23917.418&LotNumber=418&ldp_breadcrumb=back,23917-418,2026-08-10T22:45:48+00:00
Panerai,,PAM01157,,6048.0,CHF,realised,2025-05-13,5000.0,10000.0,,,,,,Christie's,christies,auction,https://www.christies.com/en/sso?ObjectID=23917.419&LotNumber=419&ldp_breadcrumb=back,23917-419,2026-08-10T22:45:48+00:00
Panerai,,PAM82,,9450.0,CHF,realised,2025-05-13,5000.0,8000.0,,,,,,Christie's,christies,auction,https://www.christies.com/en/sso?ObjectID=23917.420&LotNumber=420&ldp_breadcrumb=back,23917-420,2026-08-10T22:45:48+00:00
Panerai,,PAM00427,,10710.0,CHF,realised,2025-05-13,8000.0,16000.0,,,,,,Christie's,christies,auction,https://www.christies.com/en/sso?ObjectID=23917.421&LotNumber=421&ldp_breadcrumb=back,23917-421,2026-08-10T22:45:48+00:00
Panerai,,OP6673,,8190.0,CHF,realised,2025-05-13,4500.0,12000.0,,,,,,Christie's,christies,auction,https://www.christies.com/en/sso?ObjectID=23917.422&LotNumber=422&ldp_breadcrumb=back,23917-422,2026-08-10T22:45:48+00:00
Breitling,,J23962,,10710.0,CHF,realised,2025-05-13,8000.0,16000.0,,,,,,Christie's,christies,auction,https://www.christies.com/en/sso?ObjectID=23917.423&LotNumber=423&ldp_breadcrumb=back,23917-423,2026-08-10T22:45:48+00:00
Blancpain,,5052,,6930.0,CHF,realised,2025-05-13,5000.0,8000.0,,,,,,Christie's,christies,auction,https://www.christies.com/en/sso?ObjectID=23917.424&LotNumber=424&ldp_breadcrumb=back,23917-424,2026-08-10T22:45:48+00:00
Universal Geneve,,12482,,8190.0,CHF,realised,2025-05-13,5000.0,10000.0,,,,,,Christie's,christies,auction,https://www.christies.com/en/sso?ObjectID=23917.425&LotNumber=425&ldp_breadcrumb=back,23917-425,2026-08-10T22:45:48+00:00
Iwc,,9252,,6048.0,CHF,realised,2025-05-13,4000.0,8000.0,,,,,,Christie's,christies,auction,https://www.christies.com/en/sso?ObjectID=23917.426&LotNumber=426&ldp_breadcrumb=back,23917-426,2026-08-10T22:45:48+00:00
Patek Philippe,,1491,,10080.0,CHF,realised,2025-05-13,8000.0,12000.0,,,,,,Christie's,christies,auction,https://www.christies.com/en/sso?ObjectID=23917.427&LotNumber=427&ldp_breadcrumb=back,23917-427,2026-08-10T22:45:48+00:00
Patek Philippe,,1578,,7560.0,CHF,realised,2025-05-13,6000.0,12000.0,,,,,,Christie's,christies,auction,https://www.christies.com/en/sso?ObjectID=23917.428&LotNumber=428&ldp_breadcrumb=back,23917-428,2026-08-10T22:45:48+00:00
Omega,,166.010-63,,3528.0,CHF,realised,2025-05-13,6000.0,12000.0,,,,,,Christie's,christies,auction,https://www.christies.com/en/sso?ObjectID=23917.429&LotNumber=429&ldp_breadcrumb=back,23917-429,2026-08-10T22:45:48+00:00
Rolex,,3858,,22680.0,CHF,realised,2025-05-13,6000.0,12000.0,,,,,,Christie's,christies,auction,https://www.christies.com/en/sso?ObjectID=23917.430&LotNumber=430&ldp_breadcrumb=back,23917-430,2026-08-10T22:45:48+00:00
Rolex,,3580,,1764.0,CHF,realised,2025-05-13,3000.0,5000.0,,,,,,Christie's,christies,auction,https://www.christies.com/en/sso?ObjectID=23917.431&LotNumber=431&ldp_breadcrumb=back,23917-431,2026-08-10T22:45:48+00:00
Vacheron Constantin,,6038,,3276.0,CHF,realised,2025-05-13,3000.0,5000.0,,,,,,Christie's,christies,auction,https://www.christies.com/en/sso?ObjectID=23917.432&LotNumber=432&ldp_breadcrumb=back,23917-432,2026-08-10T22:45:48+00:00
Omega,,,,2016.0,CHF,realised,2025-05-13,4000.0,8000.0,,,,,,Christie's,christies,auction,https://www.christies.com/en/sso?ObjectID=23917.433&LotNumber=433&ldp_breadcrumb=back,23917-433,2026-08-10T22:45:48+00:00
Omega,,2782,,1260.0,CHF,realised,2025-05-13,1500.0,2500.0,,,,,,Christie's,christies,auction,https://www.christies.com/en/sso?ObjectID=23917.434&LotNumber=434&ldp_breadcrumb=back,23917-434,2026-08-10T22:45:48+00:00
Lecoultre,,,,,,realised,2025-05-13,10000.0,15000.0,,,,,,Christie's,christies,auction,https://www.christies.com/en/sso?ObjectID=23917.435&LotNumber=435&ldp_breadcrumb=back,23917-435,2026-08-10T22:45:48+00:00
Zenith,,30.0150.418,,11340.0,CHF,realised,2025-05-13,4000.0,8000.0,,,,,,Christie's,christies,auction,https://www.christies.com/en/sso?ObjectID=23917.436&LotNumber=436&ldp_breadcrumb=back,23917-436,2026-08-10T22:45:48+00:00
Zenith,,95.0100.418,,6930.0,CHF,realised,2025-05-13,4000.0,8000.0,,,,,,Christie's,christies,auction,https://www.christies.com/en/sso?ObjectID=23917.437&LotNumber=437&ldp_breadcrumb=back,23917-437,2026-08-10T22:45:48+00:00
Iwc,,3756,,6930.0,CHF,realised,2025-05-13,5000.0,10000.0,,,,,,Christie's,christies,auction,https://www.christies.com/en/sso?ObjectID=23917.438&LotNumber=438&ldp_breadcrumb=back,23917-438,2026-08-10T22:45:48+00:00
Bvlgari,,103702,,,,realised,2025-05-13,3000.0,5000.0,,,,,,Christie's,christies,auction,https://www.christies.com/en/sso?ObjectID=23917.439&LotNumber=439&ldp_breadcrumb=back,23917-439,2026-08-10T22:45:48+00:00
Heuer,,510.403,,2016.0,CHF,realised,2025-05-13,2000.0,4000.0,,,,,,Christie's,christies,auction,https://www.christies.com/en/sso?ObjectID=23917.440&LotNumber=440&ldp_breadcrumb=back,23917-440,2026-08-10T22:45:48+00:00
Wyler,,,,2520.0,CHF,realised,2025-05-13,2000.0,4000.0,,,,,,Christie's,christies,auction,https://www.christies.com/en/sso?ObjectID=23917.441&LotNumber=441&ldp_breadcrumb=back,23917-441,2026-08-10T22:45:48+00:00
Rodania,,4449H,,2520.0,CHF,realised,2025-05-13,2000.0,4000.0,,,,,,Christie's,christies,auction,https://www.christies.com/en/sso?ObjectID=23917.442&LotNumber=442&ldp_breadcrumb=back,23917-442,2026-08-10T22:45:48+00:00
Minerva,,,,,,realised,2025-05-13,1000.0,2000.0,,,,,,Christie's,christies,auction,https://www.christies.com/en/sso?ObjectID=23917.443&LotNumber=443&ldp_breadcrumb=back,23917-443,2026-08-10T22:45:48+00:00
Breitling,,789,,,,realised,2025-05-13,3000.0,5000.0,,,,,,Christie's,christies,auction,https://www.christies.com/en/sso?ObjectID=23917.444&LotNumber=444&ldp_breadcrumb=back,23917-444,2026-08-10T22:45:48+00:00
Eberhard,,11535,,3780.0,CHF,realised,2025-05-13,6000.0,8000.0,,,,,,Christie's,christies,auction,https://www.christies.com/en/sso?ObjectID=23917.445&LotNumber=445&ldp_breadcrumb=back,23917-445,2026-08-10T22:45:48+00:00
Ceh,,,,18900.0,CHF,realised,2025-05-13,3000.0,5000.0,,,,,,Christie's,christies,auction,https://www.christies.com/en/sso?ObjectID=23917.446&LotNumber=446&ldp_breadcrumb=back,23917-446,2026-08-10T22:45:48+00:00
Fortis,,037.10.47,,1134.0,CHF,realised,2025-05-13,1000.0,2000.0,,,,,,Christie's,christies,auction,https://www.christies.com/en/sso?ObjectID=23917.447&LotNumber=447&ldp_breadcrumb=back,23917-447,2026-08-10T22:45:48+00:00
Iwc,,3227-03,,2394.0,CHF,realised,2025-05-13,1000.0,2000.0,,,,,,Christie's,christies,auction,https://www.christies.com/en/sso?ObjectID=23917.448&LotNumber=448&ldp_breadcrumb=back,23917-448,2026-08-10T22:45:48+00:00
Kurono Bunkyo Tokyo,,,,2268.0,CHF,realised,2025-05-13,2000.0,4000.0,,,,,,Christie's,christies,auction,https://www.christies.com/en/sso?ObjectID=23917.449&LotNumber=449&ldp_breadcrumb=back,23917-449,2026-08-10T22:45:48+00:00
Sinn,,1010,,882.0,CHF,realised,2025-05-13,1000.0,2000.0,,,,,,Christie's,christies,auction,https://www.christies.com/en/sso?ObjectID=23917.450&LotNumber=450&ldp_breadcrumb=back,23917-450,2026-08-10T22:45:48+00:00
Tissot,,,,882.0,CHF,realised,2025-05-13,800.0,1600.0,,,,,,Christie's,christies,auction,https://www.christies.com/en/sso?ObjectID=23917.451&LotNumber=451&ldp_breadcrumb=back,23917-451,2026-08-10T22:45:48+00:00
Mellerio Dits Meller,,,,2772.0,CHF,realised,2025-05-13,2000.0,4000.0,,,,,,Christie's,christies,auction,https://www.christies.com/en/sso?ObjectID=23917.452&LotNumber=452&ldp_breadcrumb=back,23917-452,2026-08-10T22:45:48+00:00
Jean-Mairet & Gillman,,,,1134.0,CHF,realised,2025-05-13,1000.0,2000.0,,,,,,Christie's,christies,auction,https://www.christies.com/en/sso?ObjectID=23917.453&LotNumber=453&ldp_breadcrumb=back,23917-453,2026-08-10T22:45:48+00:00
Jean-Mairet & Gillman,,,,1260.0,CHF,realised,2025-05-13,1000.0,2000.0,,,,,,Christie's,christies,auction,https://www.christies.com/en/sso?ObjectID=23917.454&LotNumber=454&ldp_breadcrumb=back,23917-454,2026-08-10T22:45:48+00:00
Jean-Mairet & Gillman,,,,1386.0,CHF,realised,2025-05-13,1000.0,2000.0,,,,,,Christie's,christies,auction,https://www.christies.com/en/sso?ObjectID=23917.455&LotNumber=455&ldp_breadcrumb=back,23917-455,2026-08-10T22:45:48+00:00
Jean-Mairet & Gillman,,,,2268.0,CHF,realised,2025-05-13,1000.0,2000.0,,,,,,Christie's,christies,auction,https://www.christies.com/en/sso?ObjectID=23917.456&LotNumber=456&ldp_breadcrumb=back,23917-456,2026-08-10T22:45:48+00:00
Jean-Mairet & Gillman,,,,1134.0,CHF,realised,2025-05-13,1000.0,2000.0,,,,,,Christie's,christies,auction,https://www.christies.com/en/sso?ObjectID=23917.457&LotNumber=457&ldp_breadcrumb=back,23917-457,2026-08-10T22:45:48+00:00
Jean-Mairet & Gillman,,,,882.0,CHF,realised,2025-05-13,1000.0,2000.0,,,,,,Christie's,christies,auction,https://www.christies.com/en/sso?ObjectID=23917.458&LotNumber=458&ldp_breadcrumb=back,23917-458,2026-08-10T22:45:48+00:00
Jean-Mairet & Gillman,,,,1512.0,CHF,realised,2025-05-13,1000.0,2000.0,,,,,,Christie's,christies,auction,https://www.christies.com/en/sso?ObjectID=23917.459&LotNumber=459&ldp_breadcrumb=back,23917-459,2026-08-10T22:45:48+00:00
Jean-Mairet & Gillman,,,,1890.0,CHF,realised,2025-05-13,1000.0,2000.0,,,,,,Christie's,christies,auction,https://www.christies.com/en/sso?ObjectID=23917.460&LotNumber=460&ldp_breadcrumb=back,23917-460,2026-08-10T22:45:48+00:00
Inducta For Patek Philippe,,,,30240.0,CHF,realised,2025-05-13,10000.0,20000.0,,,,,,Christie's,christies,auction,https://www.christies.com/en/sso?ObjectID=23917.461&LotNumber=461&ldp_breadcrumb=back,23917-461,2026-08-10T22:45:48+00:00
Jaeger-Lecoultre,,516.51.01,,20160.0,CHF,realised,2025-05-13,10000.0,20000.0,,,,,,Christie's,christies,auction,https://www.christies.com/en/sso?ObjectID=23917.462&LotNumber=462&ldp_breadcrumb=back,23917-462,2026-08-10T22:45:48+00:00
Inducta For Rolex,,,,6930.0,CHF,realised,2025-05-13,2000.0,4000.0,,,,,,Christie's,christies,auction,https://www.christies.com/en/sso?ObjectID=23917.463&LotNumber=463&ldp_breadcrumb=back,23917-463,2026-08-10T22:45:48+00:00
Patek Philippe,,,,5292.0,CHF,realised,2025-05-13,1500.0,2500.0,,,,,,Christie's,christies,auction,https://www.christies.com/en/sso?ObjectID=23917.464&LotNumber=464&ldp_breadcrumb=back,23917-464,2026-08-10T22:45:48+00:00
Patek Philippe,,,,2772.0,CHF,realised,2025-05-13,1000.0,2000.0,,,,,,Christie's,christies,auction,https://www.christies.com/en/sso?ObjectID=23917.465&LotNumber=465&ldp_breadcrumb=back,23917-465,2026-08-10T22:45:48+00:00
Patek Philippe,,,,7560.0,CHF,realised,2025-05-13,2000.0,4000.0,,,,,,Christie's,christies,auction,https://www.christies.com/en/sso?ObjectID=23917.466&LotNumber=466&ldp_breadcrumb=back,23917-466,2026-08-10T22:45:48+00:00
Audemars Piguet,,,,2772.0,CHF,realised,2025-05-13,1500.0,2500.0,,,,,,Christie's,christies,auction,https://www.christies.com/en/sso?ObjectID=23917.467&LotNumber=467&ldp_breadcrumb=back,23917-467,2026-08-10T22:45:48+00:00
Zenith,,HQR1,,1386.0,CHF,realised,2025-05-13,2000.0,4000.0,,,,,,Christie's,christies,auction,https://www.christies.com/en/sso?ObjectID=23917.468&LotNumber=468&ldp_breadcrumb=back,23917-468,2026-08-10T22:45:48+00:00
Greubel Forsey,,,,302400.0,USD,realised,2025-04-22,150000.0,350000.0,,,,,,Christie's,christies,auction,https://www.christies.com/en/sso?ObjectID=23924.1&LotNumber=1&ldp_breadcrumb=back,23924-1,2026-08-10T22:45:48+00:00
Greubel Forsey,,,,176400.0,USD,realised,2025-04-22,120000.0,220000.0,,,,,,Christie's,christies,auction,https://www.christies.com/en/sso?ObjectID=23924.2&LotNumber=2&ldp_breadcrumb=back,23924-2,2026-08-10T22:45:48+00:00
Ferdinand Berthoud,,FB3,,126000.0,USD,realised,2025-04-22,80000.0,160000.0,,,,,,Christie's,christies,auction,https://www.christies.com/en/sso?ObjectID=23924.3&LotNumber=3&ldp_breadcrumb=back,23924-3,2026-08-10T22:45:48+00:00
Jaeger-Lecoultre,,Q6052445,,94500.0,USD,realised,2025-04-22,80000.0,160000.0,,,,,,Christie's,christies,auction,https://www.christies.com/en/sso?ObjectID=23924.4&LotNumber=4&ldp_breadcrumb=back,23924-4,2026-08-10T22:45:48+00:00
,,500/MMJFMW,,,,realised,2025-04-22,50000.0,100000.0,,,,,,Christie's,christies,auction,https://www.christies.com/en/sso?ObjectID=23924.5&LotNumber=5&ldp_breadcrumb=back,23924-5,2026-08-10T22:45:48+00:00
Mb&F,,,,47880.0,USD,realised,2025-04-22,40000.0,80000.0,,,,,,Christie's,christies,auction,https://www.christies.com/en/sso?ObjectID=23924.6&LotNumber=6&ldp_breadcrumb=back,23924-6,2026-08-10T22:45:48+00:00
Audemars Piguet,,26151PT,,81900.0,USD,realised,2025-04-22,60000.0,100000.0,,,,,,Christie's,christies,auction,https://www.christies.com/en/sso?ObjectID=23924.7&LotNumber=7&ldp_breadcrumb=back,23924-7,2026-08-10T22:45:48+00:00
Patek Philippe,,5050J-023,,75600.0,USD,realised,2025-04-22,60000.0,120000.0,,,,,,Christie's,christies,auction,https://www.christies.com/en/sso?ObjectID=23924.8&LotNumber=8&ldp_breadcrumb=back,23924-8,2026-08-10T22:45:48+00:00
Patek Philippe Ref.5930P-001,,5930P-001,,81900.0,USD,realised,2025-04-22,50000.0,80000.0,,,,,,Christie's,christies,auction,https://www.christies.com/en/sso?ObjectID=23924.9&LotNumber=9&ldp_breadcrumb=back,23924-9,2026-08-10T22:45:48+00:00
Patek Phillipe,,5905R-010,,52920.0,USD,realised,2025-04-22,40000.0,60000.0,,,,,,Christie's,christies,auction,https://www.christies.com/en/sso?ObjectID=23924.10&LotNumber=10&ldp_breadcrumb=back,23924-10,2026-08-10T22:45:48+00:00
Patek Philippe,,5230P-001,,47880.0,USD,realised,2025-04-22,30000.0,50000.0,,,,,,Christie's,christies,auction,https://www.christies.com/en/sso?ObjectID=23924.11&LotNumber=11&ldp_breadcrumb=back,23924-11,2026-08-10T22:45:48+00:00
Patek Philippe,,5960P-001,,37800.0,USD,realised,2025-04-22,40000.0,60000.0,,,,,,Christie's,christies,auction,https://www.christies.com/en/sso?ObjectID=23924.12&LotNumber=12&ldp_breadcrumb=back,23924-12,2026-08-10T22:45:48+00:00
Patek Philippe,,3700/11JA-050,,,,realised,2025-04-22,65000.0,95000.0,,,,,,Christie's,christies,auction,https://www.christies.com/en/sso?ObjectID=23924.13&LotNumber=13&ldp_breadcrumb=back,23924-13,2026-08-10T22:45:48+00:00
Patek Philippe,,5110P-001,,44100.0,USD,realised,2025-04-22,35000.0,55000.0,,,,,,Christie's,christies,auction,https://www.christies.com/en/sso?ObjectID=23924.14&LotNumber=14&ldp_breadcrumb=back,23924-14,2026-08-10T22:45:48+00:00
Patek Philippe,,5165A-001,,44100.0,USD,realised,2025-04-22,35000.0,55000.0,,,,,,Christie's,christies,auction,https://www.christies.com/en/sso?ObjectID=23924.15&LotNumber=15&ldp_breadcrumb=back,23924-15,2026-08-10T22:45:48+00:00
Audemars Piguet,,5402ST,,63000.0,USD,realised,2025-04-22,40000.0,60000.0,,,,,,Christie's,christies,auction,https://www.christies.com/en/sso?ObjectID=23924.16&LotNumber=16&ldp_breadcrumb=back,23924-16,2026-08-10T22:45:48+00:00
Mb&F,,,,52920.0,USD,realised,2025-04-22,30000.0,60000.0,,,,,,Christie's,christies,auction,https://www.christies.com/en/sso?ObjectID=23924.17&LotNumber=17&ldp_breadcrumb=back,23924-17,2026-08-10T22:45:48+00:00
De Bethune,,DB25LRS1V1,,,,realised,2025-04-22,35000.0,55000.0,,,,,,Christie's,christies,auction,https://www.christies.com/en/sso?ObjectID=23924.18&LotNumber=18&ldp_breadcrumb=back,23924-18,2026-08-10T22:45:48+00:00
H. Moser & Cie,,1804-1206,,40320.0,USD,realised,2025-04-22,30000.0,50000.0,,,,,,Christie's,christies,auction,https://www.christies.com/en/sso?ObjectID=23924.19&LotNumber=19&ldp_breadcrumb=back,23924-19,2026-08-10T22:45:48+00:00
Christophe Claret,,OR006DTC07,,30240.0,USD,realised,2025-04-22,25000.0,50000.0,,,,,,Christie's,christies,auction,https://www.christies.com/en/sso?ObjectID=23924.20&LotNumber=20&ldp_breadcrumb=back,23924-20,2026-08-10T22:45:48+00:00
Rolex,,18038,,35280.0,USD,realised,2025-04-22,30000.0,50000.0,,,,,,Christie's,christies,auction,https://www.christies.com/en/sso?ObjectID=23924.21&LotNumber=21&ldp_breadcrumb=back,23924-21,2026-08-10T22:45:48+00:00
Rolex,,19018,,20160.0,USD,realised,2025-04-22,15000.0,25000.0,,,,,,Christie's,christies,auction,https://www.christies.com/en/sso?ObjectID=23924.22&LotNumber=22&ldp_breadcrumb=back,23924-22,2026-08-10T22:45:48+00:00
Rolex,,18038,,16380.0,USD,realised,2025-04-22,20000.0,30000.0,,,,,,Christie's,christies,auction,https://www.christies.com/en/sso?ObjectID=23924.23&LotNumber=23&ldp_breadcrumb=back,23924-23,2026-08-10T22:45:48+00:00
Rolex,,18238,,20160.0,USD,realised,2025-04-22,20000.0,30000.0,,,,,,Christie's,christies,auction,https://www.christies.com/en/sso?ObjectID=23924.24&LotNumber=24&ldp_breadcrumb=back,23924-24,2026-08-10T22:45:48+00:00
Rolex,,116610LN,,40320.0,USD,realised,2025-04-22,25000.0,35000.0,,,,,,Christie's,christies,auction,https://www.christies.com/en/sso?ObjectID=23924.25&LotNumber=25&ldp_breadcrumb=back,23924-25,2026-08-10T22:45:48+00:00
Rolex,,16618,,21420.0,USD,realised,2025-04-22,15000.0,25000.0,,,,,,Christie's,christies,auction,https://www.christies.com/en/sso?ObjectID=23924.26&LotNumber=26&ldp_breadcrumb=back,23924-26,2026-08-10T22:45:48+00:00
Rolex,,16610,,,,realised,2025-04-22,12000.0,18000.0,,,,,,Christie's,christies,auction,https://www.christies.com/en/sso?ObjectID=23924.27&LotNumber=27&ldp_breadcrumb=back,23924-27,2026-08-10T22:45:48+00:00
Rolex,,16550,,,,realised,2025-04-22,15000.0,30000.0,,,,,,Christie's,christies,auction,https://www.christies.com/en/sso?ObjectID=23924.28&LotNumber=28&ldp_breadcrumb=back,23924-28,2026-08-10T22:45:48+00:00
Harry Winston,,450-MMMR42W,,,,realised,2025-04-22,50000.0,100000.0,,,,,,Christie's,christies,auction,https://www.christies.com/en/sso?ObjectID=23924.29&LotNumber=29&ldp_breadcrumb=back,23924-29,2026-08-10T22:45:48+00:00
,,8510,,18900.0,USD,realised,2025-04-22,15000.0,30000.0,,,,,,Christie's,christies,auction,https://www.christies.com/en/sso?ObjectID=23924.30&LotNumber=30&ldp_breadcrumb=back,23924-30,2026-08-10T22:45:48+00:00
Girard-Perregaux,,9906,,47880.0,USD,realised,2025-04-22,50000.0,80000.0,,,,,,Christie's,christies,auction,https://www.christies.com/en/sso?ObjectID=23924.31&LotNumber=31&ldp_breadcrumb=back,23924-31,2026-08-10T22:45:48+00:00
Cartier,,W1556205,,32760.0,USD,realised,2025-04-22,30000.0,50000.0,,,,,,Christie's,christies,auction,https://www.christies.com/en/sso?ObjectID=23924.32&LotNumber=32&ldp_breadcrumb=back,23924-32,2026-08-10T22:45:48+00:00
Patek Philippe,,5080,,,,realised,2025-04-22,20000.0,30000.0,,,,,,Christie's,christies,auction,https://www.christies.com/en/sso?ObjectID=23924.33&LotNumber=33&ldp_breadcrumb=back,23924-33,2026-08-10T22:45:48+00:00
Patek Philippe,,5065/1A-001,,44100.0,USD,realised,2025-04-22,30000.0,40000.0,,,,,,Christie's,christies,auction,https://www.christies.com/en/sso?ObjectID=23924.34&LotNumber=34&ldp_breadcrumb=back,23924-34,2026-08-10T22:45:48+00:00
Patek Philippe,,3738/100G-12,,21420.0,USD,realised,2025-04-22,15000.0,25000.0,,,,,,Christie's,christies,auction,https://www.christies.com/en/sso?ObjectID=23924.35&LotNumber=35&ldp_breadcrumb=back,23924-35,2026-08-10T22:45:48+00:00
Patek Philippe,,5146G-001,,20160.0,USD,realised,2025-04-22,22000.0,32000.0,,,,,,Christie's,christies,auction,https://www.christies.com/en/sso?ObjectID=23924.36&LotNumber=36&ldp_breadcrumb=back,23924-36,2026-08-10T22:45:48+00:00
Patek Philippe,,5524G-001,,30240.0,USD,realised,2025-04-22,25000.0,35000.0,,,,,,Christie's,christies,auction,https://www.christies.com/en/sso?ObjectID=23924.37&LotNumber=37&ldp_breadcrumb=back,23924-37,2026-08-10T22:45:48+00:00
Patek Philippe,,5235G-001,,30240.0,USD,realised,2025-04-22,20000.0,40000.0,,,,,,Christie's,christies,auction,https://www.christies.com/en/sso?ObjectID=23924.38&LotNumber=38&ldp_breadcrumb=back,23924-38,2026-08-10T22:45:48+00:00
Patek Philippe,,5109P-001,,18900.0,USD,realised,2025-04-22,12000.0,22000.0,,,,,,Christie's,christies,auction,https://www.christies.com/en/sso?ObjectID=23924.40&LotNumber=40&ldp_breadcrumb=back,23924-40,2026-08-10T22:45:48+00:00
Patek Philippe,,6000R-001,,21420.0,USD,realised,2025-04-22,10000.0,20000.0,,,,,,Christie's,christies,auction,https://www.christies.com/en/sso?ObjectID=23924.41&LotNumber=41&ldp_breadcrumb=back,23924-41,2026-08-10T22:45:48+00:00
Patek Philippe,,6000G,,16380.0,USD,realised,2025-04-22,10000.0,15000.0,,,,,,Christie's,christies,auction,https://www.christies.com/en/sso?ObjectID=23924.42&LotNumber=42&ldp_breadcrumb=back,23924-42,2026-08-10T22:45:48+00:00
Patek Philippe,,6007G-010,,25200.0,USD,realised,2025-04-22,15000.0,35000.0,,,,,,Christie's,christies,auction,https://www.christies.com/en/sso?ObjectID=23924.43&LotNumber=43&ldp_breadcrumb=back,23924-43,2026-08-10T22:45:48+00:00
Patek Philippe Ref. 4404⁄3,,4404,,32760.0,USD,realised,2025-04-22,25000.0,35000.0,,,,,,Christie's,christies,auction,https://www.christies.com/en/sso?ObjectID=23924.44&LotNumber=44&ldp_breadcrumb=back,23924-44,2026-08-10T22:45:48+00:00
Patek Philippe,,7118/1A-001,,50400.0,USD,realised,2025-04-22,30000.0,50000.0,,,,,,Christie's,christies,auction,https://www.christies.com/en/sso?ObjectID=23924.45&LotNumber=45&ldp_breadcrumb=back,23924-45,2026-08-10T22:45:48+00:00
A. Lange & Söhne,,819.049,,30240.0,USD,realised,2025-04-22,25000.0,35000.0,,,,,,Christie's,christies,auction,https://www.christies.com/en/sso?ObjectID=23924.46&LotNumber=46&ldp_breadcrumb=back,23924-46,2026-08-10T22:45:48+00:00
Cartier,,2333,,10080.0,USD,realised,2025-04-22,8000.0,12000.0,,,,,,Christie's,christies,auction,https://www.christies.com/en/sso?ObjectID=23924.47&LotNumber=47&ldp_breadcrumb=back,23924-47,2026-08-10T22:45:48+00:00
Harry Winston,,400/UQMP36R,,13860.0,USD,realised,2025-04-22,10000.0,15000.0,,,,,,Christie's,christies,auction,https://www.christies.com/en/sso?ObjectID=23924.48&LotNumber=48&ldp_breadcrumb=back,23924-48,2026-08-10T22:45:48+00:00
Vacheron Constantin,,86060,,18900.0,USD,realised,2025-04-22,15000.0,30000.0,,,,,,Christie's,christies,auction,https://www.christies.com/en/sso?ObjectID=23924.49&LotNumber=49&ldp_breadcrumb=back,23924-49,2026-08-10T22:45:48+00:00
Vacheron Constantin,,4000U/000R-B516,,25200.0,USD,realised,2025-04-22,15000.0,30000.0,,,,,,Christie's,christies,auction,https://www.christies.com/en/sso?ObjectID=23924.50&LotNumber=50&ldp_breadcrumb=back,23924-50,2026-08-10T22:45:48+00:00
Vacheron Constantin,,4600E/000A-B487,,10080.0,USD,realised,2025-04-22,12000.0,18000.0,,,,,,Christie's,christies,auction,https://www.christies.com/en/sso?ObjectID=23924.51&LotNumber=51&ldp_breadcrumb=back,23924-51,2026-08-10T22:45:48+00:00
Vacheron Constantin,,43031,,,,realised,2025-04-22,20000.0,30000.0,,,,,,Christie's,christies,auction,https://www.christies.com/en/sso?ObjectID=23924.52&LotNumber=52&ldp_breadcrumb=back,23924-52,2026-08-10T22:45:48+00:00
Bovet,,D505,,,,realised,2025-04-22,40000.0,80000.0,,,,,,Christie's,christies,auction,https://www.christies.com/en/sso?ObjectID=23924.53&LotNumber=53&ldp_breadcrumb=back,23924-53,2026-08-10T22:45:48+00:00
